unit,cycle,actual_RUL,ANN_prediction,CNN_prediction,LSTM_prediction,CNNLSTM_prediction,ensemble_prediction,disagreement_score,ensemble_abs_error,health_status
91,30,105,109.08159,92.9751,135.04788,91.23796,107.08563249999999,20.298825768123262,2.0856324999999885,Warning
91,31,104,112.64161,103.795105,147.22919,93.39576,114.26541624999999,23.34107321328483,10.265416249999987,Warning
91,32,103,92.25355,89.84101,138.60426,90.62495,102.8309425,23.87003753885804,0.16905749999999387,Warning
91,33,102,88.24707,93.38443,137.75513,86.82952,101.55403749999999,24.297794032596702,0.44596250000000737,Warning
91,34,101,93.23449,95.940346,142.88762,96.916145,107.24465025,23.8129600435417,6.2446502500000065,Warning
91,35,100,89.52124,91.62409,141.3344,84.74896,101.80717250000001,26.50800906725031,1.8071725000000072,Warning
91,36,99,116.64288,98.37593,139.95767,85.27572,110.06305,23.720476177040236,11.063050000000004,Warning
91,37,98,89.01968,98.52189,138.41106,91.61741,104.39251,23.030798260197866,6.3925100000000015,Warning
91,38,97,119.12916,117.03954,131.35129,108.449356,118.9923365,9.446874338092067,21.992336499999993,Healthy
91,39,96,89.3286,92.75765,123.142235,100.85917,101.52191375,15.202705236424961,5.521913749999996,Warning
91,40,95,110.91676,117.83285,132.96259,100.45597,115.5420425,13.634589541332923,20.542042499999994,Healthy
91,41,94,115.49179,132.32495,123.93815,97.148674,117.22589099999999,15.045904784047297,23.22589099999999,Warning
91,42,93,82.6949,68.57569,121.290855,108.300995,95.21561,23.927663341264996,2.215609999999998,Warning
91,43,92,89.1646,92.57807,118.91175,107.35473,102.0022875,13.76227523085815,10.002287499999994,Healthy
91,44,91,85.94976,95.68999,119.35195,112.18566,103.29433999999999,15.226763768152882,12.294339999999991,Warning
91,45,90,75.47734,86.00321,114.99451,107.54217,96.0043075,18.395003017218883,6.004307499999996,Warning
91,46,89,101.11021,89.06817,115.22497,127.51492,108.2295675,16.720295876090983,19.2295675,Warning
91,47,88,92.019394,87.93816,112.84999,105.98577,99.6983285,11.687111405735054,11.698328500000002,Healthy
91,48,87,115.43512,110.57288,117.31737,120.17315,115.87463,4.035694694456791,28.874629999999996,Healthy
91,49,86,97.50235,98.55349,117.787926,118.85744,108.17530149999999,11.733169264583019,22.17530149999999,Healthy
91,50,85,97.98864,102.317215,117.33762,123.42885,110.26808125000001,12.071801353654978,25.26808125000001,Healthy
91,51,84,103.11405,109.58925,118.09179,116.474335,111.81735625,6.874299166791928,27.817356250000003,Healthy
91,52,83,65.656204,87.78495,113.03619,112.79705,94.81859850000001,22.767102162212822,11.818598500000007,Warning
91,53,82,85.27026,90.123024,111.4602,98.826515,96.41999974999999,11.488654393174176,14.419999749999988,Healthy
91,54,81,77.67462,72.49687,105.38711,89.54877,86.2768425,14.603580697065077,5.276842500000001,Healthy
91,55,80,97.21824,89.42303,103.32264,90.535095,95.12475125,6.459170349449401,15.124751250000003,Healthy
91,56,79,56.256386,60.81565,93.733315,87.98885,74.69855025,18.901522673302637,4.301449750000003,Warning
91,57,78,90.69394,81.37418,93.3516,84.72126,87.535245,5.467619015729489,9.535245000000003,Healthy
91,58,77,91.623436,97.04366,97.51726,99.12644,96.327699,3.260403711428592,19.327698999999996,Healthy
91,59,76,47.650433,56.153286,94.7436,76.30055,68.71196725,21.107196177982324,7.288032749999999,Warning
91,60,75,79.7139,88.68852,99.504524,84.54232,88.112316,8.433913226056497,13.112316000000007,Healthy
91,61,74,93.667786,82.19523,98.45481,70.962,86.3199565,12.303461090051409,12.319956500000004,Healthy
91,62,73,102.31792,96.53509,102.06696,84.694725,96.40367375,8.24960344331711,23.403673749999996,Healthy
91,63,72,92.01876,92.29887,102.25131,74.773705,90.33566125,11.414087457445127,18.33566125,Healthy
91,64,71,66.27677,76.95407,96.55631,69.37551,77.290665,13.604336749790486,6.290665000000004,Healthy
91,65,70,63.17497,61.773163,91.94915,59.00749,68.97619325000001,15.412869322989874,1.0238067499999914,Warning
91,66,69,70.21366,87.70547,92.626915,60.28445,77.70762375,15.080546599841451,8.707623749999996,Warning
91,67,68,68.3877,68.47391,87.631294,57.73804,70.55773599999999,12.448592629307566,2.5577359999999913,Healthy
91,68,67,62.656128,65.62817,88.353035,64.34809,70.24635575,12.132333785362936,3.2463557500000064,Healthy
91,69,66,71.06545,87.7084,85.73872,56.89428,75.35171249999999,14.37157508751998,9.35171249999999,Healthy
91,70,65,70.10115,89.21105,80.277504,65.20682,76.199131,10.707620896457687,11.199130999999994,Healthy
91,71,64,59.08902,62.327663,77.25129,49.67786,62.08645825000001,11.445352016280038,1.9135417499999932,Healthy
91,72,63,89.11876,92.34251,78.91003,53.454166,78.4563665,17.62410713449873,15.456366500000001,Warning
91,73,62,72.70199,86.249306,77.31803,50.817898,71.771806,15.058664279571147,9.771805999999998,Warning
91,74,61,69.68451,75.235146,75.89828,62.406696,70.806158,6.254457005271681,9.806157999999996,Healthy
91,75,60,49.400936,58.092304,71.43072,48.573986,56.874486499999996,10.61632828549775,3.125513500000004,Warning
91,76,59,51.533092,67.0469,68.91035,47.46101,58.737837999999996,10.825829088744007,0.26216200000000356,Warning
91,77,58,55.47996,62.121613,67.9051,46.87458,58.095313250000004,9.040426484174052,0.09531325000000379,Warning
91,78,57,36.567165,45.63881,65.439285,46.40116,48.511605,12.137035968555775,8.488394999999997,Warning
91,79,56,57.107494,69.8816,64.15924,41.888115,58.25911225,12.099993175183487,2.259112250000001,Warning
91,80,55,39.290398,64.26844,59.284336,38.471622,50.328699,13.378517321604063,4.671301,Warning
91,81,54,74.12292,80.24863,59.2369,48.61561,65.556015,14.331472740842097,11.556015000000002,Healthy
91,82,53,55.65656,60.41543,56.046722,42.0885,53.55180300000001,7.940850376597961,0.5518030000000067,Warning
91,83,52,58.117474,57.396477,55.287865,40.80463,52.901611499999994,8.153531027712285,0.9016114999999942,Warning
91,84,51,43.118923,60.079716,53.740463,46.87527,50.953593,7.507053081586185,0.046407000000002085,Warning
91,85,50,36.197243,57.91157,53.65238,41.54032,47.32537825,10.155469790716342,2.67462175,Warning
91,86,49,48.400692,60.682518,51.812798,48.879498,52.4438765,5.695776471239809,3.443876500000002,Warning
91,87,48,39.205154,45.80562,50.75364,48.005512,45.9424815,4.926582786898406,2.0575185000000005,Warning
91,88,47,35.776997,44.815342,48.110043,40.83884,42.3853055,5.314727763774326,4.614694499999999,Warning
91,89,46,35.50233,43.084694,44.879242,41.088978,41.138811,4.06405733664852,4.861189000000003,Warning
91,90,45,58.869297,77.129486,49.855354,42.8771,57.182809250000005,14.821820309779529,12.182809250000005,Warning
91,91,44,53.353252,67.99812,55.276833,42.362476,54.74767025,10.507011478998658,10.747670249999999,Warning
91,92,43,35.53983,50.927353,56.33784,42.06767,46.21817325,9.23467597052809,3.2181732499999995,Warning
91,93,42,28.750444,39.121643,55.199852,41.08977,41.04042724999999,10.881439323318993,0.9595727500000066,Warning
91,94,41,30.43694,38.334583,50.482037,39.468494,39.680513499999996,8.24566637998743,1.3194865000000036,Warning
91,95,40,40.435432,49.26959,49.313766,38.89003,44.4772045,5.594989715781403,4.477204499999999,Warning
91,96,39,36.658176,60.851402,49.251755,43.0542,47.453883250000004,10.305829405633862,8.453883250000004,Warning
91,97,38,28.432796,42.597366,48.484406,39.07432,39.647222,8.423988324653036,1.6472219999999993,Warning
91,98,37,31.237568,37.593063,46.78749,42.702797,39.5802295,6.714260031436102,2.5802295000000015,Warning
91,99,36,21.135574,32.228706,40.87755,37.785053,33.00672075,8.685463800421536,2.9932792500000005,Warning
91,100,35,30.746155,41.57021,38.38465,36.732082,36.85827425,4.542616267178227,1.858274250000001,Warning
91,101,34,27.596514,37.130417,37.73337,33.634758,34.023764750000005,4.650209234295405,0.023764750000005108,Warning
91,102,33,32.93475,40.6161,39.023712,34.16959,36.686037999999996,3.7110097120940027,3.6860379999999964,Warning
91,103,32,45.49899,62.998734,41.145836,37.75323,46.8491975,11.223421145364231,14.849197500000002,Warning
91,104,31,29.847996,33.00476,38.931557,34.88988,34.16854825,3.795969207899029,3.1685482500000006,Warning
91,105,30,31.039875,28.149292,37.98828,30.564278,31.93543125,4.229023159180962,1.9354312500000006,Warning
91,106,29,22.54984,28.082253,36.00584,31.723656,29.590397250000002,5.702415980451173,0.5903972500000023,Critical
91,107,28,30.646,33.38469,33.760292,34.942814,33.183448999999996,1.8172560283346602,5.183448999999996,Warning
91,108,27,26.210697,35.730423,32.456436,30.419504,31.204265,3.98353317428762,4.2042649999999995,Warning
91,109,26,25.930206,26.010769,29.606434,29.444986,27.748098749999997,2.0539299688923798,1.748098749999997,Critical
91,110,25,31.407011,32.969704,34.189682,31.010292,32.39417225,1.4656857254592177,7.394172249999997,Warning
91,111,24,26.831472,30.56986,32.520916,27.062654,29.246225499999998,2.7733628877685055,5.246225499999998,Critical
91,112,23,15.369537,19.223719,30.08786,23.118248,21.949841,6.2802513233497805,1.0501590000000007,Critical
91,113,22,19.274006,18.13095,26.145517,19.134912,20.67134625,3.684804313484086,1.3286537500000009,Critical
91,114,21,15.288855,18.558224,22.859629,20.179914,19.2216555,3.165447396894422,1.7783444999999993,Critical
91,115,20,24.772276,41.370705,24.834003,22.063911,28.26022375,8.835228320703335,8.260223750000002,Critical
91,116,19,16.60707,22.14296,24.379656,19.865479,20.748791249999996,3.319687775477826,1.7487912499999965,Critical
91,117,18,24.874699,31.876423,25.383602,20.24474,25.594865999999996,4.783481282696037,7.594865999999996,Critical
91,118,17,22.822647,24.167274,22.323517,20.171366,22.371201,1.6604446696920276,5.371200999999999,Critical
91,119,16,17.074207,20.863686,20.355213,19.87638,19.5423715,1.694105564318528,3.5423715000000016,Critical
91,120,15,21.378456,22.163054,21.343893,18.65334,20.88468575,1.5349060337024705,5.884685749999999,Critical
91,121,14,13.078688,16.721998,19.74176,13.567758,15.777550999999999,3.096986692852048,1.777550999999999,Critical
91,122,13,7.4173856,10.500227,17.76953,14.17033,12.46436815,4.486458566452262,0.5356318499999997,Critical
91,123,12,14.640638,15.7543125,16.503004,13.513097,15.102762875,1.3071328823309165,3.102762875,Critical
91,124,11,10.1193495,10.150549,14.247809,10.516285,11.258498125,2.0010056374852447,0.25849812499999913,Critical
91,125,10,17.554073,12.2407,13.087562,10.895896,13.44455775,2.8844705899956025,3.4445577499999995,Critical
91,126,9,6.908609,4.4028144,10.210883,8.684128,7.5516086,2.49550889435572,1.4483914000000002,Critical
91,127,8,6.3436375,6.0955124,9.129371,8.867865,7.609096475000001,1.6112165176656954,0.3909035249999988,Critical
91,128,7,4.1948786,9.629795,8.126717,7.025943,7.2443334,2.296076131626789,0.24433340000000037,Critical
91,129,6,13.13867,7.2596407,7.56354,7.2204723,8.79558075,2.899449781687411,2.795580749999999,Critical
91,130,5,7.364394,10.613445,7.2648015,5.972451,7.803772875,1.9775018920109946,2.803772875,Critical
91,131,4,9.351548,8.481022,6.875856,5.5581636,7.566647399999999,1.6865300663573435,3.566647399999999,Critical
91,132,3,7.2837076,7.0280495,6.026467,5.492688,6.457728025,0.8415852431967119,3.4577280249999998,Critical
91,133,2,7.44828,5.8424916,5.417403,5.9043026,6.1531193,0.8901533633998805,4.1531193,Critical
91,134,1,8.259834,4.935211,4.9549217,3.964988,5.528738675,1.878451389628246,4.528738675,Critical
91,135,0,6.30608,2.4451146,3.8616383,3.7803116,4.0982861250000004,1.6087717755257214,4.0982861250000004,Critical
92,30,311,160.01508,157.02745,124.40523,151.16441,148.1530425,16.253102010413016,162.8469575,Warning
92,31,310,154.16148,149.07198,125.372246,146.08188,143.6718965,12.64749636229594,166.3281035,Healthy
92,32,309,156.47696,163.92023,113.7697,143.66638,144.45831750000002,22.103033085722835,164.54168249999998,Warning
92,33,308,164.5731,157.34695,119.3783,145.22166,146.63000250000002,19.844784615931005,161.36999749999998,Warning
92,34,307,164.96306,162.9656,123.10452,150.63817,150.41783750000002,19.279312752250583,156.58216249999998,Warning
92,35,306,168.82004,162.49748,121.0021,153.15201,151.3679075,21.242328808991065,154.6320925,Warning
92,36,305,159.27477,165.5606,126.328896,155.6643,151.7071415,17.405954551796604,153.2928585,Warning
92,37,304,150.92744,139.20609,126.56064,154.04471,142.68472,12.504380943250782,161.31528,Healthy
92,38,303,154.67757,153.73067,124.45525,151.34854,146.05300749999998,14.466459751988102,156.94699250000002,Healthy
92,39,302,157.50066,153.57579,124.116295,151.71591,146.72716375,15.265548114819083,155.27283625,Warning
92,40,301,162.33228,150.96413,122.69655,149.63448,146.40686,16.802619271905197,154.59314,Warning
92,41,300,173.39003,161.90292,124.06219,154.56837,153.4808775,21.086701712218805,146.5191225,Warning
92,42,299,167.52422,138.52745,121.679054,148.0493,143.945006,19.130665553639904,155.054994,Warning
92,43,298,162.01881,154.18063,116.7081,150.87042,145.94449,20.04369437137276,152.05551,Warning
92,44,297,164.5681,159.10161,124.70901,139.6702,147.01223000000002,18.309384725968624,149.98776999999998,Warning
92,45,296,161.83841,140.82922,134.25662,145.04547,145.49243,11.766899751169245,150.50757,Healthy
92,46,295,152.06657,146.39586,132.01706,136.19296,141.6681125,9.194194256142941,153.3318875,Healthy
92,47,294,153.22261,139.07176,127.25648,140.36328,139.9785325,10.61801104482811,154.0214675,Healthy
92,48,293,156.44618,148.48311,127.12964,125.150665,139.30239875,15.563229295579147,153.69760125,Warning
92,49,292,153.35959,145.49263,127.5968,133.45943,139.9771125,11.622735766580872,152.0228875,Healthy
92,50,291,155.06978,132.13264,126.66644,133.52515,136.8485025,12.502978064499612,154.1514975,Healthy
92,51,290,149.91734,151.98949,115.87966,115.13261,133.22977500000002,20.485243502424694,156.77022499999998,Warning
92,52,289,155.39272,150.57306,102.62352,102.013985,127.65082124999999,29.318112469568582,161.34917875000002,Warning
92,53,288,131.20627,147.30405,97.03593,88.893715,116.10999125,27.72190733506155,171.89000875,Warning
92,54,287,174.42284,160.99821,101.86613,99.527084,134.20356600000002,39.08840884936025,152.79643399999998,Warning
92,55,286,167.19899,168.94615,104.46235,93.89787,133.62634,40.01458670584849,152.37366,Warning
92,56,285,160.11644,139.60086,113.316666,102.23553,128.817374,26.094581057671423,156.182626,Warning
92,57,284,158.27452,148.57613,116.53446,103.3079,131.6732525,25.994300408575945,152.3267475,Warning
92,58,283,159.25676,162.1325,123.15525,101.45076,136.49881750000003,29.333864124901076,146.50118249999997,Warning
92,59,282,140.56126,141.88834,122.068184,97.48263,125.5001035,20.75387211642771,156.4998965,Warning
92,60,281,166.58264,157.48827,125.66064,98.15171,136.97081500000002,31.265897881660674,144.02918499999998,Warning
92,61,280,137.86122,138.96425,126.81147,96.24833,124.9713175,19.91940359346028,155.0286825,Warning
92,62,279,161.44972,167.55302,132.55615,106.28239,141.96032,28.26172976614489,137.03968,Warning
92,63,278,161.68584,158.82878,138.33733,119.30222,144.5385425,19.778504402120287,133.4614575,Warning
92,64,277,150.48068,155.14609,141.19603,130.09259,144.2288475,11.065010189880452,132.7711525,Healthy
92,65,276,165.04016,147.45393,142.51814,130.6649,146.4192825,14.27383451261871,129.5807175,Healthy
92,66,275,163.19127,165.91652,146.74174,139.30573,153.788815,12.844044090120779,121.211185,Healthy
92,67,274,157.50447,126.723274,151.50464,136.60127,143.0834135,14.006620757752941,130.9165865,Healthy
92,68,273,166.44707,158.40904,152.89937,143.47067,155.30653750000002,9.65434618874965,117.69346249999998,Healthy
92,69,272,157.75838,149.18011,152.14168,141.67639,150.18914,6.69803107220323,121.81085999999999,Healthy
92,70,271,154.08272,147.19814,151.06273,145.27481,149.4046,3.939451442650356,121.59540000000001,Healthy
92,71,270,155.51067,152.06453,148.686,158.4014,153.66565,4.210776897430367,116.33435,Healthy
92,72,269,167.91985,159.81017,144.21341,149.60887,155.388075,10.565236345895594,113.61192500000001,Healthy
92,73,268,155.33728,144.32083,140.42491,145.40137,146.3710975,6.348058565532057,121.62890250000001,Healthy
92,74,267,147.91637,140.52711,139.93222,145.75546,143.53279,3.9223399535056465,123.46721,Healthy
92,75,266,175.08156,172.23744,144.99776,157.95764,162.56859999999998,13.905107039434585,103.43140000000002,Healthy
92,76,265,161.74524,152.1904,144.07004,168.48605,156.62293250000002,10.711272028778449,108.37706749999998,Healthy
92,77,264,150.74553,141.9889,141.55789,167.55423,150.4616375,12.155949347408383,113.5383625,Healthy
92,78,263,160.01169,157.59578,149.69757,171.31119,159.6540575,8.932800768931601,103.3459425,Healthy
92,79,262,149.72069,155.09785,148.15448,167.85129,155.2060775,8.939194887107659,106.79392250000001,Healthy
92,80,261,153.30841,148.98549,152.15097,173.34514,156.9475025,11.083409175860925,104.05249749999999,Healthy
92,81,260,163.84732,142.88239,151.89777,171.30788,157.48384,12.596355025421714,102.51616000000001,Healthy
92,82,259,171.47453,155.34113,149.52213,173.99225,162.58251,12.003628570794751,96.41748999999999,Healthy
92,83,258,146.98544,153.86798,148.45676,173.40216,155.678085,12.180981440594188,102.32191499999999,Healthy
92,84,257,157.12968,151.18231,148.45515,170.81056,156.894425,9.959313539799489,100.10557499999999,Healthy
92,85,256,166.12752,156.15483,147.92809,175.77875,161.4972975,12.083931439117475,94.5027025,Healthy
92,86,255,162.47481,157.37254,147.38683,170.22374,159.36448000000001,9.5747864195953,95.63551999999999,Healthy
92,87,254,150.76659,154.19598,144.5229,172.14107,155.406635,11.853167023352881,98.593365,Healthy
92,88,253,148.78357,140.29973,143.37271,165.37523,149.45781,11.176131267577931,103.54219,Healthy
92,89,252,158.9619,160.85469,138.77927,167.86154,156.61435,12.491074624448185,95.38565,Healthy
92,90,251,138.62692,138.82304,139.81522,151.05315,142.07958250000001,6.004947920997448,108.92041749999999,Healthy
92,91,250,148.0996,153.79678,136.9446,158.16484,149.25145500000002,9.181391714511474,100.74854499999998,Healthy
92,92,249,142.81389,145.47179,132.53934,149.32277,142.5369475,7.180750665811912,106.4630525,Healthy
92,93,248,155.3106,139.39354,131.3247,164.57565,147.65112249999999,15.053758855781663,100.34887750000001,Warning
92,94,247,157.63385,155.5096,138.7261,161.80344,153.4182475,10.137647839301364,93.5817525,Healthy
92,95,246,157.29877,155.69817,147.84186,173.9347,158.693375,10.969192338072721,87.306625,Healthy
92,96,245,142.22829,148.11195,152.10199,166.07497,152.1293,10.14316777651506,92.8707,Healthy
92,97,244,145.49242,128.29153,154.29979,171.42603,149.8774425,17.972931697778886,94.1225575,Warning
92,98,243,156.42601,151.71362,146.2519,158.44426,153.2089475,5.428151998334701,89.7910525,Healthy
92,99,242,157.82048,156.42415,137.14842,160.71573,153.027195,10.73567185151292,88.972805,Healthy
92,100,241,149.5118,135.8519,128.94865,133.4564,136.9421875,8.854965490086622,104.05781250000001,Healthy
92,101,240,152.17764,146.03363,123.2205,148.25014,142.4204775,13.049664004666615,97.5795225,Healthy
92,102,239,141.99297,151.7318,124.71162,129.5904,137.0066975,12.218318984476754,101.9933025,Healthy
92,103,238,127.188614,132.39215,124.89723,114.35087,124.70721599999999,7.582997525400092,113.29278400000001,Healthy
92,104,237,157.01202,134.23387,121.41042,111.83824,131.1236375,19.546142378192133,105.8763625,Warning
92,105,236,139.22536,138.3233,111.56634,106.198586,123.8283965,17.400545588857707,112.1716035,Warning
92,106,235,158.80428,149.96207,110.40204,118.51476,134.4207875,23.5654274347109,100.57921250000001,Warning
92,107,234,151.88698,157.35329,111.823006,105.000656,131.515983,26.91604144263983,102.484017,Warning
92,108,233,148.50162,143.51518,111.06006,126.621185,132.42451125,17.04498686671166,100.57548875,Warning
92,109,232,160.49196,143.84471,103.78463,99.32553,126.86170750000001,30.056662236412052,105.13829249999999,Warning
92,110,231,169.51253,160.45897,109.320915,123.17571,140.61703125,28.938434423497636,90.38296875,Warning
92,111,230,140.54118,130.43942,110.5393,117.87185,124.8479375,13.3034511891423,105.1520625,Healthy
92,112,229,136.47333,137.96419,110.451256,135.58185,130.1176565,13.147717074801326,98.88234349999999,Healthy
92,113,228,153.13936,145.74702,113.120575,120.648,133.16373875000002,19.28502476800431,94.83626124999998,Warning
92,114,227,158.66022,142.16534,122.09965,136.996,139.9803025,15.081307435812446,87.0196975,Warning
92,115,226,153.5512,149.77104,139.99678,136.8146,145.033405,7.914424891169702,80.96659500000001,Healthy
92,116,225,140.29037,122.957016,152.27713,138.98631,138.6277065,12.038415579767783,86.37229350000001,Healthy
92,117,224,147.2996,145.0047,158.8221,143.42142,148.636955,6.974256920712054,75.363045,Healthy
92,118,223,120.71239,132.54456,153.93358,142.38673,137.394315,14.145414328067599,85.605685,Healthy
92,119,222,162.42409,156.21907,143.02582,146.39247,152.01536249999998,8.91518478665613,69.98463750000002,Healthy
92,120,221,164.20592,159.44867,149.63011,158.98196,158.066665,6.099552305431927,62.933335,Healthy
92,121,220,128.7924,130.58012,136.91548,164.14645,140.1086125,16.399822778581832,79.89138750000001,Warning
92,122,219,159.43701,157.42728,140.81023,166.16449,155.95975249999998,10.768621950006343,63.04024750000002,Healthy
92,123,218,129.1082,125.72952,152.62279,171.20137,144.66547,21.35471675179202,73.33453,Warning
92,124,217,148.81093,146.92043,155.86989,172.6449,156.0615375,11.707202854315442,60.938462500000014,Healthy
92,125,216,136.03273,129.3335,160.10522,174.56404,150.0088725,21.037237389827563,65.9911275,Warning
92,126,215,158.31761,153.42978,162.79793,176.97786,162.880795,10.14689525744862,52.119204999999994,Healthy
92,127,214,140.46922,141.29631,163.87671,176.35104,155.49832,17.63145187102299,58.50167999999999,Warning
92,128,213,144.82942,141.11848,164.26604,177.44891,156.91571249999998,17.04181655991985,56.084287500000016,Warning
92,129,212,146.57991,153.20761,164.51663,177.14626,160.36260249999998,13.417695204128455,51.63739750000002,Healthy
92,130,211,146.79582,142.43124,164.52234,177.92215,157.9178875,16.404531358311488,53.082112499999994,Warning
92,131,210,132.12288,137.44987,164.56007,176.7695,152.72558,21.41637851287809,57.27441999999999,Warning
92,132,209,144.579,149.1024,164.57547,177.1824,158.8598175,14.916821128150094,50.14018250000001,Healthy
92,133,208,132.15251,117.62028,164.37833,174.82361,147.2436825,26.829946011601013,60.756317499999994,Warning
92,134,207,134.9527,144.71358,164.29774,174.03333,154.4993375,17.845799150381538,52.500662500000004,Warning
92,135,206,135.88493,137.97696,164.37643,170.88425,152.2806425,17.942658746710084,53.7193575,Warning
92,136,205,139.96745,144.93054,164.30092,171.00433,155.05081,14.94441868128923,49.94918999999999,Healthy
92,137,204,132.16335,131.78163,164.00836,173.7388,150.423035,21.672594288364124,53.576965,Warning
92,138,203,157.49788,149.24727,164.1956,176.4877,161.8571125,11.511351647347572,41.1428875,Healthy
92,139,202,140.25322,149.93153,164.34734,177.44742,157.9948775,16.315015305757196,44.0051225,Warning
92,140,201,133.20787,143.64178,164.24762,176.37451,154.367945,19.53369969068583,46.63205500000001,Warning
92,141,200,144.54817,146.8014,164.37668,176.3718,158.0245125,15.105661763289014,41.975487500000014,Warning
92,142,199,145.38231,137.00418,164.20807,178.42487,156.2548575,18.65086161252857,42.745142499999986,Warning
92,143,198,145.0283,140.32188,164.15207,176.54544,156.5119225,16.86915073063723,41.4880775,Warning
92,144,197,134.16489,137.2816,164.37424,174.11905,152.484945,19.800302599877092,44.51505499999999,Warning
92,145,196,132.81987,139.82858,164.52614,166.9266,151.02529750000002,17.24266261958861,44.97470249999998,Warning
92,146,195,145.19089,136.11314,164.5789,156.19966,150.5206475,12.46151721233916,44.479352500000005,Healthy
92,147,194,123.23889,128.1161,164.26576,149.93579,141.389135,19.165856227076493,52.61086499999999,Warning
92,148,193,127.73797,125.57723,163.65622,145.95235,140.7309425,17.80715007753416,52.2690575,Warning
92,149,192,121.28776,134.92494,162.94226,138.74438,139.47483499999998,17.346708066223016,52.525165000000015,Warning
92,150,191,137.8773,145.82481,164.07156,156.81348,151.14678750000002,11.598331648552954,39.853212499999984,Healthy
92,151,190,115.445076,107.48501,163.06664,147.2728,133.3173815,26.245652389232692,56.68261849999999,Warning
92,152,189,129.86945,131.91695,163.61383,164.46368,147.4659775,19.157984122329392,41.53402249999999,Warning
92,153,188,146.31868,131.37178,162.88478,150.28912,147.71609,12.984591686318058,40.28390999999999,Healthy
92,154,187,132.71494,147.89397,163.29767,164.56409,152.1176675,14.991234594024988,34.88233249999999,Healthy
92,155,186,134.43262,149.98479,163.81494,163.23308,152.8663575,13.849747333763597,33.13364250000001,Healthy
92,156,185,135.72314,142.72997,164.20688,171.18231,153.460575,16.924395081346336,31.539424999999994,Warning
92,157,184,132.92613,141.45753,164.27525,170.67746,152.3340925,18.01886968243453,31.665907500000003,Warning
92,158,183,141.38103,124.32484,164.29446,171.87326,150.46839749999998,21.72091150430597,32.53160250000002,Warning
92,159,182,134.9622,137.94095,163.9531,173.44801,152.576065,19.057018346492903,29.423935,Warning
92,160,181,112.172874,110.103325,162.34276,171.61826,139.05930475,32.47323912140175,41.940695250000005,Warning
92,161,180,130.45515,130.59248,163.73831,157.64871,145.6086625,17.59508965817334,34.39133749999999,Warning
92,162,179,134.26918,140.39381,163.7392,154.62067,148.255715,13.387602118284663,30.74428499999999,Healthy
92,163,178,120.93429,131.57312,162.961,131.1401,136.6521275,18.215249584194336,41.347872499999994,Warning
92,164,177,128.88863,135.06836,157.4403,140.65315,140.51261,12.265442094635915,36.487390000000005,Healthy
92,165,176,125.89007,125.89456,156.0794,129.14316,134.25179749999998,14.632205500425819,41.74820250000002,Healthy
92,166,175,119.742546,131.60847,163.2324,139.30411,138.47188150000002,18.36364439460885,36.52811849999998,Warning
92,167,174,106.69911,111.46286,163.15889,123.49384,126.203675,25.630390841908103,47.796324999999996,Warning
92,168,173,127.2565,134.50789,163.12444,141.05797,141.48669999999998,15.487392536905618,31.513300000000015,Warning
92,169,172,117.008255,121.675575,162.49359,134.91394,134.02284,20.43957534192716,37.97716,Warning
92,170,171,143.42644,149.404,163.08475,144.87343,150.197155,8.961097946585564,20.80284499999999,Healthy
92,171,170,130.16005,134.03857,163.20164,152.0373,144.85939,15.503991625154681,25.14061000000001,Warning
92,172,169,123.599106,127.92174,161.64667,161.05887,143.5565965,20.626281792391207,25.443403499999988,Warning
92,173,168,123.207825,134.99681,163.64288,164.73834,146.64646375,20.826892635376247,21.35353624999999,Warning
92,174,167,138.62386,147.64374,163.64395,167.86118,154.4431825,13.676989948679914,12.556817499999994,Healthy
92,175,166,135.38567,134.89085,164.14355,169.5297,150.9874425,18.43379209496041,15.012557500000014,Warning
92,176,165,133.28917,135.5442,164.26065,173.46968,151.640925,20.261979758744374,13.35907499999999,Warning
92,177,164,134.08453,136.60704,162.57253,171.74136,151.251365,18.77201064244406,12.748635000000007,Warning
92,178,163,123.61024,112.56779,157.93582,167.73616,140.4625025,26.5284938302804,22.5374975,Warning
92,179,162,133.18803,135.91673,153.67596,155.85213,144.6582125,11.755880257012867,17.34178750000001,Healthy
92,180,161,136.97789,115.76154,152.28925,163.12967,142.0395875,20.54266879135941,18.96041249999999,Warning
92,181,160,116.63048,120.22988,132.0204,139.53284,127.1034,10.576628294347868,32.89660000000001,Healthy
92,182,159,135.52878,135.82402,129.91046,160.2218,140.371265,13.5104808586951,18.628735000000006,Healthy
92,183,158,100.98442,101.045616,104.79151,156.89217,115.928429,27.367137040086913,42.071571000000006,Warning
92,184,157,117.0666,124.01104,111.38065,158.03513,127.623355,20.922041169995026,29.376644999999996,Warning
92,185,156,118.27354,125.91427,130.62457,163.9486,134.690245,20.15859610496475,21.309754999999996,Warning
92,186,155,129.57178,124.1962,139.50777,170.2714,140.8867875,20.590954703952534,14.113212500000003,Warning
92,187,154,141.80858,141.02373,151.19034,177.1205,152.7857875,16.867807270204334,1.2142125000000021,Warning
92,188,153,124.57165,132.30183,159.7131,175.14197,147.93213749999998,23.588026276670362,5.067862500000018,Warning
92,189,152,104.64479,126.11356,157.36382,171.12442,139.8116475,30.071658576858677,12.188352500000008,Warning
92,190,151,102.8496,91.70869,155.1411,164.74448,128.61096750000002,36.67380898412506,22.389032499999985,Warning
92,191,150,111.81888,118.32573,154.54442,161.84717,136.63405,25.215537650574372,13.365949999999998,Warning
92,192,149,138.84935,122.6034,156.14851,164.54291,145.5360425,18.659255319398248,3.4639574999999923,Warning
92,193,148,102.472496,111.00329,151.4454,158.74295,130.91603400000002,28.292191796795528,17.083965999999975,Warning
92,194,147,111.47266,122.525024,141.03714,153.9564,132.247806,18.926653399912265,14.752194000000003,Warning
92,195,146,112.56873,99.806786,130.56667,154.92654,124.4671815,23.907352666125025,21.532818500000005,Warning
92,196,145,99.30759,84.511375,103.732,144.9242,108.11879125000002,25.876819872841278,36.881208749999985,Warning
92,197,144,95.15541,93.94842,80.50326,130.39081,99.999475,21.321474892274686,44.000524999999996,Warning
92,198,143,113.73831,117.61574,82.27226,125.39605,109.75559,18.95258499098386,33.24441,Warning
92,199,142,108.08637,105.178505,77.50582,124.61585,103.84663625000002,19.53584787979582,38.15336374999998,Warning
92,200,141,107.58282,95.90221,78.11197,128.78406,102.595265,21.252116817861545,38.404735,Warning
92,201,140,104.4344,98.07586,84.66677,131.13394,104.5777425,19.52753162990546,35.4222575,Warning
92,202,139,104.57033,112.91594,84.98747,120.78801,105.8154375,15.383428160284202,33.1845625,Warning
92,203,138,107.67839,109.62559,84.30345,126.67631,107.070935,17.4128723062557,30.929064999999994,Warning
92,204,137,103.32298,102.513306,93.39682,125.80231,106.25885400000001,13.784376143606355,30.741145999999986,Healthy
92,205,136,89.39499,83.35679,88.70768,117.787415,94.81171875,15.55311598204058,41.18828125,Warning
92,206,135,93.48629,96.83967,90.796974,105.60215,96.681271,6.440497577838011,38.318729000000005,Healthy
92,207,134,110.90279,122.11775,91.80898,118.26646,110.773995,13.47227017962575,23.226005,Healthy
92,208,133,96.63648,102.68122,90.9535,98.554726,97.20648150000001,4.87220703666921,35.79351849999999,Healthy
92,209,132,109.67053,100.01707,97.87116,106.98058,103.63483500000001,5.595587453190236,28.36516499999999,Healthy
92,210,131,107.922104,113.21525,102.371025,103.0958,106.65104475,5.022041964311952,24.348955250000003,Healthy
92,211,130,114.29245,122.78266,109.38459,97.243324,110.925756,10.669347668735144,19.074243999999993,Healthy
92,212,129,110.769135,107.99595,113.08448,92.467545,106.07927749999999,9.309860732222313,22.92072250000001,Healthy
92,213,128,101.90609,113.96734,110.14568,90.15275,104.04296499999998,10.539460090910728,23.95703500000002,Healthy
92,214,127,85.9247,109.777275,108.82925,81.59922,96.53261125,14.856675241699929,30.467388749999998,Healthy
92,215,126,99.53943,105.57927,109.7916,82.44584,99.339035,12.022435185913873,26.660965000000004,Healthy
92,216,125,98.17218,103.78512,111.39357,84.52845,99.46983,11.339106890147916,25.53017,Healthy
92,217,124,88.01474,115.75576,104.05881,78.60584,96.60878749999999,16.533533220763537,27.39121250000001,Warning
92,218,123,91.18251,90.565895,100.41407,77.04872,89.80279875,9.62204970059946,33.197201250000006,Healthy
92,219,122,86.5852,106.408226,92.442604,71.43537,89.21785,14.480509962875292,32.78215,Healthy
92,220,121,103.4584,122.404015,92.99363,74.73974,98.39894625,19.923327048823687,22.601053750000005,Warning
92,221,120,87.640045,87.28173,86.963,72.47581,83.59014625,7.414716968423201,36.409853749999996,Healthy
92,222,119,100.859116,121.00862,92.22338,84.335556,99.606668,15.78323983228724,19.393332,Warning
92,223,118,97.08958,81.63586,86.06198,85.12786,87.47882,6.684343344622568,30.52118,Healthy
92,224,117,75.33172,78.98919,78.333305,83.95862,79.15320875,3.5774710740791313,37.846791249999995,Healthy
92,225,116,92.51521,109.39817,75.91834,81.954994,89.9466785,14.669914540300802,26.053321499999996,Healthy
92,226,115,86.69734,99.6188,72.573555,78.638016,84.38192774999999,11.689790403667077,30.61807225000001,Healthy
92,227,114,97.75573,115.37409,71.416245,74.47569,89.75543875,20.73737930418659,24.244561250000004,Warning
92,228,113,78.90927,115.06987,67.03191,72.16436,83.2938525,21.735195950657808,29.7061475,Warning
92,229,112,65.85932,105.90111,63.0362,66.01126,75.2019725,20.51176423225686,36.7980275,Warning
92,230,111,101.338486,110.02136,67.77842,66.454994,86.398315,22.55137473194138,24.601685000000003,Warning
92,231,110,94.884964,109.37998,70.02419,66.5118,85.2002335,20.47782531308527,24.799766500000004,Warning
92,232,109,87.75742,98.44381,76.19062,77.575264,84.9917785,10.34522438381348,24.008221500000005,Healthy
92,233,108,61.03406,77.629,70.99839,72.2945,70.48898750000001,6.925672020944372,37.51101249999999,Healthy
92,234,107,82.15933,84.456505,67.50848,75.03361,77.28948125000001,7.655903970793145,29.71051874999999,Healthy
92,235,106,82.44264,113.701805,67.04018,67.75288,82.73437625,21.831321377386267,23.265623750000003,Warning
92,236,105,64.14017,64.12979,61.39649,67.43105,64.27437499999999,2.4688549932509196,40.72562500000001,Healthy
92,237,104,86.88426,90.177345,61.578903,61.879356,75.129966,15.532729058455311,28.870034000000004,Warning
92,238,103,61.830265,86.13387,59.15636,60.549652,66.91753675,12.857340551444103,36.08246325,Healthy
92,239,102,92.35849,125.24787,64.06386,57.712116,84.84558399999999,30.859323867673186,17.154416000000012,Warning
92,240,101,79.61364,88.15314,69.58638,63.653194,75.2515885,10.833510768627542,25.748411500000003,Healthy
92,241,100,81.293106,88.816444,75.907486,62.206528,77.055891,11.226264047192014,22.944108999999997,Healthy
92,242,99,76.53619,118.69236,76.84258,68.43693,85.127015,22.712885180928314,13.872985,Warning
92,243,98,87.5052,106.8633,79.0239,62.60683,83.99980749999999,18.41599130864871,14.000192500000011,Warning
92,244,97,77.84704,98.583824,78.86159,70.01521,81.32691600000001,12.164743258183357,15.673083999999989,Healthy
92,245,96,73.10832,77.35015,76.45946,64.26683,72.79619,5.972311275684372,23.203810000000004,Healthy
92,246,95,55.24013,77.22678,72.91386,70.08715,68.86698,9.54713481497285,26.133020000000002,Healthy
92,247,94,67.31762,78.48502,69.59245,63.531925,69.73175375,6.3483592071854495,24.268246250000004,Healthy
92,248,93,72.126816,80.67787,69.91167,72.107346,73.7059255,4.762822277500702,19.294074499999994,Healthy
92,249,92,77.98282,89.72492,72.35321,65.79163,76.463145,10.148183521460052,15.536855000000003,Healthy
92,250,91,70.832596,81.62675,74.62506,68.333374,73.854445,5.7912683946637,17.145555,Healthy
92,251,90,65.35727,105.67382,70.404915,61.748997,75.79625050000001,20.232262210584473,14.203749499999986,Warning
92,252,89,75.275444,73.70556,73.357765,67.27171,72.40261975,3.5208573661207736,16.59738025,Healthy
92,253,88,65.227135,79.16747,73.53393,63.920826,70.46234025,7.1975164755912076,17.537659750000003,Healthy
92,254,87,52.82929,70.51729,69.91665,63.493153,64.18909575,8.213412671588605,22.810904249999993,Healthy
92,255,86,68.51679,91.26862,70.41516,59.98167,72.54556000000001,13.281238641640318,13.454439999999991,Healthy
92,256,85,69.890015,98.595795,71.8545,60.581047,75.23033925,16.334642528157723,9.76966075,Warning
92,257,84,62.134766,98.32789,71.6195,57.685776,72.441983,18.209347661845513,11.558017000000007,Warning
92,258,83,63.806713,98.2555,70.5534,56.86298,72.36964825,18.139796937855145,10.630351750000003,Warning
92,259,82,61.99496,66.95071,63.882477,55.91091,62.18476425,4.6545225418230505,19.81523575,Healthy
92,260,81,57.96028,60.69862,58.14007,55.458443,58.064353249999996,2.1406146943348405,22.935646750000004,Warning
92,261,80,48.69621,53.956787,58.692856,55.152462,54.12457875,4.140090271392752,25.875421250000002,Warning
92,262,79,61.14825,104.74795,62.504097,54.587925,70.7470555,22.92932443528529,8.252944499999998,Warning
92,263,78,62.309166,81.5881,60.38853,52.27332,64.139779,12.418799833766705,13.860220999999996,Healthy
92,264,77,61.67391,78.577805,60.71779,52.278152,63.31191425,11.018225330906919,13.688085749999999,Healthy
92,265,76,52.687847,52.25635,60.42794,50.593327,53.991366,4.385035013414526,22.008634,Warning
92,266,75,43.626354,64.917015,56.12893,48.58361,53.31397725,9.287641655563426,21.68602275,Warning
92,267,74,58.189896,54.572754,54.61375,45.470333,53.21168325000001,5.432292660114413,20.788316749999993,Warning
92,268,73,56.65991,66.04569,52.788307,44.391407,54.9713285,8.985045203567404,18.0286715,Warning
92,269,72,54.673847,69.755974,49.187332,44.721638,54.584697750000004,10.902401498659712,17.415302249999996,Warning
92,270,71,53.14614,51.24395,47.372368,43.817356,48.8949535,4.150928980024071,22.1050465,Warning
92,271,70,51.621857,55.535805,45.459393,45.652645,49.567425,4.90046528499924,20.432575,Warning
92,272,69,51.702,51.05097,45.18041,45.45528,48.347165000000004,3.5098345373393296,20.652834999999996,Warning
92,273,68,55.6902,53.69634,45.714973,44.333054,49.858641750000004,5.66971810509931,18.141358249999996,Warning
92,274,67,46.28014,43.905205,42.914917,49.104572,45.5512085,2.757842978960729,21.4487915,Warning
92,275,66,34.61808,45.186035,41.91223,44.371273,41.5219045,4.8083226421339145,24.478095500000002,Warning
92,276,65,45.328053,44.82186,42.144947,43.43486,43.93243,1.4354465812907595,21.067570000000003,Warning
92,277,64,30.575432,38.38986,40.578228,40.90746,37.612745000000004,4.822755724607665,26.387254999999996,Warning
92,278,63,38.054764,37.044132,41.39594,42.714725,39.80239025,2.6884494034768314,23.197609749999998,Warning
92,279,62,30.680958,40.52003,42.960487,40.57124,38.683178749999996,5.454958007648539,23.316821250000004,Warning
92,280,61,52.682613,40.077347,44.776253,43.77651,45.32818075,5.303182539683278,15.671819249999999,Warning
92,281,60,49.46958,62.320625,45.910034,47.90095,51.40029725,7.424501083063891,8.599702749999999,Warning
92,282,59,42.101658,69.61158,50.097576,50.383648,53.0486155,11.690143390077003,5.951384500000003,Warning
92,283,58,39.75971,35.48414,48.045666,49.721264,43.252694999999996,6.766740892356084,14.747305000000004,Warning
92,284,57,32.14808,40.290257,48.217903,49.313175,42.49235375,7.982454640228713,14.50764625,Warning
92,285,56,36.828854,39.277065,48.65615,47.929276,43.17283625,6.003154537323431,12.827163749999997,Warning
92,286,55,40.97122,46.257965,49.137447,47.2005,45.891783000000004,3.492520793594887,9.108216999999996,Warning
92,287,54,30.013117,28.155819,48.531948,43.449245,37.53753225,10.007645305498837,16.462467750000002,Warning
92,288,53,26.076452,24.802546,45.335968,42.28713,34.625524,10.692541731288527,18.374476,Warning
92,289,52,39.63612,40.778713,45.92072,40.138485,41.6185095,2.906006079256833,10.381490499999998,Warning
92,290,51,22.87629,24.039862,42.25151,35.233303,31.100241250000003,9.29005424240079,19.899758749999997,Warning
92,291,50,34.952644,32.95204,41.66371,34.13029,35.924671000000004,3.9131293260668003,14.075328999999996,Warning
92,292,49,36.845608,37.636932,41.226883,34.71264,37.60551575,2.71179384870266,11.394484249999998,Warning
92,293,48,36.279163,39.85636,39.912292,32.070015,37.02945750000001,3.7175764617302782,10.970542499999993,Warning
92,294,47,27.152187,33.51483,39.74919,29.32197,32.43454425,5.545643224731666,14.565455749999998,Warning
92,295,46,40.65489,33.24729,40.12005,29.623627,35.91146425,5.380427603134556,10.088535749999998,Warning
92,296,45,34.385765,35.48359,36.98025,28.140306,33.74747775,3.8864159930232525,11.252522249999998,Warning
92,297,44,30.051762,27.106699,36.817215,28.294575,30.567562749999997,4.338519519657397,13.432437250000003,Warning
92,298,43,34.141014,34.704506,37.958675,26.38461,33.29720125,4.905975333813205,9.70279875,Warning
92,299,42,27.542377,22.401611,36.431404,25.297274,27.9181665,6.053040353432673,14.081833499999998,Critical
92,300,41,26.584202,28.965115,34.826862,21.415398,27.94789425,5.56441369084964,13.052105749999999,Critical
92,301,40,24.45205,22.381493,36.313683,21.173439,26.080166249999998,6.955376426722058,13.919833750000002,Critical
92,302,39,21.547882,21.433846,34.145493,19.01091,24.03453275,6.841425442003998,14.96546725,Critical
92,303,38,21.668596,24.222836,33.104042,17.970734,24.241552,6.441721826132513,13.758448000000001,Critical
92,304,37,24.392838,30.298302,31.512665,16.406046,25.65246275,6.904314351023297,11.347537249999998,Critical
92,305,36,27.128311,22.190826,31.037294,15.732509,24.022235000000002,6.606370081762349,11.977764999999998,Critical
92,306,35,18.716686,19.069895,28.871128,14.83259,20.37257475,5.982078246918171,14.627425250000002,Critical
92,307,34,20.64135,20.373936,27.506178,16.144485,21.166487250000003,4.701634184687091,12.833512749999997,Critical
92,308,33,26.596512,24.662823,27.904224,15.161744,23.581325749999998,5.7688182079386285,9.418674250000002,Critical
92,309,32,23.758446,21.536173,26.433681,13.809453,21.38443825,5.432439296103938,10.615561750000001,Critical
92,310,31,27.488298,25.408169,25.109974,12.586856,22.648324249999998,6.790555985637327,8.351675750000002,Critical
92,311,30,13.495502,21.686577,22.981827,9.739813,16.97592975,6.39624270526822,13.024070250000001,Critical
92,312,29,20.82045,19.782349,22.229467,9.580829,18.10327375,5.769456234397218,10.89672625,Critical
92,313,28,19.304228,19.801998,22.260944,10.130732,17.8744755,5.321848190699261,10.125524500000001,Critical
92,314,27,16.085432,18.853138,21.930307,9.655623,16.631125,5.227302702909854,10.368875,Critical
92,315,26,23.650362,24.456188,24.633972,10.730237,20.86768975,6.771839109782038,5.13231025,Critical
92,316,25,14.223724,16.976753,22.338861,9.024375,15.64092825,5.550795008601283,9.35907175,Critical
92,317,24,16.834515,14.565995,20.802954,10.274804,15.619567,4.39773066174764,8.380433,Critical
92,318,23,12.003561,14.645083,18.927681,7.374978,13.237825749999999,4.839119029548069,9.762174250000001,Critical
92,319,22,13.866947,11.049806,16.98086,7.4961114,12.348431099999999,4.041316686158366,9.651568900000001,Critical
92,320,21,11.550477,19.008867,14.843547,5.815132,12.804505749999999,5.570030558345819,8.195494250000001,Critical
92,321,20,10.175025,10.356942,13.781,5.31288,9.90646175,3.482723963582565,10.09353825,Critical
92,322,19,12.604037,10.992216,13.609238,4.8288584,10.50858735,3.9369260980956313,8.49141265,Critical
92,323,18,14.780441,14.385151,12.882693,3.5201254,11.3921026,5.3112792123790395,6.607897400000001,Critical
92,324,17,10.442626,11.037809,11.454204,3.3722432,9.076720550000001,3.825574248778434,7.923279449999999,Critical
92,325,16,17.417742,16.8243,11.252978,3.0569367,12.137989175,6.660481911373135,3.8620108250000005,Critical
92,326,15,15.911459,13.627966,11.398709,3.3184266,11.064140150000002,5.482630686593723,3.935859849999998,Critical
92,327,14,11.236962,15.353253,11.54971,5.088785,10.8071775,4.246680447351515,3.1928225,Critical
92,328,13,15.919348,12.156188,10.325936,4.9838023,10.846318575,4.549405842395582,2.1536814250000003,Critical
92,329,12,9.386488,12.927135,9.674515,4.7201023,9.177060075,3.377319252968902,2.822939925,Critical
92,330,11,21.47202,15.699919,10.136159,6.9743986,13.57062415,6.38413907820705,2.5706241500000004,Critical
92,331,10,13.797817,10.793357,10.18753,6.0545936,10.2083244,3.1875085481954675,0.2083244000000004,Critical
92,332,9,11.043829,4.7906485,9.061558,6.7946243,7.92266495,2.7154339835757213,1.0773350500000003,Critical
92,333,8,14.363637,8.44368,8.574624,5.2918577,9.168449675,3.7813514646029165,1.1684496749999997,Critical
92,334,7,9.666451,6.737416,8.205307,5.312546,7.480429999999999,1.875804300313335,0.48042999999999925,Critical
92,335,6,11.418869,6.275322,8.013531,5.1566825,7.716101125,2.7340703875179218,1.7161011249999998,Critical
92,336,5,7.2857623,4.5483136,7.1765647,5.833537,6.2110444000000005,1.290275624897758,1.2110444000000005,Critical
92,337,4,7.432822,8.363339,6.6412563,5.6305203,7.0169844,1.1617581395214955,3.0169844,Critical
92,338,3,11.04934,5.1152306,6.223404,6.1954203,7.1458487250000005,2.6529777336236067,4.1458487250000005,Critical
92,339,2,9.831184,4.95185,5.3210664,4.9620776,6.2665445,2.3826203449189944,4.2665445,Critical
92,340,1,9.698194,4.8084025,4.6745863,5.721913,6.225773950000001,2.3612639139074467,5.225773950000001,Critical
92,341,0,7.284334,4.7313156,3.7070367,6.318701,5.510346825,1.597840628865191,5.510346825,Critical
93,30,125,151.4289,156.99931,128.73714,156.60017,148.44138,13.378918365311394,23.44138000000001,Healthy
93,31,124,173.65227,166.12509,131.74052,161.0784,158.14907,18.348102468936663,34.149069999999995,Warning
93,32,123,162.21169,159.38864,130.31805,161.8699,153.44707,15.470579058098204,30.447069999999997,Warning
93,33,122,169.13365,168.97139,137.55782,167.41614,160.76975000000002,15.493976423722442,38.769750000000016,Warning
93,34,121,157.95177,147.54253,138.673,165.15332,152.330155,11.62576666518672,31.33015499999999,Healthy
93,35,120,161.73837,155.74629,141.61816,165.3812,156.121005,10.452733699954612,36.121005,Healthy
93,36,119,162.44012,155.34085,138.1406,164.19276,155.0285825,11.891376445100525,36.0285825,Healthy
93,37,118,165.48326,162.23262,145.15181,167.14017,160.00196499999998,10.107777381008807,42.001964999999984,Healthy
93,38,117,132.02162,135.60997,138.60025,166.66553,143.2243425,15.857187254149398,26.224342500000006,Warning
93,39,116,168.2733,152.71202,141.5346,166.60776,157.28192,12.6048112401892,41.281920000000014,Healthy
93,40,115,140.09306,146.06331,138.42015,161.46677,146.51082250000002,10.496464326446226,31.510822500000017,Healthy
93,41,114,177.08754,170.95088,141.82683,165.02718,163.72310749999997,15.405586917317525,49.72310749999997,Warning
93,42,113,164.2321,154.29144,137.06021,167.53433,155.77952,13.69000384410708,42.77951999999999,Healthy
93,43,112,154.11339,151.02834,138.3245,163.73427,151.800125,10.48750261133222,39.80012500000001,Healthy
93,44,111,155.30507,149.63387,130.9802,161.89658,149.45392999999999,13.296195656886223,38.453929999999986,Healthy
93,45,110,160.2187,159.14165,132.15665,163.43512,153.73803,14.502732040616804,43.73803000000001,Healthy
93,46,109,140.54091,149.69225,127.119316,163.99959,145.3380165,15.515013734546155,36.33801650000001,Warning
93,47,108,161.0999,160.67064,123.47921,160.4613,151.42776249999997,18.634264272285026,43.42776249999997,Warning
93,48,107,162.59529,156.95427,119.96366,159.52522,149.75961,19.997363064936003,42.75961000000001,Warning
93,49,106,170.11745,148.75758,122.05685,158.20305,149.78373249999999,20.446499102598427,43.783732499999985,Warning
93,50,105,162.29195,148.78902,121.11562,160.91083,148.276855,19.096554766694613,43.27685500000001,Warning
93,51,104,128.21033,141.71346,117.780464,158.20044,136.4761735,17.48548586038324,32.47617349999999,Warning
93,52,103,154.77934,149.84499,111.98182,149.78511,141.597815,19.882215302989586,38.597815,Warning
93,53,102,158.33075,166.7433,107.20147,147.83197,145.02687250000002,26.376921896292064,43.026872500000025,Warning
93,54,101,154.73843,137.3485,107.88213,148.29225,137.0653275,20.737418223951877,36.065327499999995,Warning
93,55,100,158.01935,153.08281,107.93888,156.4494,143.87261,24.044172094186706,43.87261000000001,Warning
93,56,99,167.74321,165.43748,111.291275,149.80334,148.56882625,26.09820123383327,49.56882625,Warning
93,57,98,150.07007,151.85374,112.803246,156.2989,142.756489,20.139861839235902,44.75648899999999,Warning
93,58,97,147.37651,154.0107,113.707466,152.23447,141.8322865,18.958402880339783,44.83228650000001,Warning
93,59,96,148.4752,157.75526,116.39032,154.37373,144.2486275,18.96396612866864,48.2486275,Warning
93,60,95,143.86617,133.21228,117.24184,147.55034,135.4676575,13.58667705044511,40.4676575,Healthy
93,61,94,148.44858,161.34961,114.66843,144.67581,142.2856075,19.747067144374252,48.2856075,Warning
93,62,93,140.3964,139.92227,114.827126,138.66808,133.453469,12.438950902753438,40.45346900000001,Healthy
93,63,92,152.97742,145.2538,117.25036,136.68036,138.040485,15.375556120183099,46.04048499999999,Warning
93,64,91,141.34476,145.89293,102.3948,133.48492,130.77935250000002,19.604854642085254,39.779352500000016,Warning
93,65,90,179.43788,170.99397,116.82759,134.79167,150.5127775,29.653475787245554,60.5127775,Warning
93,66,89,144.98276,145.13994,113.53228,135.10158,134.68914,14.865627749471823,45.68914000000001,Healthy
93,67,88,134.85878,147.28825,112.45444,123.63816,129.55990749999998,14.944745892964912,41.55990749999998,Healthy
93,68,87,137.16399,143.5618,108.507416,118.36826,126.9003665,16.269017620900033,39.900366500000004,Warning
93,69,86,143.73,138.12975,113.28134,117.635666,128.194189,14.988354024050047,42.194188999999994,Healthy
93,70,85,130.99788,138.58577,98.89669,105.82075,118.57527250000001,19.189108375229203,33.57527250000001,Warning
93,71,84,131.9702,145.11772,95.8637,101.543396,118.62375399999999,23.733355871228664,34.62375399999999,Warning
93,72,83,142.66885,149.2252,95.22223,102.5881,122.42609499999999,27.456374337903757,39.42609499999999,Warning
93,73,82,131.96786,137.11113,91.90117,96.77886,114.43975499999999,23.388891489229813,32.43975499999999,Warning
93,74,81,144.68976,142.75546,89.061874,91.122215,116.90732725,30.98510834047506,35.907327249999994,Warning
93,75,80,119.74998,121.91421,87.1157,90.45139,104.80782,18.57430946887842,24.807820000000007,Warning
93,76,79,141.52068,139.85387,88.61558,87.130844,114.28024350000001,30.505827852236518,35.28024350000001,Warning
93,77,78,133.63904,128.91687,82.16395,83.208244,106.98202599999999,28.123912622688376,28.98202599999999,Warning
93,78,77,155.23291,157.6395,83.2312,89.21829,121.330475,40.622110467001015,44.33047500000001,Warning
93,79,76,132.10768,137.31161,81.72719,94.38449,111.3827425,27.508917259351104,35.382742500000006,Warning
93,80,75,144.93248,136.79562,80.24531,92.472084,113.61137350000001,32.03479749797059,38.61137350000001,Warning
93,81,74,142.14406,154.23607,80.02331,91.65543,117.01471749999999,36.644101970850535,43.01471749999999,Warning
93,82,73,122.20803,129.94096,76.95113,95.2843,106.096105,24.45741831759367,33.096104999999994,Warning
93,83,72,109.44121,121.14899,71.62842,88.3084,97.631755,22.02742191769537,25.631755,Warning
93,84,71,122.548325,128.57637,70.02373,81.652534,100.70023975,29.202059354245666,29.700239749999994,Warning
93,85,70,117.81883,121.135345,72.03788,89.35142,100.08586875000002,23.519186692144345,30.085868750000017,Warning
93,86,69,114.77166,116.70788,67.51683,85.72274,96.17977749999999,23.790581328251697,27.179777499999986,Warning
93,87,68,107.479904,100.156944,60.333065,80.421074,87.09774675,21.18884230884666,19.09774675,Warning
93,88,67,136.35858,124.67654,63.19662,82.80172,101.758365,34.490482699231194,34.758365,Warning
93,89,66,137.28714,143.63776,67.03374,87.21639,108.79375749999998,37.57418975104087,42.793757499999984,Warning
93,90,65,126.82198,128.05557,69.37937,88.8997,103.289155,29.006315969549917,38.289154999999994,Warning
93,91,64,128.34114,131.56335,74.26663,92.25858,106.607425,27.970037149140506,42.607425000000006,Warning
93,92,63,136.13084,121.62143,72.8708,92.75259,105.843915,28.43024744053242,42.843914999999996,Warning
93,93,62,117.815506,118.41157,68.15481,85.292885,97.41869275,24.900742513592178,35.418692750000005,Warning
93,94,61,110.79187,109.73968,66.16053,87.92094,93.653255,21.144065807247987,32.653255,Warning
93,95,60,115.509224,112.06802,71.890366,102.96573,100.60833500000001,19.86319819801209,40.60833500000001,Warning
93,96,59,124.08067,125.45803,83.01582,95.59944,107.03849000000001,21.115996241360083,48.03849000000001,Warning
93,97,58,131.24893,139.17119,97.81409,103.117134,117.83783599999998,20.433786616055546,59.83783599999998,Warning
93,98,57,114.83212,117.34355,101.15886,100.6025,108.4842575,8.842435029283031,51.4842575,Healthy
93,99,56,138.6236,137.71962,106.04034,98.28054,120.16602499999999,21.034259377731843,64.16602499999999,Warning
93,100,55,114.19317,119.61896,101.76284,101.29148,109.2166125,9.153167169271244,54.2166125,Healthy
93,101,54,113.53467,115.81819,96.94821,99.59464,106.4739275,9.578329999146948,52.4739275,Healthy
93,102,53,97.24746,104.81071,93.778305,91.08451,96.73024625,5.948380715967128,43.73024624999999,Healthy
93,103,52,114.74727,122.27397,102.69068,84.58172,106.07341000000001,16.44211658031694,54.07341000000001,Warning
93,104,51,119.75089,114.368416,112.01118,78.32958,106.11501650000001,18.804705749083716,55.11501650000001,Warning
93,105,50,105.53134,120.49293,109.91044,71.45335,101.847015,21.21350271058271,51.847015,Warning
93,106,49,119.37874,125.02419,105.200775,78.13331,106.93425375,20.933309509191876,57.934253749999996,Warning
93,107,48,93.10486,98.66587,93.58846,73.88352,89.8106775,10.911951539519636,41.8106775,Healthy
93,108,47,102.88901,111.57188,96.67202,81.362656,98.12389150000001,12.735798566169649,51.12389150000001,Healthy
93,109,46,82.941284,84.60578,88.33216,73.22766,82.276721,6.439979458323657,36.276720999999995,Healthy
93,110,45,84.89428,110.380615,76.79908,72.791374,86.21633725000001,16.87774201848844,41.21633725000001,Warning
93,111,44,97.305984,128.38617,75.1502,71.00155,92.960976,26.288550083191172,48.960976,Warning
93,112,43,114.87455,103.70865,70.28672,75.30073,91.04266249999999,21.656436218521545,48.04266249999999,Warning
93,113,42,98.92866,112.45432,62.261456,70.98642,86.157714,23.493317183766337,44.157714,Warning
93,114,41,81.54749,106.88871,55.001064,63.13309,76.64258849999999,23.019904842860573,35.64258849999999,Warning
93,115,40,91.43689,100.14962,47.57367,56.357048,73.879307,25.803192078750698,33.879307,Warning
93,116,39,92.472984,96.397385,43.236282,55.01919,71.78146025,26.645098433875752,32.781460249999995,Warning
93,117,38,99.42214,106.6504,41.072124,56.632008,75.944168,32.05779587699974,37.944168000000005,Warning
93,118,37,64.71754,79.49972,38.061478,54.796013,59.26868775,17.404359813397836,22.268687749999998,Critical
93,119,36,87.12294,87.02506,39.038414,52.987263,66.54341925,24.38106483994415,30.54341925,Warning
93,120,35,77.593475,73.70585,38.416965,52.506207,60.55562425000001,18.42217999140752,25.555624250000008,Warning
93,121,34,90.48333,78.26691,41.06329,56.11665,66.482545,22.124641187113067,32.482545,Warning
93,122,33,84.34259,87.06455,39.84916,52.64768,65.975995,23.39739623504077,32.975995,Warning
93,123,32,85.85358,78.00171,37.993446,51.461777,63.327628250000004,22.400642800392678,31.327628250000004,Warning
93,124,31,82.91998,95.99755,38.181534,48.273083,66.34303675,27.53045991426916,35.343036749999996,Warning
93,125,30,41.948055,49.630043,33.2102,46.392685,42.79524575,7.123829887603221,12.79524575,Warning
93,126,29,49.97571,55.82022,32.79639,43.822445,45.60369125,9.84364111429842,16.603691249999997,Warning
93,127,28,67.41285,78.27857,33.712852,40.20783,54.9030255,21.353251223452315,26.9030255,Critical
93,128,27,54.594723,60.951378,34.044132,37.167877,46.6895275,13.120725985670422,19.689527499999997,Warning
93,129,26,64.594696,66.29327,35.87403,39.923992,51.671497,16.00384490675334,25.671497000000002,Critical
93,130,25,60.444386,49.393127,37.05567,36.405697,45.82472,11.432153408205501,20.82472,Warning
93,131,24,69.36267,59.11382,36.68129,34.50104,49.914705,17.083631549126196,25.914704999999998,Critical
93,132,23,56.238056,56.450317,33.689163,29.37627,43.9384515,14.432972596820159,20.9384515,Warning
93,133,22,39.7229,44.886066,34.349472,32.90941,37.966962,5.465723024921283,15.966962000000002,Warning
93,134,21,33.017994,44.241318,32.743652,30.879925,35.220722249999994,6.088282659264673,14.220722249999994,Warning
93,135,20,39.37833,37.93708,31.103676,28.898508,34.329398499999996,5.112303211115025,14.329398499999996,Warning
93,136,19,44.404987,51.165306,30.358078,27.942076,38.46761175,11.151013475505454,19.467611750000003,Warning
93,137,18,26.938295,40.004032,28.3512,30.770468,31.51599875,5.875765121895951,13.515998750000001,Warning
93,138,17,19.99702,35.925842,25.682205,25.697575,26.8256605,6.633845083784946,9.825660500000001,Critical
93,139,16,42.06185,44.23787,26.561707,26.789253,34.91267,9.553334784176291,18.91267,Warning
93,140,15,14.374674,25.702654,23.733257,22.965313,21.6939745,5.013868959842255,6.6939744999999995,Critical
93,141,14,18.620388,35.788006,24.682291,24.064583,25.788817,7.201100324746538,11.788817000000002,Critical
93,142,13,34.998707,39.71449,25.561352,24.442831,31.179345,7.40222246982427,18.179345,Warning
93,143,12,18.887285,28.659576,23.133936,22.2213,23.22552425,4.0565212092688805,11.22552425,Critical
93,144,11,20.436222,29.232264,21.073679,21.144987,22.971788,4.185796394013689,11.971788,Critical
93,145,10,8.401936,17.295752,17.72813,20.242363,15.917045250000001,5.175780165091982,5.917045250000001,Critical
93,146,9,16.921236,25.800873,16.248375,19.567553,19.63450925,4.353400277366216,10.63450925,Critical
93,147,8,14.830503,21.61948,14.664587,18.815443,17.48250325,3.3598145943481637,9.48250325,Critical
93,148,7,11.01152,15.5717125,14.198187,17.974228,14.688911874999999,2.9061234712210227,7.688911874999999,Critical
93,149,6,7.6715326,15.185902,13.181053,13.490768,12.3823139,3.261810403879361,6.3823139,Critical
93,150,5,5.5840034,12.666877,12.069939,12.092671,10.6033726,3.3576253664645948,5.6033726,Critical
93,151,4,8.689949,15.63151,10.375219,11.100677,11.449338749999999,2.9653603721405575,7.449338749999999,Critical
93,152,3,6.994293,12.840437,9.187719,10.207951,9.8076,2.4260619614359946,6.807600000000001,Critical
93,153,2,7.377675,11.250142,7.632551,10.391624,9.162998,1.9489602491884401,7.162998,Critical
93,154,1,4.0150633,8.057234,5.843482,8.199092,6.528717824999999,1.9928638345071787,5.528717824999999,Critical
93,155,0,10.225421,10.981201,4.932401,8.268146,8.60179225,2.7002165520021264,8.60179225,Critical
94,30,228,104.79089,85.018036,137.92252,124.9852,113.1791615,23.20221557745055,114.8208385,Warning
94,31,227,147.17137,144.56815,139.73422,124.098724,138.893116,10.333069740371636,88.10688400000001,Healthy
94,32,226,147.48447,132.06577,142.5576,137.95099,140.0147075,6.575413583232494,85.98529250000001,Healthy
94,33,225,128.23694,109.26887,137.24036,126.51887,125.31626,11.685882210265513,99.68374,Healthy
94,34,224,109.6384,112.99601,132.63902,125.196686,120.11752899999999,10.694449497437626,103.88247100000001,Healthy
94,35,223,141.77654,128.74586,131.24457,118.93771,130.17617,9.381876723495507,92.82382999999999,Healthy
94,36,222,110.54828,115.95889,124.1482,100.448875,112.77606125,9.939457878260074,109.22393875,Healthy
94,37,221,126.92641,125.1247,120.74441,94.14788,116.73585,15.280764154437218,104.26415,Warning
94,38,220,154.18808,130.58194,126.90075,102.71525,128.596505,21.068029559144037,91.40349499999999,Warning
94,39,219,147.21788,144.19014,127.125374,105.264946,130.949585,19.27256244204779,88.05041499999999,Warning
94,40,218,150.43242,158.1744,132.53676,128.38522,142.38219999999998,14.224951796080013,75.61780000000002,Healthy
94,41,217,141.1201,137.60124,131.00708,124.32863,133.5142625,7.421005270520407,83.4857375,Healthy
94,42,216,126.20964,124.40328,123.02421,124.51833,124.53886499999999,1.3044122364881419,91.46113500000001,Healthy
94,43,215,143.60852,144.54521,121.70234,115.85732,131.4283475,14.803837377174368,83.5716525,Healthy
94,44,214,138.36823,125.03257,123.99694,113.24644,125.161045,10.291731215024033,88.838955,Healthy
94,45,213,148.1076,139.55048,123.61604,118.89883,132.5432375,13.628591743283366,80.4567625,Healthy
94,46,212,132.59831,132.88727,120.560936,118.981865,126.25709524999999,7.517655377244308,85.74290475000001,Healthy
94,47,211,144.66595,141.67143,125.47378,123.06588,133.71926,11.023451902191676,77.28074000000001,Healthy
94,48,210,159.29579,152.11519,128.28882,119.50919,139.8022475,18.938267676001733,70.1977525,Warning
94,49,209,118.22506,114.48973,125.77663,109.62333,117.0286875,6.812817088196704,91.9713125,Healthy
94,50,208,126.638275,130.22652,130.69124,103.14872,122.67618875,13.143676702246328,85.32381125,Healthy
94,51,207,135.55585,110.11778,135.02985,98.406715,119.77754875000001,18.543742441680237,87.22245124999999,Warning
94,52,206,132.8927,128.24263,136.54402,99.47724,124.28914749999998,16.88652118582426,81.71085250000002,Warning
94,53,205,130.4046,136.63618,138.4123,94.921364,125.093611,20.405795492013308,79.906389,Warning
94,54,204,129.74466,135.89629,139.46637,109.967026,128.7685865,13.161789717579534,75.2314135,Healthy
94,55,203,159.76398,138.96402,145.81288,128.75577,143.3241625,13.009102158136237,59.6758375,Healthy
94,56,202,117.88935,114.59817,144.15482,128.4211,126.26586,13.303644351021518,75.73414,Healthy
94,57,201,88.44743,92.59408,138.40974,120.64858,110.0249575,23.72047228329764,90.9750425,Warning
94,58,200,157.34692,148.38231,138.61612,121.09918,141.36113250000002,15.52336033444515,58.638867499999975,Warning
94,59,199,138.53572,128.68217,135.46664,113.67704,129.0903925,11.069610421664576,69.90960749999999,Healthy
94,60,198,160.0385,151.65489,135.30545,120.12906,141.78197500000002,17.715993336960626,56.21802499999998,Warning
94,61,197,137.68077,133.5576,134.93378,120.839325,131.75286875,7.474862354987298,65.24713125,Healthy
94,62,196,145.30208,134.40523,136.70932,124.73601,135.28816,8.454303135472884,60.711839999999995,Healthy
94,63,195,143.88597,133.61261,136.15039,121.17118,133.7050375,9.429338295834523,61.2949625,Healthy
94,64,194,113.74255,121.763756,124.21456,110.78814,117.6272515,6.3866437353335845,76.3727485,Healthy
94,65,193,102.93482,111.66689,115.6235,95.56986,106.4487675,8.983373054294526,86.5512325,Healthy
94,66,192,98.19408,98.49737,102.67533,93.83741,98.30104750000001,3.610558206670864,93.69895249999999,Healthy
94,67,191,132.0074,126.818,102.637955,87.00962,112.11824374999999,21.07115114359574,78.88175625000001,Warning
94,68,190,125.83302,119.6806,99.79523,91.34305,109.162975,16.266685887966442,80.837025,Warning
94,69,189,152.10893,149.73451,112.208885,96.73652,127.69721125,27.568261952410168,61.302788750000005,Warning
94,70,188,81.11676,99.02742,108.77155,100.15667,97.2681,11.613701523134935,90.7319,Healthy
94,71,187,144.02599,143.56706,113.133965,91.76019,123.12180125,25.418505370451527,63.878198749999996,Warning
94,72,186,134.42918,121.751816,116.50011,103.70188,119.0957465,12.726315816026085,66.9042535,Healthy
94,73,185,139.21474,125.52386,119.01037,104.44011,122.04727,14.445801571213233,62.95273,Healthy
94,74,184,128.36852,111.22028,117.22286,106.00085,115.7031275,9.608188598722702,68.2968725,Healthy
94,75,183,121.74379,111.180885,117.974915,106.693794,114.398346,6.744369754991246,68.601654,Healthy
94,76,182,127.94244,126.96411,122.40808,113.24671,122.64033500000001,6.710724767298493,59.35966499999999,Healthy
94,77,181,150.81631,154.12294,133.44785,127.46822,141.46383,13.010956700348107,39.53617,Healthy
94,78,180,140.39098,135.59753,141.57011,141.2738,139.708105,2.7857738930322364,40.29189500000001,Healthy
94,79,179,119.61624,112.30189,135.45,135.83336,125.80037250000001,11.750584008809586,53.19962749999999,Healthy
94,80,178,133.09337,130.13545,134.25354,133.3638,132.71153999999999,1.787478759277062,45.288460000000015,Healthy
94,81,177,128.17525,112.53666,137.04192,128.17819,126.48300499999999,10.19360208105228,50.51699500000001,Healthy
94,82,176,152.15675,139.20024,141.86252,138.2942,142.8784275,6.368242602148959,33.12157250000001,Healthy
94,83,175,129.20358,132.46674,144.45615,135.8941,135.50514249999998,6.562860222374474,39.49485750000002,Healthy
94,84,174,122.50625,113.03197,141.14867,135.59756,128.0711125,12.712374862252334,45.9288875,Healthy
94,85,173,108.88726,116.269135,136.74568,124.07223,121.49357624999999,11.909241785729106,51.50642375000001,Healthy
94,86,172,112.585106,103.45104,128.48984,115.68974,115.0539315,10.354549405603743,56.946068499999996,Healthy
94,87,171,114.48224,109.2827,96.396324,104.81141,106.2431685,7.662274029971063,64.7568315,Healthy
94,88,170,147.22223,136.11124,128.0105,122.25765,133.400405,10.825949344467055,36.599594999999994,Healthy
94,89,169,133.04115,136.54683,137.9723,134.71332,135.5684,2.148969896159553,33.4316,Healthy
94,90,168,146.02924,119.00646,150.6048,149.82947,141.3674925,15.040839707053976,26.632507500000003,Warning
94,91,167,76.14488,72.796295,146.2068,148.12779,110.81894125,42.001043214749316,56.181058750000005,Warning
94,92,166,116.28079,99.53817,146.7548,148.39256,127.74158,23.90779198490874,38.25842,Warning
94,93,165,106.69852,117.989494,141.70967,135.92621,125.5809735,16.138322715497488,39.4190265,Warning
94,94,164,144.79199,139.11937,141.0079,145.86586,142.69628,3.1666570150554634,21.30372,Healthy
94,95,163,130.42378,135.68158,137.3297,146.81772,137.563195,6.836482390847412,25.436804999999993,Healthy
94,96,162,113.852715,110.31448,124.59003,141.09212,122.46233624999999,13.823794857716269,39.53766375000001,Healthy
94,97,161,105.93509,98.01413,120.02892,135.61517,114.8983275,16.542131002093566,46.10167250000001,Warning
94,98,160,125.83731,116.829735,113.73113,143.09262,124.87269875,13.187365485122738,35.12730125,Healthy
94,99,159,119.01225,127.271126,120.84374,142.04886,127.293994,10.454658514579865,31.706006000000002,Healthy
94,100,158,133.20393,133.62895,109.01737,142.07098,129.4803075,14.24000754033596,28.51969249999999,Healthy
94,101,157,83.59924,88.63414,123.67158,131.38794,106.82322500000001,24.203915534851653,50.17677499999999,Warning
94,102,156,101.2148,107.25178,121.77601,129.69626,114.9847125,13.063436083020362,41.0152875,Healthy
94,103,155,115.882385,121.092224,128.29321,118.29929,120.89177724999999,5.37389946898062,34.10822275000001,Healthy
94,104,154,118.70558,105.95003,119.731636,122.67862,116.7664665,7.40498140658721,37.23353349999999,Healthy
94,105,153,112.11002,100.30538,107.42586,107.749535,106.89769875,4.886428096187058,46.10230125,Healthy
94,106,152,98.37306,109.19477,95.99482,109.44044,103.25077250000001,7.073047809713409,48.74922749999999,Healthy
94,107,151,124.53171,122.18673,121.24603,115.503494,120.866991,3.833303493055391,30.133009,Healthy
94,108,150,118.21945,126.576164,126.19964,118.8085,122.45093849999999,4.554964380170539,27.549061500000008,Healthy
94,109,149,93.14078,101.45932,129.67995,107.63313,107.97829499999999,15.638945563795739,41.02170500000001,Warning
94,110,148,112.37373,97.23774,128.30257,104.28382,110.549465,13.353663787801207,37.450535,Healthy
94,111,147,125.064,137.73074,124.02383,113.91534,125.18347750000001,9.759845903156377,21.81652249999999,Healthy
94,112,146,101.11682,94.18789,128.95715,114.83892,109.775195,15.400435527405284,36.224805,Warning
94,113,145,114.01643,108.09888,127.91892,110.14529,115.04487999999999,8.926580410814287,29.955120000000008,Healthy
94,114,144,108.93188,114.240135,129.90012,99.45458,113.13167875,12.74245707560121,30.868321249999994,Healthy
94,115,143,126.09946,121.29823,125.41197,94.95173,116.9403475,14.811573954347041,26.0596525,Healthy
94,116,142,113.352646,105.65,110.641136,85.26583,103.727403,12.714441443532838,38.272597000000005,Healthy
94,117,141,119.176,98.29911,119.800835,92.96983,107.56144375,13.945209851182698,33.438556250000005,Healthy
94,118,140,126.53106,140.87468,136.80836,106.50205,127.6790375,15.35417600320811,12.320962499999993,Warning
94,119,139,125.48718,118.32394,145.53734,112.32334,125.41794999999999,14.45208676624475,13.58205000000001,Healthy
94,120,138,116.7748,123.948875,157.72865,119.23424,129.42164125,19.104656087203086,8.578358750000007,Warning
94,121,137,120.26245,105.43549,151.17407,113.19947,122.51787000000002,20.040833339632695,14.482129999999984,Warning
94,122,136,96.10832,72.366585,145.50168,109.95476,105.98283624999999,30.57817091154717,30.01716375000001,Warning
94,123,135,107.44562,119.864,145.90273,112.9119,121.5310625,17.023972575280172,13.468937499999996,Warning
94,124,134,69.012634,81.635185,148.39113,112.73862,102.94439224999999,35.43434962902541,31.055607750000007,Warning
94,125,133,120.785675,122.61314,149.9517,112.62797,126.49462125,16.229361502662574,6.5053787500000055,Warning
94,126,132,98.96486,103.193245,144.21204,97.33489,110.92625874999999,22.327435288119702,21.073741250000012,Warning
94,127,131,105.01572,95.77421,143.21648,97.37513,110.345385,22.281987277895567,20.654615000000007,Warning
94,128,130,115.57037,128.10846,145.44003,98.38224,121.87527500000002,19.881522359756563,8.124724999999984,Warning
94,129,129,106.73229,100.00614,140.42868,107.740685,113.72694874999999,18.129199736105466,15.273051250000009,Warning
94,130,128,111.91982,101.4933,146.94315,107.68014,117.0091025,20.41010913446631,10.990897500000003,Warning
94,131,127,125.470825,128.88495,138.58926,107.64567,125.14767624999999,12.923725426263756,1.8523237500000107,Healthy
94,132,126,98.428665,93.62523,128.91405,104.36996,106.33447625,15.681446219359243,19.665523750000006,Warning
94,133,125,92.40014,100.01531,125.811844,103.55343,105.44518099999999,14.353121348913296,19.55481900000001,Healthy
94,134,124,114.38654,114.63928,122.495384,96.39094,111.978036,11.052228761836108,12.021963999999997,Healthy
94,135,123,99.10538,93.95503,112.29624,99.25286,101.1523775,7.827001297910439,21.8476225,Healthy
94,136,122,107.86984,111.24209,104.38166,95.91212,104.8514275,6.58491410454419,17.1485725,Healthy
94,137,121,89.730804,73.26717,114.740265,100.26441,94.50066225,17.47832036609297,26.499337749999995,Warning
94,138,120,84.472534,88.2006,112.57286,80.8683,91.5285735,14.345342175902106,28.471426500000007,Healthy
94,139,119,106.84186,69.17425,101.217354,77.72658,88.74001100000001,18.142727573873156,30.25998899999999,Warning
94,140,118,110.018906,135.17288,95.28402,86.008446,106.62106299999999,21.44885478393252,11.378937000000008,Warning
94,141,117,119.20984,122.79829,105.04783,89.0492,109.02629,15.365382557795296,7.973709999999997,Warning
94,142,116,89.18411,80.604515,98.83017,95.16159,90.94509625,7.957845201377665,25.054903749999994,Healthy
94,143,115,130.73024,118.19086,107.125175,94.39764,112.61097875000002,15.505509281280416,2.3890212499999848,Warning
94,144,114,118.00261,129.89163,111.22218,107.68539,116.7004525,9.780688446363321,2.7004524999999973,Healthy
94,145,113,100.639145,118.17981,127.71229,101.318245,111.9623725,13.269380311783275,1.0376274999999993,Healthy
94,146,112,106.785416,91.76063,128.76279,115.74494,110.76344399999999,15.553385542630386,1.2365560000000073,Warning
94,147,111,96.32156,101.1484,131.87485,116.911766,111.56414400000001,16.144616536624135,0.5641440000000131,Warning
94,148,110,109.62767,119.88835,139.38086,129.64648,124.63584,12.784182362839381,14.635840000000002,Healthy
94,149,109,83.96205,88.22317,138.98717,125.8826,109.2637475,27.340750425236894,0.2637474999999938,Warning
94,150,108,112.24505,116.12832,139.22263,135.62643,125.80560750000001,13.589256300603491,17.805607500000008,Healthy
94,151,107,90.33696,104.148964,142.38554,133.23068,117.525536,24.377740463516513,10.525536000000002,Warning
94,152,106,90.54403,91.21493,136.28036,131.47403,112.37833749999999,24.903674110866152,6.3783374999999864,Warning
94,153,105,87.95303,75.32162,132.05298,119.70438,103.7580025,26.541274225314776,1.2419974999999965,Warning
94,154,104,59.651875,86.88462,110.74126,105.89871,90.79411625,23.174415829657704,13.205883749999998,Warning
94,155,103,90.083984,97.30997,117.22447,103.31591,101.98358350000001,11.510905649517285,1.0164164999999912,Healthy
94,156,102,74.29941,66.321976,105.44431,98.93461,86.2500765,18.879120822551272,15.749923499999994,Warning
94,157,101,83.18232,71.233025,93.654335,90.300385,84.59251625,9.919021871256911,16.407483749999997,Healthy
94,158,100,85.87804,86.93825,91.22454,89.79311,88.458485,2.4766977346795227,11.541515000000004,Healthy
94,159,99,62.513447,52.5996,86.931526,87.292145,72.3341795,17.537803659700657,26.665820499999995,Warning
94,160,98,66.85675,55.274845,81.09588,85.41961,72.16177125,13.770743336432725,25.83822875,Healthy
94,161,97,94.02873,96.114624,80.08782,80.5644,87.6988935,8.558052490477552,9.301106500000003,Healthy
94,162,96,84.02479,81.57464,72.02452,72.85236,77.6190775,6.07454515909559,18.380922499999997,Healthy
94,163,95,69.63166,71.00193,63.88994,69.22337,68.436725,3.125177890323471,26.563275000000004,Healthy
94,164,94,77.63698,76.74894,68.44519,64.321884,71.7882485,6.4740188265236265,22.211751500000005,Healthy
94,165,93,86.578964,95.39069,65.51219,65.30103,78.1957185,15.199679127330585,14.804281500000002,Warning
94,166,92,62.052933,63.258347,59.73639,57.12785,60.54388,2.705973214446021,31.45612,Healthy
94,167,91,96.17343,99.27451,58.677498,57.279316,77.8511885,22.98909584435435,13.148811499999994,Warning
94,168,90,80.61139,79.778175,55.555355,56.264828,68.052437,14.027889085110159,21.947563000000002,Healthy
94,169,89,69.21317,62.69785,52.121113,52.6907,59.18070825,8.265967719787298,29.819291749999998,Warning
94,170,88,85.55418,95.32503,50.686523,52.963505,71.13230949999999,22.667257711456063,16.86769050000001,Warning
94,171,87,72.687836,66.4619,53.129066,48.39349,60.16807300000001,11.32173644296722,26.831926999999993,Healthy
94,172,86,82.87971,74.15485,53.819603,52.335423,65.7973965,15.12552733141657,20.202603499999995,Warning
94,173,85,79.17612,107.40031,61.990707,56.014393,76.1453825,23.03379719443853,8.854617500000003,Warning
94,174,84,59.22749,67.674736,62.31787,60.199806,62.3549755,3.7739082183651,21.645024499999998,Healthy
94,175,83,47.759686,53.512726,59.36372,58.528187,54.79107975,5.352560005318351,28.20892025,Warning
94,176,82,78.63386,74.64906,59.864826,66.31975,69.866874,8.413330678719973,12.133126000000004,Healthy
94,177,81,79.67006,85.78947,64.509,65.21259,73.79527999999999,10.618713005491765,7.204720000000009,Healthy
94,178,80,67.83714,65.6897,71.08094,67.99093,68.1496775,2.218608392820071,11.850322500000004,Healthy
94,179,79,85.8354,103.91439,74.48988,78.67171,85.72784500000002,12.99798555667377,6.727845000000016,Healthy
94,180,78,67.634026,80.93077,83.3303,83.16178,78.764219,7.500283947961164,0.7642189999999971,Healthy
94,181,77,54.056892,64.76598,80.82559,82.65972,70.5770455,13.634608432835941,6.422954500000003,Healthy
94,182,76,68.99995,84.40235,84.40248,87.17252,81.244325,8.266705913951862,5.2443250000000035,Healthy
94,183,75,51.27698,61.11555,81.64268,79.87728,68.4781225,14.757293597897897,6.521877500000002,Healthy
94,184,74,74.06172,85.14243,83.30996,80.49982,80.7534825,4.852575514991159,6.753482500000004,Healthy
94,185,73,64.21538,92.377235,83.52139,76.61213,79.18153375,11.882037948784554,6.18153375,Healthy
94,186,72,55.359333,56.80976,81.14074,71.62202,66.23296325,12.360101598653179,5.767036750000003,Healthy
94,187,71,61.266876,70.7726,78.89155,73.09411,71.006284,7.3359187949738525,0.006283999999993739,Healthy
94,188,70,38.74583,42.718197,73.94491,68.71072,56.02991424999999,17.8670207523694,13.97008575000001,Critical
94,189,69,52.01684,43.417404,70.55228,63.475307,57.365457750000004,12.032988741501766,11.634542249999996,Warning
94,190,68,61.42924,114.01084,68.801956,64.49766,77.184924,24.73614418781844,9.184923999999995,Warning
94,191,67,53.83045,80.96439,68.26587,65.48679,67.136875,11.139397463853237,0.1368750000000034,Healthy
94,192,66,56.64649,60.446564,65.35212,61.114094,60.889817,3.5667326545675757,5.110182999999999,Healthy
94,193,65,55.683876,60.058655,65.763145,60.95856,60.616059,4.133075109854726,4.383941,Healthy
94,194,64,44.32467,42.53585,63.813885,55.58354,51.56448625,10.002196003053008,12.435513749999998,Warning
94,195,63,46.42542,60.64738,61.886497,53.95997,55.72981675,7.113163769106465,7.270183250000002,Warning
94,196,62,42.424137,41.35333,62.643253,53.94357,50.0910725,10.124706024531495,11.908927499999997,Warning
94,197,61,50.19616,51.67931,62.023952,50.750694,53.662529000000006,5.60776394231771,7.337470999999994,Warning
94,198,60,64.39821,63.321053,62.786987,54.618946,61.281299000000004,4.49183609126565,1.2812990000000042,Healthy
94,199,59,50.50933,55.95204,57.989464,47.699604,53.037609499999995,4.75749472154729,5.962390500000005,Warning
94,200,58,46.39565,46.168262,55.107605,46.23812,48.47740925,4.421153492985993,9.522590749999999,Warning
94,201,57,39.475876,58.79623,49.148666,45.955822,48.3441485,8.046606255544571,8.655851499999997,Warning
94,202,56,36.513527,32.37198,43.950287,44.52821,39.341001000000006,5.9080317523011,16.658998999999994,Warning
94,203,55,33.889378,38.699482,39.450005,36.317863,37.08918200000001,2.5166267082151847,17.910817999999992,Warning
94,204,54,48.54736,51.137413,40.210754,41.03817,45.233424250000006,5.436500957344799,8.766575749999994,Warning
94,205,53,44.859806,58.24765,36.92708,37.23721,44.3179365,9.984855003429061,8.682063499999998,Warning
94,206,52,36.7565,41.540787,35.54229,36.484676,37.58106325000001,2.690599567410131,14.418936749999993,Warning
94,207,51,32.292767,32.37962,36.60978,31.407997,33.172541,2.333163337215092,17.827458999999998,Warning
94,208,50,39.762127,37.583874,42.44055,34.869114,38.66391625,3.2164185419730815,11.33608375,Warning
94,209,49,55.858627,62.325035,52.297306,34.447315,51.23207075,11.934845765114193,2.2320707499999983,Warning
94,210,48,27.042433,27.763784,50.16614,34.121563,34.77348,10.743430603227784,13.22652,Warning
94,211,47,32.804176,32.464417,49.131096,33.546993,36.9866705,8.108894067418587,10.013329499999998,Warning
94,212,46,26.976452,43.19823,46.95882,34.992992,38.0316235,8.903908474422138,7.968376499999998,Warning
94,213,45,35.71578,26.524792,47.76763,33.363476,35.8429195,8.854189688827523,9.1570805,Warning
94,214,44,32.31923,55.04854,44.901825,34.64376,41.728338750000006,10.427869067291407,2.271661249999994,Warning
94,215,43,26.175245,30.451008,43.67901,32.58411,33.22234325,7.4630448213180545,9.777656749999998,Warning
94,216,42,39.97958,42.399055,47.016525,34.295307,40.92261675,5.29547418398569,1.077383249999997,Warning
94,217,41,33.99178,30.524158,44.412975,29.888893,34.704451500000005,6.718823970260199,6.295548499999995,Warning
94,218,40,47.08443,38.165768,46.374485,36.313282,41.984491250000005,5.538552217447164,1.984491250000005,Warning
94,219,39,26.148705,22.375628,41.93958,34.764378,31.307072749999996,8.782228896651137,7.692927250000004,Warning
94,220,38,25.690529,27.007236,36.227615,33.626057,30.63785925,5.093531745386128,7.362140749999998,Warning
94,221,37,29.322124,27.354929,36.6193,31.373829,31.167545500000003,3.9877230386682676,5.832454499999997,Warning
94,222,36,22.199482,24.396936,35.27685,30.90725,28.1951295,5.99667757052017,7.8048705,Critical
94,223,35,19.864998,18.148361,31.729362,32.165638,25.47708975,7.506295688335952,9.522910249999999,Critical
94,224,34,19.805012,21.779053,30.706787,28.13584,25.106673,5.154861580754164,8.893327,Critical
94,225,33,27.051903,22.240366,31.312733,28.386604,27.247901500000005,3.7830025862472874,5.752098499999995,Critical
94,226,32,22.329088,27.78802,30.467634,27.824883,27.10240625,3.4205927261042914,4.897593749999999,Critical
94,227,31,23.262438,21.554546,29.242615,27.80337,25.465742249999998,3.646060750606732,5.534257750000002,Critical
94,228,30,15.184973,20.37618,27.262825,26.295492,22.2798675,5.624845468561573,7.720132499999998,Critical
94,229,29,19.57826,23.922222,25.927246,23.710726,23.2846135,2.6651253415769527,5.715386500000001,Critical
94,230,28,22.023876,30.165672,25.845291,24.834751,25.7173975,3.3776060896053286,2.2826024999999994,Critical
94,231,27,21.89364,29.577415,24.495138,24.059635,25.006457,3.2527529741588626,1.993542999999999,Critical
94,232,26,19.415916,24.172935,24.858934,22.39729,22.71126875,2.4294626741202645,3.2887312500000014,Critical
94,233,25,21.094028,22.44213,22.709461,22.483387,22.1822515,0.7349375635533034,2.8177485000000004,Critical
94,234,24,18.68981,14.615469,22.010605,21.183884,19.124941999999997,3.321193545704416,4.875058000000003,Critical
94,235,23,12.436647,17.155893,20.158287,19.022385,17.193303,3.4041076605289673,5.806697,Critical
94,236,22,8.54345,8.842196,18.20369,18.153364,13.435675,5.477970162843533,8.564325,Critical
94,237,21,16.94521,17.736977,16.611534,14.570367,16.466022,1.3490279676539945,4.533978000000001,Critical
94,238,20,17.395617,19.648155,16.140553,15.779935,17.241065,1.7477601025167417,2.758935000000001,Critical
94,239,19,11.145809,13.202698,15.291275,14.789092,13.607218499999998,1.866819472329431,5.392781500000002,Critical
94,240,18,9.2995,9.857571,14.136889,13.80713,11.7752725,2.5503402327426175,6.2247275,Critical
94,241,17,11.4426365,16.911125,14.766828,15.506377,14.656741624999999,2.319965189138239,2.3432583750000013,Critical
94,242,16,14.976044,15.75777,13.758902,12.4661665,14.239720625,1.4402924242389912,1.7602793749999996,Critical
94,243,15,12.720622,9.580307,12.841193,11.938724,11.7702115,1.5137546777939288,3.2297884999999997,Critical
94,244,14,13.281887,9.866828,11.438485,10.058117,11.161329249999998,1.5775921775123791,2.838670750000002,Critical
94,245,13,13.143215,16.915691,11.153373,9.644023,12.7140755,3.146360234014481,0.28592450000000014,Critical
94,246,12,13.719148,3.7599912,9.825564,8.480071,8.94619355,4.109677668498753,3.0538064499999997,Critical
94,247,11,10.802503,8.3291855,8.077607,7.10589,8.578796375,1.5735120719922135,2.4212036250000004,Critical
94,248,10,13.089219,15.345254,7.4744844,6.3942757,10.575808275,4.326980103555556,0.575808275,Critical
94,249,9,12.225088,9.809923,6.439511,6.088997,8.64087975,2.9195513835155533,0.35912025000000014,Critical
94,250,8,9.000264,5.1725082,5.5515594,5.1082106,6.20813555,1.8716688120274507,1.7918644500000003,Critical
94,251,7,12.83753,7.749955,4.816794,4.190541,7.3987050000000005,3.943888715719634,0.39870500000000053,Critical
94,252,6,8.684922,7.5364447,4.7725654,2.5136824,5.876903625000001,2.7790804053041507,0.12309637499999937,Critical
94,253,5,10.425922,3.5593946,3.9541276,1.1683177,4.776940475,3.96201083571778,0.22305952500000004,Critical
94,254,4,7.2735476,3.9244215,3.5479894,1.045847,3.947951375,2.5587968065474187,0.05204862499999985,Critical
94,255,3,9.401668,10.288805,3.5540926,1.7552091,6.249943675000001,4.231470151994322,3.249943675000001,Critical
94,256,2,8.036039,7.0868397,3.4307785,1.7910651,5.086180575,2.960993284101808,3.086180575,Critical
94,257,1,9.181276,3.1045709,2.958219,1.284201,4.1320667250000005,3.4659543968078936,3.1320667250000005,Critical
94,258,0,7.975838,3.8254993,2.5877934,1.2177099,3.9017101499999995,2.917450965011179,3.9017101499999995,Critical
95,30,253,155.29121,157.69981,164.35489,174.1177,162.8659025,8.423865085661394,90.1340975,Healthy
95,31,252,154.75624,157.98814,164.24884,171.79407,162.1968225,7.5142799992564235,89.8031775,Healthy
95,32,251,174.54668,163.5776,164.23761,175.46222,169.4560275,6.4233138461875825,81.5439725,Healthy
95,33,250,157.955,146.63463,164.26668,176.52298,161.3448225,12.473897764447635,88.65517750000001,Healthy
95,34,249,141.97249,146.67917,164.118,172.92172,156.422845,14.550833296542388,92.577155,Healthy
95,35,248,165.91368,170.82672,164.12978,169.86623,167.6841025,3.1835687228891887,80.3158975,Healthy
95,36,247,157.86601,159.8627,164.15152,172.2216,163.5254575,6.362913042081568,83.47454250000001,Healthy
95,37,246,147.5482,153.2229,164.10272,169.77203,158.6614625,10.101725245614809,87.3385375,Healthy
95,38,245,162.69554,159.78822,164.17142,170.71338,164.34214,4.621375097753195,80.65786,Healthy
95,39,244,176.96318,169.48225,164.45047,178.28732,172.295805,6.510197497928409,71.704195,Healthy
95,40,243,171.57217,167.49718,164.49052,179.04251,170.650595,6.302488609422469,72.34940499999999,Healthy
95,41,242,152.1905,143.71854,164.4557,175.99524,159.089995,14.124007442756232,82.91000500000001,Healthy
95,42,241,161.99623,157.84761,164.47406,175.59665,164.9786375,7.588216646122575,76.02136250000001,Healthy
95,43,240,167.9373,160.64728,164.50143,176.6598,167.4364525,6.831988671786932,72.5635475,Healthy
95,44,239,156.53523,144.49236,164.47835,176.23535,160.4353225,13.358838711398477,78.56467749999999,Healthy
95,45,238,162.19173,171.75832,164.50081,175.13385,168.39617750000002,6.0654565546179855,69.60382249999998,Healthy
95,46,237,166.43025,173.51982,164.54535,176.74977,170.3112975,5.775154400137283,66.6887025,Healthy
95,47,236,162.43147,168.23729,164.58513,178.70473,168.489655,7.219380544033317,67.510345,Healthy
95,48,235,145.4859,142.26842,164.49725,177.12628,157.34446250000002,16.435685105400747,77.65553749999998,Warning
95,49,234,156.35284,170.97032,164.34753,175.48447,166.78879,8.326040407328483,67.21121,Healthy
95,50,233,156.7304,154.7914,164.10114,177.59477,163.3044275,10.33663572544238,69.6955725,Healthy
95,51,232,177.61775,185.76442,164.23651,179.85779,176.86911750000002,9.095819419709159,55.130882499999984,Healthy
95,52,231,152.67487,155.1498,164.28331,180.93384,163.260455,12.796250805483353,67.73954499999999,Healthy
95,53,230,142.5353,155.1888,164.03053,173.23642,158.74776250000002,13.081016563474405,71.25223749999998,Healthy
95,54,229,165.36942,154.58049,164.18512,172.95633,164.27284,7.540000654230744,64.72716,Healthy
95,55,228,171.28893,176.5861,164.32007,171.64273,170.95945749999998,5.0436754335000265,57.040542500000015,Healthy
95,56,227,167.93898,165.77919,164.44684,177.41635,168.89534,5.860084724706058,58.104659999999996,Healthy
95,57,226,173.25987,173.93694,164.54727,179.20032,172.73610000000002,6.070678948733827,53.26389999999998,Healthy
95,58,225,178.01001,165.45058,164.61075,180.54031,172.1529125,8.295772097168433,52.84708749999999,Healthy
95,59,224,167.04094,156.66066,164.62627,179.1063,166.8585425,9.291944192415187,57.1414575,Healthy
95,60,223,165.17534,163.0478,164.6302,179.65189,168.1263075,7.736520906916648,54.873692500000004,Healthy
95,61,222,137.14297,134.32375,164.5742,175.63022,152.917785,20.382260588944337,69.08221499999999,Warning
95,62,221,156.64758,159.91382,164.55777,168.26161,162.345195,5.107962922786992,58.65480500000001,Healthy
95,63,220,155.59016,156.09654,164.54019,169.84456,161.51786249999998,6.9040265872236946,58.48213750000002,Healthy
95,64,219,162.24773,175.8054,164.5875,177.51944,170.0400175,7.7380248960415186,48.959982499999995,Healthy
95,65,218,161.58342,176.38144,164.55295,174.03993,169.139435,7.178456078213013,48.86056500000001,Healthy
95,66,217,162.36035,174.43466,164.55124,174.70639,169.01316000000003,6.480075644244694,47.98683999999997,Healthy
95,67,216,154.17897,158.75624,164.52567,170.86676,162.08191,7.2263890026439475,53.91809000000001,Healthy
95,68,215,158.41478,147.54811,164.54591,173.69193,161.0501825,10.973987405683117,53.949817499999995,Healthy
95,69,214,150.39053,163.8487,164.50203,170.71158,162.36321,8.560015178565196,51.63678999999999,Healthy
95,70,213,156.38997,161.9475,164.4566,177.61313,165.10180000000003,8.99620756852205,47.898199999999974,Healthy
95,71,212,170.06111,168.36366,164.51427,177.73604,170.16877,5.552985932229011,41.831230000000005,Healthy
95,72,211,149.58043,155.43236,164.52719,175.405,161.236245,11.271306366913878,49.763755,Healthy
95,73,210,153.16359,162.53891,164.50749,172.8057,163.2539225,8.065026094652454,46.74607750000001,Healthy
95,74,209,172.98479,159.68504,164.5374,172.5904,167.4494075,6.476507640734451,41.55059249999999,Healthy
95,75,208,155.58458,157.56708,164.51901,171.78485,162.36388,7.35679866490401,45.636120000000005,Healthy
95,76,207,151.92589,149.25629,164.5335,170.5109,159.056645,10.133944991826557,47.943355,Healthy
95,77,206,146.31036,148.3968,164.4536,170.3315,157.373065,11.84640295339616,48.626935,Healthy
95,78,205,173.37428,174.96307,164.47726,174.5445,171.8397775,4.9541848203606245,33.1602225,Healthy
95,79,204,147.52171,148.14742,164.42033,175.42816,158.87940500000002,13.524494810760947,45.12059499999998,Healthy
95,80,203,169.46277,185.58412,164.46928,175.05356,173.64243249999998,9.059276766038876,29.357567500000016,Healthy
95,81,202,141.8348,141.28868,164.39293,173.53552,155.2629825,16.256678460010157,46.73701750000001,Warning
95,82,201,171.75795,154.05714,164.46172,171.87798,165.5386975,8.40340501294713,35.46130249999999,Healthy
95,83,200,139.9514,139.41408,164.3306,166.63116,152.58181000000002,14.925757066311013,47.41818999999998,Healthy
95,84,199,155.65498,150.7712,164.27979,166.3761,159.27051749999998,7.323310340350989,39.72948250000002,Healthy
95,85,198,165.42128,168.70488,164.3181,170.11728,167.14038499999998,2.7221415018510737,30.85961500000002,Healthy
95,86,197,146.52873,130.68819,164.03174,170.58057,152.95730749999998,17.98575954510749,44.042692500000015,Warning
95,87,196,173.71617,172.56668,163.9109,171.42497,170.40468,4.4290849466001445,25.595319999999987,Healthy
95,88,195,150.53397,149.60773,163.56361,171.80865,158.87849,10.719412173684399,36.12151,Healthy
95,89,194,135.43019,125.15325,161.99759,169.04376,147.9061975,20.96593486355326,46.09380250000001,Warning
95,90,193,164.50316,171.27013,160.65356,163.3418,164.9421625,4.516236169292409,28.057837500000005,Healthy
95,91,192,159.51152,170.90509,160.44867,167.66425,164.6323825,5.545741998587001,27.367617499999994,Healthy
95,92,191,149.5804,155.07399,161.1441,169.36798,158.7916175,8.48647747311912,32.2083825,Healthy
95,93,190,159.61278,142.48686,160.73022,171.9434,158.693315,12.154674464850956,31.306684999999987,Healthy
95,94,189,162.89064,146.67418,161.44125,174.61838,161.4061125,11.457150666989223,27.593887499999994,Healthy
95,95,188,139.19392,133.89775,161.02966,174.2549,152.09405750000002,18.872087735606385,35.90594249999998,Warning
95,96,187,147.29707,153.58136,160.22234,171.15445,158.063805,10.198678927529457,28.936194999999998,Healthy
95,97,186,163.96999,160.56848,161.39001,172.86942,164.69947499999998,5.63612833851099,21.30052500000002,Healthy
95,98,185,147.27403,151.69112,161.80254,172.22879,158.24912,11.128311215295271,26.750879999999995,Healthy
95,99,184,164.63206,152.47945,161.7793,170.93097,162.455445,7.671371567607705,21.544555000000003,Healthy
95,100,183,142.94043,150.51366,160.495,170.93636,156.2213625,12.162184080233773,26.778637500000002,Healthy
95,101,182,149.24094,138.79073,160.26923,166.0342,153.583775,12.074805553257024,28.416224999999997,Healthy
95,102,181,148.05403,150.86485,158.95467,165.32138,155.7987325,7.852056423860673,25.2012675,Healthy
95,103,180,152.44142,143.61711,158.79504,162.91237,154.441485,8.403901632894494,25.558515,Healthy
95,104,179,141.40732,141.74629,156.3947,162.49895,150.51181499999998,10.614863779344203,28.488185000000016,Healthy
95,105,178,156.85207,160.21082,157.40137,166.46744,160.23292500000002,4.408988930404953,17.767074999999977,Healthy
95,106,177,167.98593,161.99376,159.0875,168.32237,164.34739,4.555050542017432,12.65261000000001,Healthy
95,107,176,138.03253,134.91994,157.66145,164.89694,148.877715,14.676592370003103,27.122285000000005,Healthy
95,108,175,147.58368,152.33028,156.51176,162.13,154.63893,6.1841205070945,20.361070000000012,Healthy
95,109,174,153.84758,147.94403,154.79459,160.38513,154.2428325,5.094552397416777,19.75716750000001,Healthy
95,110,173,145.7134,146.80496,147.50414,155.70631,148.93220250000002,4.575796656076221,24.067797499999983,Healthy
95,111,172,140.80717,138.18695,142.5299,153.44215,143.7415425,6.709046212060124,28.25845749999999,Healthy
95,112,171,136.28807,113.17823,137.1729,149.30096,133.98504,15.088264163282668,37.01496,Warning
95,113,170,143.62506,144.22505,134.7629,151.10779,143.43019999999999,6.701672289814433,26.569800000000015,Healthy
95,114,169,140.48366,136.59431,137.39572,152.83931,141.82825000000003,7.529781199038923,27.171749999999975,Healthy
95,115,168,143.19777,143.85022,135.51363,151.18555,143.43679250000002,6.404368322961941,24.563207499999976,Healthy
95,116,167,148.6531,147.99745,139.82413,154.76349,147.80954249999996,6.133816025723707,19.190457500000036,Healthy
95,117,166,157.94258,153.87703,145.55475,154.52771,152.97551750000002,5.258692058952644,13.024482499999976,Healthy
95,118,165,161.75066,159.3431,149.99634,163.87418,158.74107,6.116621974423463,6.258929999999992,Healthy
95,119,164,138.7621,139.92885,149.31146,160.258,147.06510250000002,9.98272869713946,16.934897499999977,Healthy
95,120,163,164.3904,165.3747,153.14981,160.0558,160.74267749999999,5.564319348913362,2.257322500000015,Healthy
95,121,162,119.44768,111.05226,147.80055,156.86661,133.791775,21.996457222941604,28.208225,Warning
95,122,161,145.13914,134.61412,139.99622,152.85081,143.1500725,7.764662865346542,17.849927500000007,Healthy
95,123,160,138.24452,144.02248,139.68178,152.92557,143.7185875,6.6111548964225335,16.281412499999988,Healthy
95,124,159,152.81831,161.37675,140.64108,150.95871,151.4487125,8.514433796373368,7.551287500000001,Healthy
95,125,158,148.35396,140.0209,140.72784,155.16653,146.0673075,7.143612218849204,11.932692500000002,Healthy
95,126,157,154.93266,162.29124,140.57068,155.62753,153.3555275,9.146012350809405,3.644472500000006,Healthy
95,127,156,143.25351,138.35469,139.92633,156.3478,144.4705825,8.177284244944957,11.529417499999994,Healthy
95,128,155,140.29245,145.89168,137.2745,154.33226,144.4477225,7.494676008885129,10.552277500000002,Healthy
95,129,154,112.75634,102.14525,127.267815,147.15935,122.33218875,19.493227179307844,31.66781125,Warning
95,130,153,153.54959,179.23344,129.30711,141.75421,150.96108750000002,21.28918031886366,2.038912499999981,Warning
95,131,152,126.296455,113.8868,125.35878,138.73625,126.06957125,10.155808950589465,25.930428750000004,Healthy
95,132,151,148.17448,160.36449,124.7601,142.5748,143.96846749999997,14.803420619193332,7.031532500000026,Healthy
95,133,150,137.46704,128.57175,126.5284,138.95277,132.87999,6.240280764426114,17.120010000000008,Healthy
95,134,149,113.412605,125.36393,117.35924,134.08731,122.55577124999999,9.155391264446664,26.444228750000008,Healthy
95,135,148,122.55347,120.04577,117.03715,126.80184,121.6095575,4.1313077049394025,26.390442500000006,Healthy
95,136,147,122.644455,121.21337,109.972725,118.36648,118.04925750000001,5.6703455307628,28.95074249999999,Healthy
95,137,146,148.5438,151.56421,115.10198,120.46568,133.91891750000002,18.799913755650362,12.08108249999998,Warning
95,138,145,128.5399,121.10162,110.31205,113.6039,118.3893675,8.134973485854657,26.610632499999994,Healthy
95,139,144,132.49535,128.07573,109.68418,110.77157,120.2567075,11.728422090950328,23.743292499999995,Healthy
95,140,143,129.18985,123.9373,105.39987,107.36102,116.47201,11.87541482797408,26.527990000000003,Healthy
95,141,142,132.16707,130.01202,103.94281,105.949394,118.01782349999999,15.141718548654765,23.98217650000001,Warning
95,142,141,125.00792,126.18216,101.921486,108.43137,115.385734,12.094054057567185,25.614266,Healthy
95,143,140,130.53911,131.78171,100.82888,107.14059,117.5725725,15.908154938559813,22.427427499999993,Warning
95,144,139,125.52931,121.29869,98.71014,103.080986,112.1547815,13.236077277565117,26.8452185,Healthy
95,145,138,120.856,119.616234,96.80769,96.85932,108.53481099999999,13.520997141709781,29.46518900000001,Healthy
95,146,137,132.88469,141.13051,100.95186,95.088356,117.51385400000001,22.885305662260457,19.48614599999999,Warning
95,147,136,130.82631,123.31957,104.62722,93.838005,113.15277625,16.94562862195016,22.847223749999998,Warning
95,148,135,130.72298,123.47852,107.962166,99.52314,115.42170150000001,14.22966825241717,19.57829849999999,Healthy
95,149,134,135.0947,137.47342,109.70815,106.8957,122.2929925,16.22532969442814,11.707007500000003,Warning
95,150,133,126.66869,108.36985,111.48632,105.73844,113.06582499999999,9.367951117010593,19.93417500000001,Healthy
95,151,132,138.1347,152.61047,114.286514,108.88094,128.478156,20.502609578826398,3.5218439999999873,Warning
95,152,131,155.03093,157.27591,121.109825,117.29463,137.67782375000002,21.410188004906058,6.677823750000016,Warning
95,153,130,123.85832,98.879326,124.12532,116.78652,115.9123715,11.852979867715781,14.087628499999994,Healthy
95,154,129,130.55156,117.79995,124.63625,119.273384,123.06528599999999,5.791214906012728,5.934714000000014,Healthy
95,155,128,140.20381,140.64323,126.84636,116.180244,130.968411,11.75550800034395,2.9684110000000032,Healthy
95,156,127,115.23918,117.03776,122.52837,112.82944,116.90868750000001,4.124116332414937,10.091312499999987,Healthy
95,157,126,96.505226,109.55779,111.40245,101.07003,104.63387399999999,7.043542484836071,21.36612600000001,Healthy
95,158,125,122.034424,101.29551,109.52769,95.67658,107.133551,11.447165950952986,17.866449000000003,Healthy
95,159,124,137.59267,116.42383,110.71245,93.72488,114.6134575,18.100388441480796,9.386542500000004,Warning
95,160,123,108.572365,71.95515,104.05244,94.00597,94.64648125,16.30653311594077,28.353518750000006,Warning
95,161,122,103.23829,100.34127,97.55041,95.35548,99.1213625,3.4198942044979033,22.878637499999996,Healthy
95,162,121,111.70339,100.355156,100.30625,100.933495,103.32457274999999,5.593136847178298,17.675427250000013,Healthy
95,163,120,109.77532,109.72985,98.74257,121.43628,109.92100500000001,9.266727788673121,10.078994999999992,Healthy
95,164,119,119.76405,120.79296,97.32664,109.26189,111.786385,10.957780075558187,7.213615000000004,Healthy
95,165,118,125.00693,138.57756,98.911705,113.8134,119.07739875,16.830334883571776,1.0773987500000004,Warning
95,166,117,134.76619,114.21841,100.93398,124.001945,118.48013125,14.396247524948048,1.4801312499999995,Healthy
95,167,116,100.21115,79.0599,96.45043,117.20811,98.23239749999999,15.649847655248653,17.76760250000001,Warning
95,168,115,98.1696,94.54105,89.70525,113.12415,98.88501249999999,10.106151617486498,16.114987500000012,Healthy
95,169,114,109.85628,115.55715,88.85252,106.026375,105.07308125,11.500870460904524,8.926918749999999,Healthy
95,170,113,121.10144,122.1265,90.00892,107.705864,110.235681,14.999756995158862,2.7643190000000004,Healthy
95,171,112,125.99867,123.2282,93.7261,108.13486,112.77195750000001,14.927896613513854,0.7719575000000134,Healthy
95,172,111,121.9399,105.44448,94.58488,115.09981,109.26726749999999,11.899585055296045,1.7327325000000116,Healthy
95,173,110,117.930016,105.16306,93.444046,107.675156,106.0530695,10.057710364209589,3.9469304999999935,Healthy
95,174,109,111.165955,109.508995,91.50809,103.97584,104.03972,8.90209760697163,4.960279999999997,Healthy
95,175,108,107.18204,104.520645,91.21225,95.41994,99.58371875,7.517230632072755,8.416281249999997,Healthy
95,176,107,114.988846,127.10311,93.772865,98.04507,108.47747275,15.4312762573177,1.477472750000004,Warning
95,177,106,120.10963,97.74043,97.30859,96.20429,102.840735,11.5307541839653,3.159265000000005,Healthy
95,178,105,99.02519,90.16131,94.301285,101.04775,96.13388375,4.8831611595996804,8.866116250000005,Healthy
95,179,104,86.74103,96.74633,85.80418,90.06925,89.8401975,4.954506622213592,14.159802499999998,Healthy
95,180,103,95.837395,92.4718,85.02198,93.61083,91.73550125,4.688848248071118,11.264498750000001,Healthy
95,181,102,102.51285,98.81507,83.395485,88.205696,93.23227525,8.931696484804196,8.76772475,Healthy
95,182,101,98.65425,114.54942,82.783485,97.23568,98.30570875,12.987994813765757,2.6942912500000062,Healthy
95,183,100,116.74281,120.118256,87.10453,91.93348,103.97476900000001,16.864485842498453,3.974769000000009,Warning
95,184,99,91.56569,80.801704,82.14805,101.10472,88.905041,9.43808276282657,10.094959000000003,Healthy
95,185,98,91.86432,99.689545,79.37324,107.206535,94.53341,11.8904530508142,3.4665899999999965,Healthy
95,186,97,82.27594,101.48143,75.18516,94.25976,88.30057250000002,11.797699802654686,8.699427499999985,Healthy
95,187,96,99.65009,86.734604,76.78285,84.8343,87.000461,9.472339060079657,8.999538999999999,Healthy
95,188,95,88.044846,114.33572,73.310165,86.46627,90.53925025,17.184533470476104,4.460749750000005,Warning
95,189,94,92.33852,77.14248,67.80211,83.374916,80.1645065,10.335615209004043,13.835493499999998,Healthy
95,190,93,82.31072,104.801445,65.44016,72.05997,81.15307375,17.225618536946342,11.846926249999996,Warning
95,191,92,83.83334,115.47581,65.97036,69.03761,83.57927999999998,22.649410606605198,8.420720000000017,Warning
95,192,91,106.9978,111.95482,70.61796,74.81382,91.0961,21.38860384088062,0.09610000000000696,Warning
95,193,90,102.95137,87.3695,71.204834,74.86679,84.0981235,14.348068860925116,5.9018765,Healthy
95,194,89,101.868034,76.52389,68.370026,83.385216,82.53679149999999,14.274324151037753,6.4632085000000075,Healthy
95,195,88,84.19095,103.60902,65.59404,78.8992,83.0733025,15.768244231138258,4.926697500000003,Warning
95,196,87,109.38631,107.44015,68.78541,76.90347,90.62883500000001,20.816532216155345,3.6288350000000094,Warning
95,197,86,77.45462,68.92661,64.78423,71.38424,70.63742500000001,5.298385288132608,15.362574999999993,Healthy
95,198,85,72.0741,106.46691,61.421684,64.780754,76.185862,20.671283585611352,8.814138,Warning
95,199,84,80.17389,81.97674,60.60327,61.262066,71.0039915,11.655733472025219,12.996008500000002,Healthy
95,200,83,88.96773,108.22552,61.321,63.57539,80.52241000000001,22.321001817742562,2.477589999999992,Warning
95,201,82,85.15446,75.64588,63.236336,65.911476,72.487038,9.987581722914646,9.512962000000002,Healthy
95,202,81,63.31587,75.31298,61.77672,59.48731,64.97322,7.070366955545281,16.026780000000002,Healthy
95,203,80,83.18263,73.67093,65.41685,60.63091,70.72533000000001,9.898453712521636,9.274669999999986,Healthy
95,204,79,71.271194,82.32097,65.79364,60.494663,69.97011675,9.335658516769323,9.029883249999997,Healthy
95,205,78,83.3335,79.16749,63.66081,62.810314,72.2430285,10.54478231761325,5.756971500000006,Healthy
95,206,77,67.50578,107.33945,64.53114,62.151752,75.3820305,21.417236647680788,1.617969500000001,Warning
95,207,76,75.76558,96.86823,63.19263,59.79155,73.90449749999999,16.78010757691653,2.095502500000009,Warning
95,208,75,82.28901,69.67031,63.649208,57.973392,68.39547999999999,10.42117049675848,6.604520000000008,Healthy
95,209,74,81.66064,77.09406,63.063705,59.044262,70.21566675,10.866623936878874,3.784333250000003,Healthy
95,210,73,78.07953,82.782555,62.931957,54.862705,69.66418675,13.00405535413597,3.335813250000001,Healthy
95,211,72,62.192852,62.677547,60.38199,52.910015,59.540600999999995,4.52943969038975,12.459399000000005,Warning
95,212,71,61.29719,106.252235,57.619255,50.02036,68.79726,25.40764958069092,2.2027400000000057,Warning
95,213,70,59.815254,55.990707,54.581924,48.8493,54.809296249999996,4.5471088908259345,15.190703750000004,Warning
95,214,69,83.75601,86.81676,59.27276,54.207706,71.01330899999999,16.657273439349872,2.0133089999999925,Warning
95,215,68,65.432144,80.98216,55.94883,53.54491,63.977011000000005,12.4441810498301,4.0229889999999955,Healthy
95,216,67,74.35086,73.58242,57.904007,57.337997,65.79382100000001,9.445198344553948,1.2061789999999917,Healthy
95,217,66,66.183876,81.4437,57.567417,57.593964,65.69723925,11.253812999328998,0.30276075000000446,Healthy
95,218,65,54.527714,57.44339,54.07793,57.297653,55.83667175,1.78162404210435,9.16332825,Warning
95,219,64,70.32213,80.139854,54.81045,55.084747,65.08929525,12.378038664883258,1.0892952500000064,Healthy
95,220,63,57.102127,77.152115,53.641727,55.18214,60.76952725,11.013074633748024,2.230472749999997,Healthy
95,221,62,63.216187,77.421585,52.04998,55.53413,62.0554705,11.256145872115269,0.055470499999998424,Healthy
95,222,61,50.943005,57.630177,50.506607,52.351784,52.857893250000004,3.277508342368064,8.142106749999996,Warning
95,223,60,59.8186,59.30007,48.785145,50.56868,54.61812375,5.755785775984276,5.381876249999998,Warning
95,224,59,54.429947,66.006386,49.393173,48.115723,54.48630725,8.149432517234004,4.513692749999997,Warning
95,225,58,58.969822,59.517967,50.81803,47.210728,54.12913675,6.090964146308713,3.8708632499999993,Warning
95,226,57,50.50275,58.76347,50.4095,44.852276,51.13199900000001,5.73271982249182,5.8680009999999925,Warning
95,227,56,59.04339,59.174606,51.893272,44.06436,53.543907,7.177174275073349,2.4560930000000027,Warning
95,228,55,42.88493,53.15381,50.79822,39.49676,46.58342999999999,6.450688387745916,8.416570000000007,Warning
95,229,54,58.988567,69.02242,51.290558,38.61145,54.47824875,12.829556538922754,0.4782487499999988,Warning
95,230,53,51.82239,67.40258,47.97372,37.41149,51.152545,12.428915891566461,1.8474549999999965,Warning
95,231,52,53.22118,93.3797,48.650864,38.60814,58.46497099999999,24.06343061414375,6.464970999999991,Critical
95,232,51,45.165535,68.8131,45.307976,36.737972,49.00614575,13.79915787593109,1.9938542499999983,Warning
95,233,50,46.185734,45.558,45.842495,36.982803,43.642258,4.447048509080077,6.357742000000002,Warning
95,234,49,39.16676,74.7521,44.99547,34.8659,48.445057500000004,18.02258270360896,0.5549424999999957,Critical
95,235,48,49.32833,85.04358,46.134953,35.79478,54.07541075,21.43824162752974,6.075410750000003,Critical
95,236,47,41.08473,45.543133,43.08113,33.381702,40.772673749999996,5.253890438730039,6.227326250000004,Warning
95,237,46,35.83479,30.304564,42.835457,32.959175,35.4834965,5.39655047821047,10.516503499999999,Warning
95,238,45,56.184933,36.236427,42.295364,33.531902,42.0621565,10.10299572484896,2.9378434999999996,Warning
95,239,44,31.506214,30.282625,40.07135,36.73736,34.64938725,4.571850861327784,9.350612750000003,Warning
95,240,43,41.1749,41.79973,39.320137,33.126453,38.855305,3.9617325154019003,4.144694999999999,Warning
95,241,42,34.81461,41.509792,38.782402,33.16765,37.0686135,3.784141712371906,4.931386500000002,Warning
95,242,41,36.54571,41.743057,38.995777,32.083252,37.341949,4.0984870933950726,3.6580510000000004,Warning
95,243,40,38.325924,42.92205,39.700474,31.520515,38.11724075,4.801151208211587,1.8827592499999994,Warning
95,244,39,52.360844,42.161064,40.261993,31.885801,41.66742549999999,8.411268167481861,2.667425499999993,Warning
95,245,38,46.344852,41.083633,39.781162,35.08013,40.57244425,4.6322654137511305,2.5724442499999967,Warning
95,246,37,29.977491,31.592093,38.08002,32.467766,33.0293425,3.5215619204012767,3.9706575000000015,Warning
95,247,36,35.504692,56.599648,40.18073,32.24284,41.131977500000005,10.814139048721401,5.131977500000005,Warning
95,248,35,37.702747,54.456974,40.776142,32.58186,41.379430750000004,9.350603354334357,6.3794307500000045,Warning
95,249,34,25.767275,31.121313,38.62922,34.474606,32.4981035,5.437424514307637,1.5018965000000009,Warning
95,250,33,30.593443,23.365194,37.58938,32.923336,31.11783825,5.930687368608823,1.8821617500000016,Warning
95,251,32,41.784626,31.589355,40.15918,35.70186,37.308755250000004,4.598985097833751,5.308755250000004,Warning
95,252,31,25.023357,27.13323,39.853607,29.875607,30.47145025,6.562655178059834,0.5285497499999998,Warning
95,253,30,22.19246,31.688435,36.839996,28.91927,29.910040249999998,6.102721938808964,0.089959750000002,Critical
95,254,29,22.253773,20.66238,32.182407,25.918545,25.254276249999997,5.116274021373586,3.7457237500000033,Critical
95,255,28,30.627546,29.120071,32.39345,26.40348,29.63613675,2.5365371527113343,1.6361367499999986,Critical
95,256,27,22.901337,26.819675,30.250225,23.430803,25.85051,3.4082926433542444,1.1494900000000001,Critical
95,257,26,21.297392,24.396858,29.66476,22.70372,24.5156825,3.6591310537978377,1.4843174999999995,Critical
95,258,25,27.979136,27.503384,26.887049,19.508669,25.4695595,3.9989960549181585,0.469559499999999,Critical
95,259,24,37.56892,27.603077,28.946665,22.474758,29.148355000000002,6.2682101323801085,5.148355000000002,Critical
95,260,23,25.129349,28.891466,26.898706,18.836994,24.939128750000002,4.348683516771589,1.9391287500000018,Critical
95,261,22,23.46573,24.980549,25.999762,17.704317,23.037589500000003,3.7048012715660836,1.0375895000000028,Critical
95,262,21,25.414433,29.792347,25.09831,18.301775,24.65171625,4.744436081860054,3.6517162499999998,Critical
95,263,20,21.512117,23.047585,23.093254,17.929096,21.395513,2.4249611479341273,1.3955130000000011,Critical
95,264,19,15.38615,19.460205,20.435696,14.123767,17.351454500000003,3.0681027078065135,1.6485454999999973,Critical
95,265,18,13.848734,25.386292,19.571201,13.247895,18.0135305,5.681571411963566,0.013530500000001666,Critical
95,266,17,19.152687,21.14987,18.837303,11.39702,17.63422,4.282351748649256,0.6342199999999991,Critical
95,267,16,13.277279,17.119915,17.220795,9.431549,14.2623845,3.7069789010788368,1.7376155000000004,Critical
95,268,15,17.619934,21.199284,16.230247,8.005613,15.763769499999999,5.579628364782878,0.7637694999999987,Critical
95,269,14,14.581273,17.180382,15.79684,9.019727,14.1445555,3.57774956903829,0.14455549999999917,Critical
95,270,13,7.2675934,11.990316,13.881215,8.07752,10.3041611,3.1526236129712513,2.6958389,Critical
95,271,12,8.574011,12.2280855,11.894869,6.468928,9.791473375,2.7618154781737734,2.2085266249999993,Critical
95,272,11,8.487873,10.466018,10.509443,6.014021,8.869338749999999,2.1242788698078816,2.130661250000001,Critical
95,273,10,9.917501,11.434828,9.446909,4.6174016,8.854159899999999,2.9491249846622027,1.145840100000001,Critical
95,274,9,14.187626,16.157475,9.53015,5.6230707,11.374580425,4.735366709911943,2.3745804249999996,Critical
95,275,8,11.890011,8.479383,8.504411,4.4752254,8.3372576,3.032352734731736,0.33725759999999916,Critical
95,276,7,15.210641,15.429157,7.98156,4.0303807,10.662934675,5.614833047348576,3.6629346750000007,Critical
95,277,6,10.820045,11.253527,8.123802,4.5039783,8.675338074999999,3.106512532387944,2.675338074999999,Critical
95,278,5,12.357788,7.61668,6.9962645,3.640753,7.652871374999999,3.590068555851252,2.6528713749999993,Critical
95,279,4,8.796044,4.9082613,6.0709434,3.947824,5.930768175000001,2.098177189659469,1.9307681750000008,Critical
95,280,3,6.7067323,3.253783,4.921641,2.8117418,4.423474525,1.772690661527896,1.4234745249999996,Critical
95,281,2,11.662588,13.129584,4.91093,4.3563347,8.514859175,4.527159273900774,6.514859175,Critical
95,282,1,14.893341,11.583361,3.9690104,3.5128984,8.489652699999999,5.650443789537348,7.489652699999999,Critical
95,283,0,5.9802394,8.441569,3.2340271,3.7630577,5.3547233,2.377017635742002,5.3547233,Critical
96,30,306,179.3666,175.80353,151.26157,155.9592,165.597725,14.049518127244314,140.402275,Healthy
96,31,305,181.91429,166.32103,162.37585,156.33466,166.7364575,10.92018724512656,138.2635425,Healthy
96,32,304,166.48657,143.47035,157.20753,155.32434,155.6221975,9.456990107990228,148.3778025,Healthy
96,33,303,161.2303,132.29886,151.36319,150.59673,148.87227,12.063405672349196,154.12773,Healthy
96,34,302,157.54436,148.43709,158.896,151.75815,154.1589,4.912710251996001,147.8411,Healthy
96,35,301,203.70091,185.51799,162.6067,152.90497,176.1826425,22.88055951332102,124.81735750000001,Warning
96,36,300,183.04964,177.45657,162.90889,159.01372,170.60720500000002,11.480431727028677,129.39279499999998,Healthy
96,37,299,159.26006,147.0849,145.73073,155.3848,151.8651225,6.520596312875974,147.1348775,Healthy
96,38,298,163.88358,158.27827,138.20981,154.37682,153.68712,11.031307957811103,144.31288,Healthy
96,39,297,175.84705,160.77826,140.71152,148.46063,156.449365,15.346108816510016,140.550635,Warning
96,40,296,165.40579,154.72615,133.35876,149.87206,150.84069,13.339103643341259,145.15931,Healthy
96,41,295,186.1458,149.10345,140.77634,154.35086,157.5941125,19.838064148055334,137.4058875,Warning
96,42,294,170.6527,157.28702,139.3536,156.93028,156.0559,12.836323362095035,137.9441,Healthy
96,43,293,166.54274,157.09453,145.2031,142.42136,152.8154325,11.146509107337526,140.1845675,Healthy
96,44,292,158.73712,156.70238,122.1813,137.5264,143.7868,17.285008082620813,148.2132,Warning
96,45,291,175.62279,171.57867,112.915474,137.47832,149.39881350000002,29.736482666857484,141.60118649999998,Warning
96,46,290,172.9577,166.88676,113.62933,134.40005,146.96846,27.93827595344542,143.03154,Warning
96,47,289,184.64993,171.93181,106.62342,138.73245,150.48440250000002,35.06740524215175,138.51559749999998,Warning
96,48,288,152.53719,149.99687,102.823105,139.58965,136.23670375,22.969246520768223,151.76329625,Warning
96,49,287,175.40979,151.26244,113.05795,142.39249,145.5306675,25.75487473093248,141.4693325,Warning
96,50,286,157.50763,152.03032,114.52757,141.88036,141.48647,19.103121726655047,144.51353,Warning
96,51,285,172.73512,156.03699,117.3426,145.82216,147.9842175,23.245340286825048,137.0157825,Warning
96,52,284,192.91881,173.64098,133.16103,150.64864,162.592365,26.144605603668357,121.407635,Warning
96,53,283,155.37105,143.5128,135.2499,150.60643,146.185045,8.768306995258547,136.814955,Healthy
96,54,282,169.90169,161.13559,136.481,150.36343,154.4704275,14.411051126803986,127.5295725,Healthy
96,55,281,166.39886,158.19109,129.19145,146.99245,150.1934625,16.102877215341316,130.8065375,Warning
96,56,280,159.3123,154.31972,124.15394,142.75867,145.13615750000002,15.612033119805105,134.86384249999998,Warning
96,57,279,171.58359,164.40224,123.22104,146.90479,151.527915,21.53006271040952,127.47208499999999,Warning
96,58,278,166.70976,138.76726,114.867065,142.36662,140.67767625,21.21602585079314,137.32232375,Warning
96,59,277,175.37714,154.21852,121.213776,146.52531,149.3336865,22.366190359730815,127.6663135,Warning
96,60,276,174.97836,150.46107,132.03432,153.15672,152.65761750000001,17.593652925132545,123.34238249999999,Warning
96,61,275,144.68375,127.44156,131.91556,154.41785,139.61468000000002,12.278580428570178,135.38531999999998,Healthy
96,62,274,190.55586,179.75218,145.74261,155.10503,167.78892000000002,20.883598005287944,106.21107999999998,Warning
96,63,273,169.16237,158.03355,143.24146,150.71321,155.2876475,11.046628697149725,117.71235250000001,Healthy
96,64,272,188.87935,166.10695,150.65984,158.17621,165.9555875,16.532799759206693,106.04441249999999,Warning
96,65,271,186.07204,169.32857,158.03796,164.25378,169.4230875,12.021361835303498,101.57691249999999,Healthy
96,66,270,184.5525,175.89064,160.99223,164.7433,171.54466749999997,10.734736767154175,98.45533250000003,Healthy
96,67,269,166.98322,157.70955,162.87856,163.85806,162.8573475,3.852467541073505,106.1426525,Healthy
96,68,268,187.49117,178.51566,163.40031,167.66083,174.26699250000001,10.872844117483327,93.73300749999999,Healthy
96,69,267,154.12813,141.05746,163.69243,163.1357,155.50343,10.581253323430081,111.49656999999999,Healthy
96,70,266,163.12688,159.3655,163.45776,161.56308,161.878305,1.8679019778261055,104.12169499999999,Healthy
96,71,265,179.77069,158.69316,162.98453,159.27353,165.1804775,9.910832513492077,99.8195225,Healthy
96,72,264,178.35725,167.19226,163.49117,163.14276,168.04586,7.114281113792633,95.95414,Healthy
96,73,263,181.24126,151.10161,162.05278,158.46017,163.213955,12.853526444377051,99.786045,Healthy
96,74,262,168.85054,160.97646,159.18655,161.2221,162.55891250000002,4.291411151166743,99.44108749999998,Healthy
96,75,261,167.2734,148.58942,160.47537,158.28638,158.6561425,7.725333686783921,102.34385750000001,Healthy
96,76,260,181.9783,160.0991,161.17163,159.97052,165.8048875,10.79571214382011,94.1951125,Healthy
96,77,259,169.23662,160.26782,160.00313,156.84868,161.5890625,5.329703731618197,97.41093749999999,Healthy
96,78,258,170.43547,173.83147,155.49054,162.57536,165.58321,8.215582135726391,92.41678999999999,Healthy
96,79,257,154.14839,157.24904,150.37543,156.19754,154.49259999999998,3.0317404907742405,102.50740000000002,Healthy
96,80,256,166.37987,161.80972,160.0917,156.04466,161.0814875,4.279894478850118,94.91851249999999,Healthy
96,81,255,148.26556,146.68578,156.30136,143.44168,148.67359499999998,5.46728556957655,106.32640500000002,Healthy
96,82,254,171.28947,152.6515,154.5863,141.90845,155.10893,12.143237504111774,98.89107000000001,Healthy
96,83,253,166.62965,149.59853,153.3762,140.48189,152.5215675,10.851518650512702,100.4784325,Healthy
96,84,252,171.73598,158.25642,153.37076,144.51797,156.9702825,11.368034441011568,95.0297175,Healthy
96,85,251,163.24397,157.34537,129.09598,137.50645,146.7979425,16.13909700724171,104.2020575,Warning
96,86,250,155.77885,126.263145,122.1222,148.21875,138.09573625000002,16.435043811905594,111.90426374999998,Warning
96,87,249,146.11731,135.46716,106.319756,137.85857,131.440699,17.35767019707937,117.559301,Warning
96,88,248,159.09653,144.18687,107.91561,139.25856,137.6143925,21.52053794872296,110.38560749999999,Warning
96,89,247,158.53111,155.04512,106.60094,145.23831,141.35387,23.84227980065805,105.64613,Warning
96,90,246,169.63043,164.03925,113.95335,144.54614,148.0422925,25.14113106078878,97.9577075,Warning
96,91,245,154.66544,147.69853,122.73549,147.17517,143.0686575,13.978820040979555,101.9313425,Healthy
96,92,244,166.77843,148.81319,124.63909,139.75989,144.99765,17.61501081456002,99.00235,Warning
96,93,243,180.89058,157.03743,130.64543,151.42067,154.9985275,20.65937985679527,88.0014725,Warning
96,94,242,156.49916,147.14267,137.87154,147.34554,147.2147275,7.605220656467385,94.78527249999999,Healthy
96,95,241,187.98277,148.84087,150.00958,157.67027,161.12587249999999,18.32782381457288,79.87412750000001,Warning
96,96,240,169.54738,171.01051,159.98067,159.92665,165.11630250000002,5.991197546119228,74.88369749999998,Healthy
96,97,239,166.53989,146.31606,160.94434,159.40424,158.3011325,8.558085456040493,80.6988675,Healthy
96,98,238,171.17613,150.38884,162.64224,156.49252,160.1749325,8.87771969543747,77.82506749999999,Healthy
96,99,237,168.02354,157.55191,162.7809,152.61098,160.24183250000002,6.644983780212831,76.75816749999998,Healthy
96,100,236,155.93977,152.89888,162.7407,152.80757,156.09673,4.662323881592387,79.90326999999999,Healthy
96,101,235,169.22359,168.43672,163.20859,159.06418,164.98326999999998,4.764162960248114,70.01673000000002,Healthy
96,102,234,160.843,157.00862,159.40633,159.76547,159.255855,1.6177602387354277,74.744145,Healthy
96,103,233,158.84483,148.56673,162.8335,163.14543,158.3476225,6.808208945742749,74.6523775,Healthy
96,104,232,146.51358,146.18935,163.59981,160.11017,154.1032275,9.064594928196833,77.8967725,Healthy
96,105,231,169.1388,147.86432,164.38583,160.42415,160.453275,9.117491789801628,70.54672500000001,Healthy
96,106,230,156.62016,149.65154,164.32272,157.98987,157.1460725,6.01832936152758,72.8539275,Healthy
96,107,229,151.14627,143.5559,164.30334,162.03293,155.25961,9.687849948173909,73.74038999999999,Healthy
96,108,228,160.37416,155.64052,163.99973,142.90837,155.730695,9.207946875275729,72.269305,Healthy
96,109,227,170.90211,170.05309,158.05466,160.62563,164.9088725,6.524524624514155,62.0911275,Healthy
96,110,226,150.25687,123.55109,138.81067,139.0101,137.90718249999998,10.964258447195213,88.09281750000002,Healthy
96,111,225,168.97357,167.11464,120.2098,150.1264,151.6061025,22.583629712046402,73.39389750000001,Warning
96,112,224,170.18538,163.25996,113.25048,135.71631,145.60303249999998,26.207466063498497,78.39696750000002,Warning
96,113,223,159.23643,152.25702,109.82275,158.46489,144.94527250000002,23.622520880880288,78.05472749999998,Warning
96,114,222,176.46729,153.51375,106.03588,136.79688,143.20345,29.638138360932853,78.79655,Warning
96,115,221,149.8252,126.34421,103.81625,137.77733,129.4407475,19.58935023697379,91.55925250000001,Warning
96,116,220,161.45819,129.40398,110.9747,116.07644,129.4783275,22.69149585410854,90.5216725,Warning
96,117,219,152.38762,140.46053,97.066864,120.829185,127.68604975000001,24.206790016206345,91.31395024999999,Warning
96,118,218,154.44463,149.26077,107.59168,113.76085,131.26448249999999,23.999752295968076,86.73551750000001,Warning
96,119,217,146.43523,127.52577,109.654976,119.431,125.76174400000001,15.599263936910948,91.23825599999999,Warning
96,120,216,164.93925,149.48697,118.58945,110.972664,135.9970835,25.48773113270322,80.0029165,Warning
96,121,215,151.43788,125.35807,113.172264,112.67535,125.66089099999999,18.15796374296021,89.33910900000001,Warning
96,122,214,128.77638,127.022316,88.43453,101.18255,111.353944,19.814102312167396,102.646056,Warning
96,123,213,174.66737,159.14943,90.78857,105.80412,132.6023725,40.582223912882824,80.3976275,Warning
96,124,212,171.37141,155.32932,105.881004,121.17817,138.439976,30.153970938750955,73.560024,Warning
96,125,211,157.16167,155.12105,106.39387,137.5412,139.05444749999998,23.48765961937796,71.94555250000002,Warning
96,126,210,161.36148,145.75914,111.82194,146.9881,141.482665,21.004157892305514,68.517335,Warning
96,127,209,177.63554,170.66377,128.70538,158.97108,158.9939425,21.610889016435483,50.0060575,Warning
96,128,208,146.72736,154.6941,139.71329,164.26215,151.34922500000002,10.562329923265033,56.65077499999998,Healthy
96,129,207,168.60448,157.78331,149.96344,168.8208,161.2930075,9.143346694361515,45.70699250000001,Healthy
96,130,206,166.7042,149.45131,157.12502,169.18317,160.615925,9.079277232300294,45.384074999999996,Healthy
96,131,205,180.90265,142.81221,161.45316,175.81073,165.2446875,17.072441451400316,39.7553125,Warning
96,132,204,172.70221,157.66197,162.47356,173.09924,166.48424500000002,7.666798069948547,37.515754999999984,Healthy
96,133,203,145.44942,150.96484,161.75961,169.2825,156.8640925,10.697022401426715,46.1359075,Healthy
96,134,202,169.5129,165.52213,161.57562,171.91547,167.13153,4.5466217967702915,34.86847,Healthy
96,135,201,158.93697,152.98308,162.26508,176.83844,162.75589250000002,10.143159833455494,38.244107499999984,Healthy
96,136,200,153.81282,127.1127,162.47171,169.64484,153.2605175,18.5948513404551,46.73948250000001,Warning
96,137,199,156.1809,150.00288,161.82826,171.2489,159.815235,9.023518650746313,39.184765,Healthy
96,138,198,169.68584,152.36732,163.11353,171.2281,164.09869750000001,8.57594143273058,33.901302499999986,Healthy
96,139,197,168.4103,153.65178,163.27055,175.28302,165.1539125,9.111329662397889,31.84608750000001,Healthy
96,140,196,161.28264,151.10248,161.05777,170.77736,161.05506250000002,8.033860963589767,34.94493749999998,Healthy
96,141,195,144.39604,132.45595,161.00278,175.02829,153.220765,18.665308439238284,41.779235,Warning
96,142,194,159.52852,144.18085,148.33112,174.12187,156.54059,13.393875499294447,37.45940999999999,Healthy
96,143,193,145.6482,141.36502,141.88956,175.53409,151.1092175,16.39459848154136,41.8907825,Warning
96,144,192,150.2052,144.52666,132.00356,172.12576,149.715295,16.764013424582043,42.284705,Warning
96,145,191,152.4075,158.23683,125.679756,174.18585,152.62748399999998,20.186268802166087,38.37251600000002,Warning
96,146,190,179.01714,171.71436,125.38292,163.61786,159.93307,23.876704575768695,30.066930000000013,Warning
96,147,189,125.47969,120.29383,113.17829,158.98343,129.48381,20.30259648410846,59.516189999999995,Warning
96,148,188,151.93785,138.12723,103.04401,105.47384,124.6457325,24.226750569531433,63.354267500000006,Warning
96,149,187,155.27504,132.28001,92.960655,111.20955,122.93131375,26.88961931445831,64.06868625,Warning
96,150,186,135.90009,148.8238,81.18191,97.15771,115.7658775,31.835658512430552,70.2341225,Warning
96,151,185,147.60034,145.79788,75.229065,98.83791,116.86629875,35.77848385298683,68.13370125,Warning
96,152,184,146.65306,140.64128,79.24934,91.478035,114.50542875000002,34.106722565175325,69.49457124999998,Warning
96,153,183,148.32454,146.01805,81.95879,94.1477,117.61227,34.50549979040346,65.38773,Warning
96,154,182,153.0295,137.75285,79.41154,93.24108,115.8587425,35.12346975734447,66.1412575,Warning
96,155,181,162.49644,153.75967,88.528114,95.913185,125.17435225000001,38.33719391398473,55.82564774999999,Warning
96,156,180,144.82002,138.53261,89.72771,96.1459,117.30655999999999,28.377821027063845,62.69344000000001,Warning
96,157,179,129.13991,139.02531,91.97448,91.642685,112.94559625,24.738694465767374,66.05440375,Warning
96,158,178,127.20424,110.36207,94.89039,86.97291,104.85740249999999,17.78462745083213,73.14259750000001,Warning
96,159,177,151.56538,150.36192,94.57977,89.5333,121.5100925,34.075923980328966,55.4899075,Warning
96,160,176,146.3397,155.55833,100.22114,98.96093,125.270025,29.89385524284715,50.729974999999996,Warning
96,161,175,169.3876,167.0632,111.33885,114.86068,140.66258249999998,31.873388561137094,34.337417500000015,Warning
96,162,174,156.83083,149.068,134.92094,118.37795,139.79942999999997,16.91798299517804,34.20057000000003,Warning
96,163,173,144.87099,138.8297,132.09569,119.65323,133.8624025,10.814880171798412,39.1375975,Healthy
96,164,172,164.98936,152.2089,136.49945,121.55459,143.813075,18.866674225272632,28.186925000000002,Warning
96,165,171,147.1202,149.85843,153.01022,117.06173,141.762645,16.64219812767232,29.237355000000008,Warning
96,166,170,130.08005,135.36722,157.76198,118.666756,135.4690015,16.414866249702094,34.53099850000001,Warning
96,167,169,137.98946,129.55727,159.52689,106.20469,133.3195775,22.045431219027943,35.68042249999999,Warning
96,168,168,159.99821,148.73529,162.98764,116.24024,146.990345,21.398845683348593,21.00965500000001,Warning
96,169,167,143.89618,132.08363,162.06262,130.41954,142.1154925,14.588720683860243,24.884507500000012,Healthy
96,170,166,149.25218,152.3268,163.53372,151.6243,154.18425000000002,6.3702791218491015,11.81574999999998,Healthy
96,171,165,128.23265,138.56178,162.67761,126.147194,138.9048085,16.75226805032626,26.0951915,Warning
96,172,164,142.30768,145.56265,157.20348,142.08537,146.789795,7.122071084174419,17.210205000000002,Healthy
96,173,163,147.24109,146.891,157.65443,136.79465,147.14529249999998,8.5176603398131,15.854707500000018,Healthy
96,174,162,140.58206,136.32568,145.05428,155.59093,144.3882375,8.275178798947982,17.611762499999998,Healthy
96,175,161,135.0023,152.07434,135.33994,146.2282,142.161195,8.418041554841205,18.838805000000008,Healthy
96,176,160,145.55617,142.6552,130.70978,155.49495,143.604025,10.204031727007058,16.395974999999993,Healthy
96,177,159,126.665085,137.65837,129.95334,142.62848,134.22631875,7.2527211599904255,24.77368125000001,Healthy
96,178,158,141.7412,147.17348,128.90839,132.88947,137.678135,8.296782784318676,20.321865000000003,Healthy
96,179,157,153.56555,150.58788,139.14864,140.79443,146.024125,7.125610020877746,10.975875000000002,Healthy
96,180,156,126.5896,123.29112,134.66609,141.95491,131.62543,8.381807228973159,24.374570000000006,Healthy
96,181,155,137.96977,132.16924,127.793175,131.53351,132.36642375,4.204946296643546,22.633576250000004,Healthy
96,182,154,127.62435,117.59492,118.746124,124.41138,122.0941935,4.740077903540794,31.905806499999997,Healthy
96,183,153,160.86266,148.56294,118.86298,108.65507,134.2359125,24.528581668969203,18.764087499999988,Warning
96,184,152,138.6147,127.627625,127.04539,123.21677,129.12612124999998,6.621391908977517,22.873878750000017,Healthy
96,185,151,137.53256,133.76402,129.5045,118.10909,129.7275425,8.41129469294858,21.2724575,Healthy
96,186,150,128.6679,122.445045,117.92669,125.10057,123.53505125,4.525439749627243,26.464948750000005,Healthy
96,187,149,129.21425,140.64383,105.14452,94.00216,117.25119,21.427546641049073,31.748810000000006,Warning
96,188,148,140.36057,119.066,89.32206,98.04223,111.69771499999999,22.825373949886707,36.30228500000001,Warning
96,189,147,136.28947,136.5203,91.95284,99.68863,116.11280999999998,23.643329545060553,30.887190000000018,Warning
96,190,146,135.19298,141.02516,97.668365,113.57014,121.86416125,19.99190358649237,24.135838750000005,Warning
96,191,145,129.46335,129.19455,101.81001,107.936485,117.10109874999999,14.339739182324971,27.89890125000001,Healthy
96,192,144,132.45721,130.20015,98.90968,124.17114,121.434545,15.41853289800406,22.565455,Warning
96,193,143,146.61394,136.58238,113.4059,118.16421,128.6916075,15.577261684753577,14.308392499999997,Warning
96,194,142,117.765724,123.79021,114.54931,126.583244,120.672122,5.495446969882608,21.327878,Healthy
96,195,141,148.09874,141.90184,115.60073,125.73125,132.83314000000001,14.8623984048134,8.166859999999986,Healthy
96,196,140,129.16559,116.83221,112.735916,130.86615,122.3999665,8.978561668576006,17.600033499999995,Healthy
96,197,139,148.52379,139.78645,123.002174,147.62448,139.73422349999998,11.82478801742998,0.7342234999999846,Healthy
96,198,138,119.705536,109.21012,137.7629,151.8962,129.643689,18.950756011276628,8.356311000000005,Warning
96,199,137,108.419464,121.60606,130.69882,142.77895,125.87582350000001,14.513583844720403,11.12417649999999,Healthy
96,200,136,142.75792,138.33057,137.02385,148.67532,141.696915,5.259711117140052,5.69691499999999,Healthy
96,201,135,136.7064,127.24214,135.05054,154.05765,138.2641825,11.308893564808107,3.264182500000004,Healthy
96,202,134,128.26863,125.86785,135.08551,149.23502,134.6142525,10.500085833377343,0.6142524999999921,Healthy
96,203,133,109.769104,106.86522,133.72266,140.38968,122.686666,16.855972530105287,10.313333999999998,Warning
96,204,132,127.993866,113.494225,129.54626,140.35715,127.84787525,11.036531072283394,4.152124749999999,Healthy
96,205,131,129.24823,121.02938,134.12839,141.74391,131.5374775,8.689934007142496,0.5374774999999943,Healthy
96,206,130,135.44206,113.816216,136.25162,147.35919,133.2172715,14.030345304183923,3.2172715000000096,Healthy
96,207,129,122.15404,120.46764,126.67209,136.2194,126.3782925,7.064319640679611,2.6217074999999994,Healthy
96,208,128,119.01141,126.74981,120.774635,148.36713,128.72574625,13.50650187337897,0.725746249999986,Healthy
96,209,127,136.23329,135.33434,117.654274,159.70285,137.2311885,17.251328331070116,10.231188500000002,Warning
96,210,126,129.14464,129.02638,122.51342,156.43741,134.2804625,15.092776057691475,8.280462499999999,Warning
96,211,125,114.096886,126.90173,117.07751,146.0019,126.0195065,14.401186864119072,1.0195065000000056,Healthy
96,212,124,128.99461,132.95374,101.518456,147.76889,127.808924,19.299947610849724,3.8089240000000046,Warning
96,213,123,123.67964,123.185715,100.617775,145.33716,123.2050725,18.2596175068193,0.2050725,Warning
96,214,122,105.606674,99.53509,96.32413,153.98601,113.862976,27.02421023404182,8.137023999999997,Warning
96,215,121,134.05907,133.15263,111.676186,160.29797,134.796464,19.900753781336288,13.796463999999986,Warning
96,216,120,125.79504,114.73907,113.87561,155.68387,127.5233975,19.542266708713502,7.5233975000000015,Warning
96,217,119,109.4356,113.29318,106.83747,139.2218,117.1970125,14.920799994333137,1.8029875000000004,Healthy
96,218,118,114.58035,119.65511,108.548546,123.74043,116.631109,6.563039546178077,1.368891000000005,Healthy
96,219,117,105.421326,98.23471,103.67636,116.294914,105.9068275,7.571534961955579,11.093172499999994,Healthy
96,220,116,127.9904,141.92294,115.24995,117.04056,125.5509625,12.28183362822337,9.550962499999997,Healthy
96,221,115,125.50926,128.97908,126.47702,122.21668,125.79551,2.7981861420332095,10.795509999999993,Healthy
96,222,114,113.86679,113.893745,128.45818,117.146385,118.341275,6.918117952334774,4.341274999999996,Healthy
96,223,113,117.47836,107.3366,122.7596,102.05093,112.4063725,9.413680814634892,0.5936274999999966,Healthy
96,224,112,131.0299,123.59635,107.50189,106.01217,117.0350775,12.265011309812355,5.0350775,Healthy
96,225,111,112.10002,118.5272,108.94443,104.18357,110.938805,6.015061387830271,0.06119499999999789,Healthy
96,226,110,124.338234,116.21406,108.71565,104.83819,113.5265335,8.616797146938591,3.5265334999999993,Healthy
96,227,109,118.88233,121.76767,118.9707,102.138885,115.43989624999999,8.967990227246544,6.43989624999999,Healthy
96,228,108,113.47758,129.13774,118.15194,112.760376,118.381909,7.558546210567483,10.381908999999993,Healthy
96,229,107,119.32306,117.34817,108.36692,123.98864,117.2566975,6.547910990600365,10.256697500000001,Healthy
96,230,106,106.946014,111.299385,112.06196,148.54013,119.71187225,19.35050973423044,13.711872249999999,Warning
96,231,105,114.01688,98.83964,111.16873,149.88269,118.47698499999998,21.948779411409188,13.476984999999985,Warning
96,232,104,106.50929,103.53408,109.55428,147.7009,116.8246375,20.73038829716152,12.824637499999994,Warning
96,233,103,110.757965,123.55808,86.004555,125.46744,111.44701,18.175475907284614,8.447010000000006,Warning
96,234,102,92.047714,94.44773,72.52257,114.45051,93.367131,17.14558396749293,8.632869,Warning
96,235,101,106.55696,99.32803,71.72845,99.582115,94.29888875,15.415249565054287,6.701111249999997,Warning
96,236,100,128.36302,121.56794,79.97942,105.206764,108.77928600000001,21.519506682487805,8.779286000000013,Warning
96,237,99,99.64212,96.98586,84.69773,116.94755,99.56831500000001,13.289678055198829,0.5683150000000126,Healthy
96,238,98,110.088745,83.65508,88.9212,121.60183,101.06671375,17.830372414998042,3.0667137500000052,Warning
96,239,97,111.86809,108.114555,107.19927,136.82013,116.00051125,14.025970956294126,19.000511250000002,Healthy
96,240,96,102.37355,102.32102,104.55835,127.303215,109.13903375000001,12.154247898945572,13.13903375000001,Healthy
96,241,95,114.490875,116.96125,107.7306,121.83544,115.25454125,5.87122818468501,20.254541250000003,Healthy
96,242,94,104.82306,114.131645,118.96408,132.72144,117.66005625,11.630189409133582,23.660056249999997,Healthy
96,243,93,77.27559,104.20362,106.55178,119.89246,101.9808625,17.86066210042688,8.9808625,Warning
96,244,92,99.449066,95.152565,107.191734,120.43655,105.55747875,11.100037356604268,13.557478750000001,Healthy
96,245,91,100.65462,92.43817,105.06614,109.9831,102.0355075,7.44680462284943,11.035507499999994,Healthy
96,246,90,102.482544,85.04069,94.13049,113.745766,98.8498725,12.220884281833117,8.849872500000004,Healthy
96,247,89,93.272964,90.02249,89.30155,88.1697,90.191676,2.1911694656805207,1.191676000000001,Healthy
96,248,88,100.093994,83.58694,83.223816,89.58436,89.1222775,7.874513582841523,1.1222774999999956,Healthy
96,249,87,76.44057,80.30422,68.62093,79.60366,76.242345,5.351713955911695,10.757655,Healthy
96,250,86,75.36525,98.81754,67.73431,78.756905,80.16850125,13.259708202976144,5.831498749999994,Healthy
96,251,85,74.12584,80.735374,71.96879,78.08854,76.229636,3.9301384730138937,8.770364,Healthy
96,252,84,113.12593,113.03697,73.77844,77.36443,94.32644249999998,21.70587358589893,10.326442499999985,Warning
96,253,83,63.30454,69.29378,68.26756,66.63377,66.8749125,2.620184251528569,16.125087500000006,Healthy
96,254,82,89.91206,99.170525,67.43046,61.506435,79.50487,17.9330479801255,2.495130000000003,Warning
96,255,81,56.088326,64.67695,57.63791,51.796303,57.54987225,5.355454056548483,23.45012775,Warning
96,256,80,65.95181,68.67815,56.54445,51.24879,60.60579999999999,8.119746658716227,19.394200000000012,Healthy
96,257,79,72.86553,81.258385,58.139774,45.319775,64.395866,15.907185905024205,14.604134000000002,Warning
96,258,78,109.31738,119.46676,60.566788,54.454,85.95123199999999,33.19494494812751,7.95123199999999,Warning
96,259,77,96.56995,109.202835,63.66797,62.215122,82.91396925,23.639240239312024,5.913969249999994,Warning
96,260,76,83.34267,108.71592,62.424637,62.97041,79.36340924999999,21.856020018850845,3.3634092499999895,Warning
96,261,75,95.27179,102.97902,69.09258,71.0088,84.5880475,17.096546425246974,9.588047500000002,Warning
96,262,74,67.319,71.33033,68.32227,67.57137,68.6357425,1.8462363909202786,5.364257499999994,Healthy
96,263,73,99.77264,98.05729,72.86799,76.670265,86.84204625000001,14.044231662566052,13.84204625000001,Healthy
96,264,72,75.1029,97.030556,69.81415,69.42919,77.844199,13.050224500640235,5.844199000000003,Healthy
96,265,71,83.690094,83.98301,69.43046,79.17519,79.0696885,6.792513815186712,8.069688499999998,Healthy
96,266,70,32.984367,52.775673,73.82691,76.30427,58.972805,20.288153103905394,11.027194999999999,Critical
96,267,69,71.58423,85.50117,75.08259,79.99589,78.04096999999999,6.053037802029656,9.040969999999987,Healthy
96,268,68,98.172485,86.79462,78.52366,81.88332,86.34352125000001,8.58625837488442,18.34352125000001,Healthy
96,269,67,63.83052,72.95577,81.8749,84.28237,75.73589,9.31301358712277,8.735889999999998,Healthy
96,270,66,61.32291,61.726448,85.65467,80.227936,72.232991,12.56288085286009,6.232990999999998,Healthy
96,271,65,70.60248,72.61494,87.718414,90.56058,80.3741035,10.220770425151374,15.374103500000004,Healthy
96,272,64,66.6535,80.197556,94.7691,88.016655,82.40920275,12.073995903866164,18.409202750000006,Healthy
96,273,63,64.79097,74.101875,88.71485,80.30958,76.97931875,10.093708626317989,13.979318750000004,Healthy
96,274,62,35.768,57.694725,87.47017,81.45155,65.59611125,23.678524092290314,3.596111250000007,Warning
96,275,61,62.95103,68.18993,91.74883,76.07224,74.7405075,12.55598650076362,13.740507500000007,Healthy
96,276,60,50.534485,55.348312,87.880135,72.02509,66.44700549999999,16.99885655882745,6.447005499999989,Warning
96,277,59,41.419674,40.619934,81.824165,66.09596,57.48993324999999,20.075429745019445,1.5100667500000071,Critical
96,278,58,74.79984,81.98014,80.62972,78.61848,79.007045,3.1264423181362773,21.007045000000005,Healthy
96,279,57,57.622807,67.33736,77.2339,68.278175,67.61806050000001,8.018395636344241,10.618060500000013,Healthy
96,280,56,34.976227,37.999386,68.67831,66.85982,52.12843575000001,18.11758198963567,3.8715642499999916,Critical
96,281,55,68.27755,72.37114,66.406044,66.29746,68.3380485,2.8381995425637356,13.3380485,Healthy
96,282,54,55.974728,75.06435,70.09241,67.53739,67.1672195,8.089711609444906,13.167219500000002,Healthy
96,283,53,33.931076,43.878616,63.086597,56.160126,49.26410375,12.945033292173756,3.7358962500000032,Warning
96,284,52,47.399612,58.426483,60.689907,56.999325,55.878831749999996,5.853478870007555,3.8788317499999962,Warning
96,285,51,38.294464,47.134716,54.89492,52.41915,48.1858125,7.345675572204076,2.8141875000000027,Warning
96,286,50,24.137062,37.884476,48.140366,45.836605,38.999627249999996,10.838769576088588,11.000372750000004,Warning
96,287,49,37.092525,46.14354,43.13841,48.61747,43.74798625,4.9704894935163315,5.252013750000003,Warning
96,288,48,46.549976,52.526722,43.57196,47.49096,47.534904499999996,3.7235818925947726,0.4650955000000039,Warning
96,289,47,30.049551,34.038605,38.5563,48.29273,37.7342965,7.850045791604806,9.2657035,Warning
96,290,46,33.001728,38.43779,38.652893,43.870213,38.490656,4.438358546563433,7.509343999999999,Warning
96,291,45,34.146812,43.86753,37.539257,45.400875,40.2386185,5.298255995694842,4.761381499999999,Warning
96,292,44,31.079754,47.389465,37.991512,46.28514,40.686467750000006,7.655652348979908,3.3135322499999944,Warning
96,293,43,27.853428,41.107956,38.7668,41.921627,37.41245275,6.511492592135815,5.58754725,Warning
96,294,42,21.481285,35.682793,37.62085,38.389606,33.2936335,7.956829321627239,8.706366500000001,Warning
96,295,41,24.702007,30.165571,37.008617,41.42239,33.32464625,7.381841649126203,7.675353749999999,Warning
96,296,40,37.418137,42.151817,36.19816,32.42584,37.0484885,4.011339738995315,2.9515115000000023,Warning
96,297,39,17.374184,27.419811,33.133614,34.578777,28.126596499999998,7.806296129045517,10.873403500000002,Critical
96,298,38,23.484543,36.2071,31.160822,31.160984,30.50336225,5.249163986575663,7.496637750000001,Warning
96,299,37,29.478786,38.646526,31.077917,32.36121,32.89110975,4.0140267097301345,4.108890250000002,Warning
96,300,36,22.042713,30.171421,28.079967,29.177242,27.367835749999998,3.651397196113234,8.632164250000002,Critical
96,301,35,24.621265,29.525053,27.786015,29.302109,27.8086105,2.261002323329117,7.1913895,Critical
96,302,34,24.81055,37.434246,30.314793,30.491394,30.76274575,5.170810486778283,3.2372542499999994,Warning
96,303,33,12.587704,21.68155,29.338905,26.09808,22.42655975,7.27137538109219,10.57344025,Critical
96,304,32,11.881706,22.761848,26.886099,22.399849,20.9823755,6.399267927248685,11.0176245,Critical
96,305,31,17.625523,26.632181,27.432919,20.030365,22.930247,4.848634956013908,8.069752999999999,Critical
96,306,30,23.64811,35.00759,28.968922,21.350727,27.24383725,6.080289933680871,2.7561627500000014,Critical
96,307,29,23.86181,41.171654,28.89525,19.803646,28.43309,9.270895484170374,0.56691,Critical
96,308,28,12.857844,25.265255,27.903366,18.594162,21.15515675,6.778282198494412,6.84484325,Critical
96,309,27,14.355734,21.691845,26.0974,18.378265,20.130811,4.981965585393045,6.869188999999999,Critical
96,310,26,19.333654,24.606186,24.767944,17.454426,21.5405525,3.7139823825600375,4.4594475,Critical
96,311,25,14.804435,28.405073,24.344503,19.161129,21.678785,5.942622383294657,3.3212149999999987,Critical
96,312,24,19.728872,26.515028,23.766474,17.07145,21.770456,4.193001070697058,2.2295440000000006,Critical
96,313,23,10.459772,23.466635,23.194786,15.533961,18.1637885,6.316617759518592,4.836211500000001,Critical
96,314,22,11.377211,17.588688,20.475224,15.310877,16.188000000000002,3.8408007871262995,5.811999999999998,Critical
96,315,21,15.840723,23.119783,19.088387,14.42693,18.11895575,3.8630501219742053,2.8810442499999986,Critical
96,316,20,12.514043,29.944881,19.112104,14.341906,18.978233499999998,7.822330646032399,1.0217665000000018,Critical
96,317,19,6.830085,16.170252,17.026688,12.889459,13.229121000000001,4.623663723433687,5.770878999999999,Critical
96,318,18,14.656057,25.662556,17.198334,13.222453,17.68485,5.566778387995161,0.31514999999999915,Critical
96,319,17,14.341693,26.435505,17.291792,14.083697,18.03817175,5.784292354885333,1.03817175,Critical
96,320,16,7.5789347,15.3878765,14.975506,11.563549,12.376466550000002,3.6286242914029065,3.6235334499999983,Critical
96,321,15,11.818184,24.641901,15.455113,12.055907,15.99277625,6.000627763182192,0.9927762500000004,Critical
96,322,14,9.432908,20.921797,14.545647,10.37925,13.819900500000001,5.229640552886372,0.18009949999999897,Critical
96,323,13,12.275998,17.463413,14.272485,9.612532,13.406106999999999,3.3106243343225557,0.40610699999999866,Critical
96,324,12,8.521862,14.578741,12.8060465,8.947023,11.213418125,2.957638947454664,0.7865818749999995,Critical
96,325,11,6.711976,9.057812,10.45029,7.2339334,8.36350285,1.7166065248840103,2.6364971500000003,Critical
96,326,10,9.055326,17.573895,9.6373,7.50075,10.941817749999998,4.512427786788422,0.9418177499999985,Critical
96,327,9,8.639517,14.555485,8.148771,6.131999,9.368943,3.623943817443458,0.3689429999999998,Critical
96,328,8,9.005995,9.374693,7.1189647,5.890749,7.8476004249999995,1.6364664415828363,0.15239957500000045,Critical
96,329,7,4.844654,13.872639,6.007319,5.5847616,7.577343399999999,4.22428285410823,0.5773433999999993,Critical
96,330,6,7.2095976,11.817329,4.674729,4.780184,7.1204599,3.343003429823334,1.1204599000000002,Critical
96,331,5,7.250952,11.816939,4.321058,4.5079274,6.9742191,3.495252766245503,1.9742191,Critical
96,332,4,6.100983,8.19546,4.322596,3.6835651,5.575651025,2.023981949253238,1.575651025,Critical
96,333,3,9.953979,14.933122,4.1787224,4.36005,8.35646835,5.139044475382554,5.35646835,Critical
96,334,2,2.4987407,4.115761,3.5710557,4.182038,3.59189885,0.7784867685406714,1.5918988500000002,Critical
96,335,1,6.5110054,9.203799,3.510752,3.576431,5.70049685,2.7225409887979937,4.70049685,Critical
96,336,0,3.7831683,3.7623904,2.7600727,3.6569147,3.4906365249999998,0.49016899869403135,3.4906365249999998,Critical
97,30,172,197.21817,176.72972,164.6853,172.26578,177.7247425,13.914154876245917,5.724742499999991,Healthy
97,31,171,184.79286,155.85712,164.66537,170.48021,168.94889,12.153453715255862,2.051109999999994,Healthy
97,32,170,171.8213,159.85292,164.65706,168.13702,166.117075,5.0986809509225015,3.882925,Healthy
97,33,169,174.96152,153.15207,164.63069,163.50757,164.0629625,8.915471684487123,4.937037500000002,Healthy
97,34,168,193.85085,170.62141,164.66882,165.92905,173.7675325,13.631655630080001,5.767532499999987,Healthy
97,35,167,178.3289,174.105,164.64734,163.43982,170.130265,7.2535199509640345,3.1302650000000085,Healthy
97,36,166,167.15437,155.67177,164.62808,164.26624,162.930115,5.006536314356128,3.0698849999999993,Healthy
97,37,165,161.94626,160.85936,164.5912,162.41052,162.451835,1.5673940409375808,2.5481650000000116,Healthy
97,38,164,165.66876,154.69063,164.50348,158.32602,160.79722249999998,5.191837697362881,3.2027775000000247,Healthy
97,39,163,197.57852,157.02104,164.57596,159.65923,169.7086875,18.841801491151482,6.708687499999996,Warning
97,40,162,170.45558,135.19757,164.49133,155.38412,156.38215,15.42295611412416,5.617850000000004,Warning
97,41,161,170.05696,167.14082,164.3977,157.64507,164.8101375,5.306270637440039,3.810137499999996,Healthy
97,42,160,170.69682,156.66295,162.2896,151.80951,160.36472,8.11073717778683,0.3647200000000055,Healthy
97,43,159,164.68991,133.28264,153.18541,153.67046,151.20710499999998,13.077388688537942,7.792895000000016,Healthy
97,44,158,165.00912,150.80534,162.02173,154.49585,158.08301,6.565483289268707,0.08301000000000158,Healthy
97,45,157,195.91548,155.49467,163.70691,157.57074,168.17195,18.821433887326435,11.17195000000001,Warning
97,46,156,176.64049,147.37265,161.05075,155.43344,160.1243325,12.359228495021783,4.124332500000008,Healthy
97,47,155,185.79794,177.48015,157.7719,161.98726,170.7593125,13.12696667542399,15.759312499999993,Healthy
97,48,154,176.15614,167.3989,156.41415,159.77887,164.937015,8.778293895894569,10.937015000000002,Healthy
97,49,153,193.7949,163.18614,162.5495,162.8023,170.58321,15.476673350919663,17.583210000000008,Warning
97,50,152,173.39677,158.86124,164.47559,159.36029,164.0234725,6.744307023202978,12.023472499999997,Healthy
97,51,151,179.65974,152.22069,164.6005,159.40567,163.97165,11.6253294498493,12.971650000000011,Healthy
97,52,150,180.76648,177.43124,164.63126,161.52025,171.0873075,9.436471769679509,21.08730750000001,Healthy
97,53,149,168.17278,171.1737,164.60591,162.06216,166.5036375,3.996815919640487,17.503637499999996,Healthy
97,54,148,188.37352,164.8384,164.59883,161.42216,169.8082275,12.474416772176507,21.808227499999987,Healthy
97,55,147,173.12428,172.28368,164.57748,160.56436,167.63745,6.085084913425615,20.63745,Healthy
97,56,146,158.44379,140.85318,164.39047,150.23175,153.4797975,10.225218465406574,7.479797499999989,Healthy
97,57,145,175.40916,168.469,164.40569,158.01422,166.57451749999998,7.294346625044067,21.574517499999985,Healthy
97,58,144,211.25034,171.85735,164.52808,160.31273,176.987125,23.33485050744844,32.98712499999999,Warning
97,59,143,174.31541,142.04584,164.4994,160.11649,160.24428500000002,13.506816728463454,17.24428500000002,Healthy
97,60,142,188.18669,168.93642,164.53976,156.92603,169.647225,13.318308290826579,27.64722499999999,Healthy
97,61,141,170.98979,163.75789,164.45944,156.53421,163.93533250000002,5.911800610972231,22.935332500000015,Healthy
97,62,140,167.82898,156.57567,164.35864,148.89859,159.41547,8.44376119083196,19.41547,Healthy
97,63,139,173.15424,168.63,163.13123,154.90521,164.95516999999998,7.854034579310168,25.95516999999998,Healthy
97,64,138,161.88101,152.36569,158.45667,150.37119,155.76864,5.332263668862094,17.768640000000005,Healthy
97,65,137,179.30574,166.94098,149.74486,157.7435,163.43377,12.701514126617605,26.43377000000001,Healthy
97,66,136,175.74289,176.65181,148.52025,156.03055,164.236375,14.152444578360539,28.23637500000001,Healthy
97,67,135,179.28023,163.97081,150.0924,158.51938,162.965705,12.28367140645526,27.965705000000014,Healthy
97,68,134,156.85443,152.12459,151.55638,148.73529,152.3176725,3.3681092674513566,18.317672499999986,Healthy
97,69,133,163.25578,148.95232,151.53384,147.6882,152.85753499999998,7.114501530243233,19.857534999999984,Healthy
97,70,132,159.38591,155.30113,128.51573,131.94077,143.785885,15.805547870899641,11.785885000000007,Warning
97,71,131,163.4853,163.4612,130.00975,138.31326,148.81737750000002,17.259324286793255,17.81737750000002,Warning
97,72,130,170.89964,157.5458,124.98313,134.66504,147.0234025,20.970600864544274,17.023402500000003,Warning
97,73,129,159.64885,147.76889,122.73881,136.27007,141.606655,15.789961526441415,12.60665499999999,Warning
97,74,128,173.46361,159.80168,126.600136,132.19171,148.014284,22.32734109312669,20.014284000000004,Warning
97,75,127,179.38634,171.8496,129.93483,141.92822,155.77474750000002,23.63144686992225,28.774747500000018,Warning
97,76,126,164.19458,147.52359,142.5614,138.83615,148.27893,11.19128674263152,22.278930000000003,Healthy
97,77,125,172.85214,162.2219,148.39159,146.84018,157.5764525,12.309292660575242,32.57645249999999,Healthy
97,78,124,153.43036,147.18077,144.62029,137.4061,145.65938,6.630713799659881,21.65938,Healthy
97,79,123,162.24768,152.16087,139.908,136.16318,147.6199325,11.906891436383594,24.619932500000004,Healthy
97,80,122,161.93393,136.80894,135.94664,130.2737,141.2408025,14.09671858710477,19.2408025,Healthy
97,81,121,154.16942,141.0337,136.51262,130.1372,140.463235,10.172172748400412,19.463234999999997,Healthy
97,82,120,159.74261,160.38048,138.77995,129.78531,147.1720875,15.331967388547747,27.172087500000004,Warning
97,83,119,170.45885,165.02885,143.11115,140.09894,154.6744475,15.302682568426528,35.674447500000014,Warning
97,84,118,166.79483,162.61357,143.55296,135.66461,152.1564925,14.940262765173335,34.15649250000001,Healthy
97,85,117,161.97282,153.17513,146.44571,144.59308,151.546685,7.868263099373764,34.546685,Healthy
97,86,116,138.08882,134.13734,137.45508,134.55685,136.0595225,2.0015360172356838,20.059522500000014,Healthy
97,87,115,187.37619,175.53978,145.63544,150.02386,164.6438175,20.087677240574425,49.64381750000001,Warning
97,88,114,181.04704,148.60338,148.16827,153.22955,157.76206,15.691358199202098,43.76205999999999,Warning
97,89,113,178.87965,182.04123,153.52945,171.87216,171.5806225,12.762313458688636,58.580622500000004,Healthy
97,90,112,152.709,149.39684,154.97192,164.79428,155.46801,6.625623461229888,43.46800999999999,Healthy
97,91,111,164.57613,151.38493,154.20076,164.66466,158.70662,6.924817857469852,47.70661999999999,Healthy
97,92,110,163.49428,166.22005,156.29398,168.42502,163.60833250000002,5.276814292717237,53.60833250000002,Healthy
97,93,109,163.01144,164.89836,157.73074,171.55994,164.30012,5.711985272413326,55.30011999999999,Healthy
97,94,108,150.45122,140.84618,155.87167,163.68152,152.7126475,9.59553181335068,44.7126475,Healthy
97,95,107,165.25006,151.29472,154.20506,160.48395,157.8084475,6.2702726587997395,50.8084475,Healthy
97,96,106,156.70285,160.73795,155.30167,164.06424,159.20167750000002,3.977387946692112,53.20167750000002,Healthy
97,97,105,159.33908,155.71732,150.5881,158.67342,156.07948,3.98496888543269,51.07947999999999,Healthy
97,98,104,145.49248,149.36934,144.66,149.51181,147.25840749999998,2.54323156095252,43.258407499999976,Healthy
97,99,103,174.61388,156.05946,146.91534,142.19254,154.945305,14.320236694285699,51.94530499999999,Healthy
97,100,102,152.36609,156.53954,138.52188,139.26491,146.673105,9.148414069810132,44.67310499999999,Healthy
97,101,101,154.05853,151.61488,132.62726,142.40114,145.1754525,9.75583991367008,44.175452500000006,Healthy
97,102,100,151.97383,152.97108,126.76475,149.74597,145.36390749999998,12.472520199281762,45.36390749999998,Healthy
97,103,99,152.07115,155.99995,123.16586,133.99112,141.30702,15.431275229193906,42.307019999999994,Warning
97,104,98,140.49672,136.35712,119.77192,120.22254,129.212075,10.775329024648553,31.212075,Healthy
97,105,97,143.95818,137.04195,116.42953,121.46154,129.7228,12.9251105030402,32.72280000000001,Healthy
97,106,96,142.71909,146.13379,115.38425,106.37345,127.652645,19.764177537260856,31.652645000000007,Warning
97,107,95,152.26756,156.19539,116.335045,109.14735,133.48633625,24.18669421388524,38.486336249999994,Warning
97,108,94,135.64919,135.28578,102.60035,101.03626,118.64289500000001,19.438420176294333,24.64289500000001,Warning
97,109,93,149.9986,154.93533,99.9446,104.10583,127.24609000000001,29.24160114269509,34.24609000000001,Warning
97,110,92,137.96602,141.39815,98.16092,107.96442,121.3723775,21.563283757625857,29.3723775,Warning
97,111,91,149.87419,138.79521,105.38056,109.575356,125.906329,21.821926942989947,34.906329,Warning
97,112,90,149.40315,154.39983,114.86187,113.16396,132.95720250000002,21.98081716880938,42.95720250000002,Warning
97,113,89,131.50621,138.44225,120.902176,104.75829,123.9022315,14.659734606139217,34.9022315,Healthy
97,114,88,135.41763,134.78415,121.13533,105.76498,124.2755225,13.989029083019254,36.275522499999994,Healthy
97,115,87,143.67699,134.50648,125.229836,106.17312,127.3966065,16.028437870531103,40.396606500000004,Warning
97,116,86,143.59024,143.98854,126.026535,114.229645,131.95874,14.485852247061036,45.958740000000006,Healthy
97,117,85,129.07661,139.52806,133.83195,117.70308,130.034925,9.265163782004437,45.03492499999999,Healthy
97,118,84,116.06421,116.94433,123.027626,118.81529,118.712864,3.096812486142915,34.712863999999996,Healthy
97,119,83,132.11823,128.73074,124.90462,110.69309,124.11167,9.418560923647876,41.111670000000004,Healthy
97,120,82,123.265686,117.77062,124.34888,121.545586,121.732693,2.882564451074542,39.732693,Healthy
97,121,81,133.79688,144.83943,134.39093,110.35349,130.8451825,14.572042502352177,49.84518249999999,Healthy
97,122,80,128.49313,129.19234,125.62496,130.63882,128.4873125,2.1070630409707753,48.4873125,Healthy
97,123,79,112.92018,118.77996,126.42583,113.460464,117.8966085,6.2708890360965315,38.8966085,Healthy
97,124,78,141.55699,144.15688,137.9123,126.990295,137.65411625000002,7.556500565682256,59.654116250000015,Healthy
97,125,77,135.11382,140.45332,146.11884,123.45104,136.284255,9.663703403662936,59.284255,Healthy
97,126,76,127.47823,117.528496,150.51778,137.68802,133.3031315,14.122558464840878,57.303131500000006,Healthy
97,127,75,121.501434,116.22042,149.22536,134.74161,130.42220600000002,14.75902830957729,55.42220600000002,Healthy
97,128,74,104.82033,114.72239,146.66174,141.22198,126.85661000000002,20.26033860197965,52.85661000000002,Warning
97,129,73,128.55118,133.892,140.3013,144.86609,136.90264249999998,7.159568493498181,63.902642499999985,Healthy
97,130,72,102.11784,103.240326,132.45795,140.76678,119.645724,19.88815344776946,47.645724,Warning
97,131,71,126.34062,130.58824,132.39723,124.066345,128.34810875,3.819994886847314,57.348108749999994,Healthy
97,132,70,120.70099,114.33479,120.65273,133.5557,122.3110525,8.070629790296728,52.3110525,Healthy
97,133,69,109.97318,110.76467,118.10296,116.454475,113.82382125,4.0586209480856414,44.823821249999995,Healthy
97,134,68,135.5945,142.83385,122.08074,125.005104,131.3785485,9.592848329241724,63.378548499999994,Healthy
97,135,67,103.319916,98.87983,113.06558,113.25167,107.129249,7.1946275415584,40.129249,Healthy
97,136,66,109.92452,103.67154,120.65753,112.65219,111.726445,7.041536559276912,45.726445,Healthy
97,137,65,105.05464,113.48586,112.88863,103.51713,108.736565,5.18313033427034,43.736565,Healthy
97,138,64,107.0071,88.01554,112.18458,112.72617,104.98334750000001,11.601883687917159,40.98334750000001,Healthy
97,139,63,111.72297,110.69645,117.84819,111.05749,112.831275,3.3715262170664895,49.831275000000005,Healthy
97,140,62,93.206635,80.34084,109.37954,119.84913,100.69403625000001,17.4419930725827,38.69403625000001,Warning
97,141,61,112.18733,87.46152,95.09538,107.17956,100.4809475,11.260855953053703,39.4809475,Healthy
97,142,60,105.07533,94.89094,97.38254,121.09705,104.61146500000001,11.814336579790105,44.61146500000001,Healthy
97,143,59,91.53007,81.53953,88.89576,110.90352,93.21722,12.525908391279785,34.21722,Healthy
97,144,58,83.73614,80.44893,81.02495,101.676,86.721505,10.072160656762446,28.721504999999993,Healthy
97,145,57,85.627846,100.02636,73.369675,90.61398,87.40946524999998,11.101723970199563,30.409465249999982,Healthy
97,146,56,87.60828,68.81176,69.56826,90.68471,79.1682525,11.594246424450862,23.168252499999994,Healthy
97,147,55,100.6575,82.81112,69.60853,83.59097,84.16703,12.728653504627527,29.167029999999997,Healthy
97,148,54,65.24548,94.34373,65.28714,76.392426,75.317194,13.725968115872336,21.317194,Healthy
97,149,53,84.79584,85.72071,65.537186,72.51212,77.141464,9.80277218698044,24.141464,Healthy
97,150,52,74.52579,99.93381,65.35765,71.93686,77.93852749999999,15.162868252733656,25.938527499999992,Warning
97,151,51,66.77121,81.43901,63.35494,68.25242,69.954395,7.9262974466876175,18.954395000000005,Healthy
97,152,50,80.42004,81.203804,62.963036,65.91927,72.6265375,9.533779949676958,22.626537499999998,Healthy
97,153,49,83.63024,57.886578,58.14734,62.409855,65.51850325,12.251245279878923,16.518503249999995,Healthy
97,154,48,70.29649,65.28409,55.160683,62.520927,63.3155475,6.317751565100597,15.315547500000001,Healthy
97,155,47,69.790855,78.47692,52.806725,60.2341,65.32715,11.188406408168683,18.327150000000003,Healthy
97,156,46,73.04572,75.10652,54.149075,56.750633,64.76298700000001,10.838900396818214,18.76298700000001,Healthy
97,157,45,66.33455,67.61165,52.029068,52.50935,59.62115449999999,8.5075503357242,14.621154499999989,Warning
97,158,44,52.570263,97.12104,49.89644,46.54391,61.53291324999999,23.853173046818227,17.532913249999993,Warning
97,159,43,57.08044,56.831367,49.116207,45.015835,52.010962250000006,5.951115296386685,9.010962250000006,Warning
97,160,42,46.907234,44.27104,44.03051,42.445248,44.413508,1.8492972890356683,2.413508,Warning
97,161,41,61.80231,43.632915,45.957413,44.47697,48.967402,8.610374135277707,7.967402,Warning
97,162,40,42.384754,71.4475,44.604843,42.268482,50.17639475,14.22142582043234,10.17639475,Warning
97,163,39,53.98514,75.213,41.94882,41.15171,53.0746675,15.883703642348603,14.074667499999997,Critical
97,164,38,31.614563,45.412193,41.07399,40.297855,39.59965025,5.779516680543531,1.5996502500000034,Warning
97,165,37,41.526093,36.572266,42.297073,37.634575,39.50750175,2.8272414065272624,2.507501750000003,Warning
97,166,36,48.269264,49.76835,42.23851,37.15866,44.358695999999995,5.79921274996966,8.358695999999995,Warning
97,167,35,42.892967,60.777977,43.64698,33.203323,45.130311750000004,11.464560945650366,10.130311750000004,Warning
97,168,34,31.402231,40.696327,42.01647,30.727587,36.21065375,5.97254041878894,2.2106537499999988,Warning
97,169,33,46.83532,41.19149,41.29401,29.63875,39.73989250000001,7.231887437335544,6.7398925000000105,Warning
97,170,32,34.961647,49.30168,40.624146,30.320915,38.802097,8.169875765108344,6.802097000000003,Warning
97,171,31,39.320843,42.394783,38.94365,29.819386,37.6196655,5.425036014002517,6.6196655000000035,Warning
97,172,30,33.51385,29.225597,37.96425,28.330612,32.25857725,4.425618277298768,2.258577250000002,Warning
97,173,29,36.672054,35.655235,35.351364,24.93413,33.15319575,5.50840416243715,4.153195750000002,Warning
97,174,28,29.130356,32.345192,36.351933,23.308895,30.284094000000003,5.509122965825868,2.284094000000003,Warning
97,175,27,33.698345,42.749207,35.19472,21.553146,33.2988545,8.775434067040196,6.298854499999997,Warning
97,176,26,33.960155,26.151968,36.136177,23.67154,29.97996,6.005293377168125,3.9799599999999984,Critical
97,177,25,24.064117,30.152084,35.36192,24.941982,28.630025749999998,5.23081417897242,3.630025749999998,Critical
97,178,24,14.885708,20.737776,32.326897,25.562668,23.37826225,7.392458718071473,0.6217377500000012,Critical
97,179,23,23.705917,26.766842,31.40831,25.623274,26.876085749999998,3.2747772460437043,3.876085749999998,Critical
97,180,22,17.20195,17.00862,29.59572,25.458437,22.316181750000002,6.250093954284121,0.3161817500000019,Critical
97,181,21,19.26746,26.79983,30.945965,21.929909,24.735791,5.1833752139985005,3.735790999999999,Critical
97,182,20,17.190681,25.90713,30.089947,22.5387,23.931614500000002,5.453076071571255,3.931614500000002,Critical
97,183,19,23.281002,17.84142,27.990755,21.002428,22.52890125,4.270054760640538,3.5289012500000005,Critical
97,184,18,26.143608,20.496902,26.49878,26.68748,24.956692500000003,2.9817309813732367,6.956692500000003,Critical
97,185,17,15.640947,28.51559,24.78891,22.855965,22.950353,5.409512605149007,5.950353,Critical
97,186,16,17.773903,12.858488,23.281921,22.566345,19.12016425,4.837953762384353,3.1201642499999984,Critical
97,187,15,15.325125,12.596342,21.883549,20.403278,17.5520735,4.336266498178089,2.5520734999999988,Critical
97,188,14,12.900175,14.788073,20.12764,19.524302,16.8350475,3.5471388156152455,2.8350475000000017,Critical
97,189,13,11.722398,9.188249,18.329266,19.11594,14.588963249999999,4.894496702057619,1.588963249999999,Critical
97,190,12,12.812599,13.245447,17.006886,16.43824,14.875793,2.152331725037601,2.875793,Critical
97,191,11,8.670403,5.672731,14.990758,15.239017,11.143227249999999,4.7476371505923085,0.14322724999999892,Critical
97,192,10,11.16229,11.069162,13.34957,13.982624,12.390911500000001,1.4954494679182573,2.3909115000000014,Critical
97,193,9,12.95872,12.002723,12.347876,14.355212,12.916132750000001,1.0376248305559435,3.916132750000001,Critical
97,194,8,10.158047,9.613279,11.706308,12.084486,10.89053,1.191487325084353,2.89053,Critical
97,195,7,10.196341,6.3356767,10.492227,11.663257,9.671875425,2.3125644752025236,2.6718754249999996,Critical
97,196,6,8.993802,7.4339275,10.029365,10.645635,9.275682375,1.404317777352843,3.2756823750000006,Critical
97,197,5,10.1684265,2.5598881,8.611904,10.663153,8.0008429,3.7311168361554166,3.0008429000000003,Critical
97,198,4,10.716465,4.2782903,7.201335,8.246643,7.610683325,2.666004116353465,3.610683325,Critical
97,199,3,8.915694,1.523238,5.7725377,9.964847,6.544079175,3.791672091260687,3.5440791750000002,Critical
97,200,2,8.251966,2.1006238,5.5147934,9.279518,6.2867253000000005,3.2113498605544697,4.2867253000000005,Critical
97,201,1,7.653057,0.09941214,4.393222,6.774008,4.729924785,3.380236394945734,3.7299247849999997,Critical
97,202,0,7.731119,0.76728904,3.5683293,6.2226896,4.572356735,3.0652889404781147,4.572356735,Critical
98,30,126,154.5855,143.95195,163.43314,167.69939,157.417495,10.507877162460865,31.417495000000002,Healthy
98,31,125,163.13408,162.82603,163.5936,168.99442,164.6370325,2.921995521299035,39.637032500000004,Healthy
98,32,124,163.4795,161.25859,163.32094,167.15276,163.80294750000002,2.451662591540348,39.802947500000016,Healthy
98,33,123,158.83125,160.01823,163.05106,169.84735,162.9369725,4.937690019245675,39.936972499999996,Healthy
98,34,122,154.01537,146.58685,162.94771,170.76239,158.57808,10.522341247238348,36.57808,Healthy
98,35,121,159.62646,155.65504,163.39438,170.5529,162.307195,6.340639517049251,41.30719500000001,Healthy
98,36,120,154.61858,150.37077,163.64105,176.53241,161.2907025,11.570017651180356,41.29070250000001,Healthy
98,37,119,147.39119,155.88965,163.1763,173.06142,159.87964,10.901203216871677,40.879639999999995,Healthy
98,38,118,155.29913,135.91362,163.06827,169.7467,156.00693,14.638828389419238,38.00693000000001,Healthy
98,39,117,159.38138,148.55568,163.20944,171.48172,160.65705499999999,9.517679429123817,43.657054999999986,Healthy
98,40,116,125.482056,128.1141,162.10367,166.10677,145.451649,21.627906947754113,29.451649000000003,Warning
98,41,115,174.737,176.54657,162.41266,167.00246,170.1746725,6.626403754754537,55.174672500000014,Healthy
98,42,114,147.3051,142.59032,162.32343,168.16318,155.0955075,12.111662308968649,41.0955075,Healthy
98,43,113,131.4255,137.52394,159.9841,164.014,148.236885,16.168944246823912,35.236885,Warning
98,44,112,154.7109,153.22673,158.23724,164.6533,157.7070425,5.08532767293236,45.7070425,Healthy
98,45,111,146.1922,144.9606,156.26338,163.97086,152.84676000000002,8.979487390224447,41.84676000000002,Healthy
98,46,110,132.57672,137.89578,149.48465,158.56157,144.62967999999998,11.666012552776259,34.62967999999998,Healthy
98,47,109,153.7397,142.62619,149.56558,156.09291,150.50609500000002,5.906103464905316,41.506095000000016,Healthy
98,48,108,146.05278,138.42029,148.71523,153.80476,146.748265,6.416175911504189,38.748265,Healthy
98,49,107,158.19322,158.4132,148.03516,152.62059,154.3155425,4.971359576107762,47.31554249999999,Healthy
98,50,106,150.7705,123.016205,143.04633,154.60739,142.86010625,14.075843383706108,36.86010625,Healthy
98,51,105,128.75816,143.3962,138.4835,147.44261,139.5201175,8.055726907661715,34.5201175,Healthy
98,52,104,142.74815,141.75804,138.73476,153.50067,144.185405,6.440535581106598,40.185405,Healthy
98,53,103,133.92293,114.04338,137.18977,142.06639,131.8056175,12.305183781223741,28.80561750000001,Healthy
98,54,102,136.94933,134.66048,131.97958,143.4536,136.7607475,4.902398194784362,34.76074750000001,Healthy
98,55,101,151.45862,144.49437,135.46718,139.88054,142.8251775,6.834558025682781,41.825177499999995,Healthy
98,56,100,123.912964,124.61904,130.38322,137.0546,128.992456,6.106291751615756,28.992456000000004,Healthy
98,57,99,168.40952,162.25926,137.69748,136.75662,151.28072,16.425366760788016,52.28072,Warning
98,58,98,162.53249,165.17549,143.32556,143.99289,153.7566075,11.712442423475347,55.7566075,Healthy
98,59,97,166.72148,168.01782,147.83289,151.08699,158.414795,10.438590971117712,61.414795,Healthy
98,60,96,151.36407,147.30269,149.77435,154.08183,150.630735,2.8435374513388476,54.63073499999999,Healthy
98,61,95,132.45036,137.32733,146.30347,154.3544,142.60889,9.707343171211512,47.60889,Healthy
98,62,94,119.01084,130.1949,139.45412,145.52939,133.5473125,11.561549180674636,39.547312500000004,Healthy
98,63,93,114.25706,120.05219,125.10835,135.51086,123.732115,9.017600786035059,30.732114999999993,Healthy
98,64,92,131.29712,137.30086,120.00698,125.58742,128.548095,7.436044546547134,36.54809499999999,Healthy
98,65,91,135.6206,147.16786,120.78568,124.522705,132.02421125,11.900158124727005,41.02421125000001,Healthy
98,66,90,155.50499,148.0861,124.245895,129.51852,139.33887625,14.85591506213679,49.33887625,Healthy
98,67,89,134.38173,135.13771,123.77735,131.69641,131.2483,5.194926697833828,42.2483,Healthy
98,68,88,144.5067,136.58186,128.63664,139.15843,137.2209075,6.606431109403296,49.22090750000001,Healthy
98,69,87,135.92325,131.02644,127.96755,138.54855,133.36644750000002,4.761482775357377,46.36644750000002,Healthy
98,70,86,129.73169,126.049,125.50821,131.73853,128.2568575,2.984787659665529,42.256857499999995,Healthy
98,71,85,139.24962,148.50786,125.81602,129.03755,135.6527625,10.307173150146046,50.652762499999994,Healthy
98,72,84,137.13452,116.18598,119.99427,127.4001,125.1787175,9.230810315721207,41.178717500000005,Healthy
98,73,83,119.85752,123.89429,116.794685,120.80735,120.33846125,2.9242337660327777,37.338461249999995,Healthy
98,74,82,134.20883,137.16359,114.63301,117.45716,125.86564750000001,11.461922558420337,43.86564750000001,Healthy
98,75,81,130.3835,126.30106,113.41352,112.88773,120.7464525,8.930430511792714,39.746452500000004,Healthy
98,76,80,162.04738,163.2376,120.4964,128.99585,143.6943075,22.158242388094738,63.69430750000001,Warning
98,77,79,122.35203,117.79146,115.32772,125.68803,120.28980999999999,4.628088892383118,41.28980999999999,Healthy
98,78,78,122.211266,128.52614,104.8036,125.655,120.2990015,10.647953653078869,42.2990015,Healthy
98,79,77,118.91427,126.417366,97.05881,116.09647,114.621729,12.49258373716305,37.621729,Healthy
98,80,76,132.81465,141.91624,101.238594,111.88727,121.96418849999999,18.68075148074176,45.96418849999999,Warning
98,81,75,113.58043,106.62965,90.74461,103.360176,103.57871650000001,9.558670021869975,28.578716500000013,Healthy
98,82,74,126.17549,115.44022,96.81614,101.00873,109.860145,13.488530107921319,35.860145,Healthy
98,83,73,124.236664,133.70058,94.712,102.296745,113.73649725,18.272178569100536,40.73649725,Warning
98,84,72,142.20233,143.17818,100.790344,108.8102,123.7452635,22.12303474120663,51.74526349999999,Warning
98,85,71,124.939926,128.92467,99.19342,107.21065,115.0671665,14.179826783831395,44.0671665,Healthy
98,86,70,106.72356,105.84004,92.69122,111.99547,104.3125725,8.210334252503062,34.3125725,Healthy
98,87,69,120.759125,127.282364,92.09225,105.808495,111.4855585,15.746614071962231,42.485558499999996,Warning
98,88,68,121.97726,131.00795,93.7084,120.750145,116.86093875,16.09845382084999,48.86093875,Warning
98,89,67,122.13516,134.45557,96.03274,107.78859,115.103015,16.74463744989521,48.103015,Warning
98,90,66,134.41821,137.00891,95.85599,114.3536,120.4091775,19.246931754838865,54.4091775,Warning
98,91,65,108.73782,94.53739,91.3307,99.114494,98.430101,7.5778659759796945,33.43010099999999,Healthy
98,92,64,103.34545,120.076675,80.07275,95.81695,99.82795625,16.620667038514313,35.82795625,Warning
98,93,63,104.36831,96.13073,75.98021,90.89246,91.8429275,11.941519333871423,28.842927500000002,Healthy
98,94,62,131.58247,105.90192,82.42041,99.56173,104.86663250000001,20.386128360465076,42.86663250000001,Warning
98,95,61,97.76274,96.95563,76.1235,98.20324,92.26127749999999,10.770914786653835,31.26127749999999,Healthy
98,96,60,134.74211,136.88245,77.14858,105.69837,113.61787749999999,28.16736759388942,53.61787749999999,Warning
98,97,59,121.35376,119.13982,77.059,102.78713,105.0849275,20.436465771473916,46.084927500000006,Warning
98,98,58,119.418625,110.03277,78.67128,111.252754,104.84385724999999,17.93903033381804,46.843857249999985,Warning
98,99,57,97.57091,93.04704,69.07326,94.41329,88.52612500000001,13.10622595790387,31.526125000000008,Healthy
98,100,56,126.112465,121.65815,73.46124,92.84233,103.51854625,24.879400053804005,47.51854625,Warning
98,101,55,100.46391,109.85078,70.16644,92.97306,93.36354750000001,16.93617686093564,38.36354750000001,Warning
98,102,54,92.06825,94.42111,64.63584,82.465004,83.39755099999999,13.534786265149172,29.397550999999993,Healthy
98,103,53,112.72078,113.87498,67.49713,80.440254,93.633286,23.318185656971913,40.633286,Warning
98,104,52,126.10132,133.46628,76.10311,88.98298,106.16342250000001,27.938955936584765,54.16342250000001,Warning
98,105,51,96.976944,100.00373,74.97978,85.01,89.2426135,11.503114550690274,38.242613500000004,Healthy
98,106,50,95.94368,103.18413,62.93182,79.43578,85.3738525,17.96137305212749,35.3738525,Warning
98,107,49,97.66325,108.726776,61.795982,74.219696,85.601426,21.420491378269173,36.601426000000004,Warning
98,108,48,106.33344,114.44577,60.27523,69.88755,87.73549750000001,26.657942177344164,39.73549750000001,Warning
98,109,47,87.410965,88.06596,52.97765,63.61649,73.01776625,17.546153992987268,26.017766249999994,Warning
98,110,46,106.35249,114.24484,58.708878,70.6657,87.492977,26.975451871683063,41.492976999999996,Warning
98,111,45,92.63322,118.5839,54.431076,70.300995,83.98729775,27.884057487493823,38.987297749999996,Warning
98,112,44,103.351944,95.332695,55.344337,77.52456,82.888384,21.299947552200734,38.888384,Warning
98,113,43,98.26326,137.14403,53.384075,77.66436,91.61393125,35.46508100448862,48.61393124999999,Warning
98,114,42,97.752174,112.835396,50.920773,78.15001,84.91458825,26.74393456127058,42.914588249999994,Warning
98,115,41,88.40929,113.02164,48.480484,74.41758,81.08224849999999,26.963574943871638,40.08224849999999,Warning
98,116,40,110.99417,104.367226,52.428192,72.68576,85.11883700000001,27.46690742912377,45.11883700000001,Warning
98,117,39,79.49036,88.065056,47.665092,67.6433,70.715952,17.50014268899908,31.715952,Warning
98,118,38,86.06244,92.31472,46.260307,70.45381,73.77281925,20.516586901900183,35.77281925,Warning
98,119,37,83.33231,77.34347,45.111942,63.408688,67.2991025,16.98389901492669,30.299102500000004,Warning
98,120,36,81.62366,106.88676,46.574482,66.16601,75.31272799999999,25.47087613186014,39.31272799999999,Warning
98,121,35,66.563385,67.59409,43.150448,62.832214,60.03503424999999,11.440748150567378,25.03503424999999,Healthy
98,122,34,76.19624,80.42843,40.386803,58.699886,63.927839750000004,18.296584699241777,29.927839750000004,Warning
98,123,33,84.33958,98.31797,42.098423,54.905552,69.91538125,25.909089123816035,36.915381249999996,Warning
98,124,32,80.519165,88.45207,40.21289,54.685455,65.967395,22.419421029895414,33.967394999999996,Warning
98,125,31,72.40152,83.59188,38.982372,52.53745,61.8783055,19.94737002955831,30.878305500000003,Warning
98,126,30,40.26323,51.088905,35.772602,46.04852,43.29331425,6.685928436542845,13.293314250000002,Warning
98,127,29,49.18086,48.601776,33.128048,35.652714,41.6408495,8.43863757216916,12.640849500000002,Warning
98,128,28,88.04029,81.83109,36.29604,38.58999,61.1893525,27.552751612599874,33.1893525,Warning
98,129,27,74.5307,73.835556,35.749813,36.3441,55.115042249999995,22.021094264265226,28.115042249999995,Critical
98,130,26,25.014618,41.374,30.63418,29.583435,31.65155825,6.925485343882087,5.651558250000001,Warning
98,131,25,54.246418,55.358166,29.85822,27.776722,41.809881499999996,15.033243508657682,16.809881499999996,Critical
98,132,24,92.113266,98.03646,32.05389,31.28444,63.37201399999999,36.68842087588976,39.37201399999999,Warning
98,133,23,34.900833,46.708885,29.684734,27.272427,34.64171975,8.651816768903489,11.64171975,Warning
98,134,22,44.025772,51.348118,28.491291,30.396297,38.5653695,10.976269217584468,16.565369500000003,Warning
98,135,21,42.65766,53.9983,28.118143,25.586702,37.59020125,13.275399862262113,16.59020125,Warning
98,136,20,23.74317,40.889366,24.422218,22.047276,27.7755075,8.799435911093601,7.7755075,Critical
98,137,19,45.250362,50.269043,24.606157,18.332346,34.614477,15.529131178800077,15.614477,Critical
98,138,18,27.1963,45.017025,22.99273,22.08968,29.32393375,10.696081939949922,11.323933749999998,Critical
98,139,17,32.69926,45.168915,20.641817,17.295723,28.95142875,12.67488623635648,11.951428750000002,Critical
98,140,16,22.368103,27.904198,20.009323,15.15857,21.360048499999998,5.295433929831531,5.360048499999998,Critical
98,141,15,19.15147,34.548584,18.58482,14.068534,21.588352,8.934481417592107,6.588352,Critical
98,142,14,31.081665,33.726288,20.564796,15.920606,25.323338749999998,8.462131125806208,11.323338749999998,Critical
98,143,13,15.5152,24.27496,17.676321,14.163253,17.9074335,4.484806775880874,4.9074335,Critical
98,144,12,13.287347,26.045605,16.48137,13.208115,17.25560925,6.055102165111577,5.255609249999999,Critical
98,145,11,15.098,25.114746,14.641323,14.931994,17.44651575,5.115636401950682,6.44651575,Critical
98,146,10,12.314795,23.840563,14.137309,13.582798,15.968866250000001,5.302947924746597,5.968866250000001,Critical
98,147,9,18.426785,18.168419,11.964417,13.875605,15.608806499999998,3.203028839704226,6.608806499999998,Critical
98,148,8,11.5856695,16.229204,9.650312,12.431773,12.474239625,2.7607779682569356,4.474239624999999,Critical
98,149,7,18.621746,24.498905,10.247628,16.046402,17.35367025,5.912336889267749,10.35367025,Critical
98,150,6,10.795126,17.215805,9.961556,14.66121,13.15842425,3.3924351522755622,7.1584242499999995,Critical
98,151,5,8.006331,14.889076,10.80291,11.243222,11.235384750000001,2.826266306312432,6.2353847500000015,Critical
98,152,4,8.972354,14.92021,10.658602,11.585517,11.534170750000001,2.5031595991524234,7.534170750000001,Critical
98,153,3,4.7480454,10.681756,10.20198,10.85411,9.12147285,2.9286446446179775,6.12147285,Critical
98,154,2,5.4241457,12.707047,9.276032,9.105194,9.128104675,2.974925637539537,7.1281046749999994,Critical
98,155,1,3.9461784,5.8847356,7.5823693,6.708104,6.030346825,1.5527490893876026,5.030346825,Critical
98,156,0,15.4601345,13.515409,5.831119,6.2836137,10.272569050000001,4.935081545097586,10.272569050000001,Critical
99,30,155,164.50513,158.15598,156.29074,157.78741,159.18481500000001,3.6374287620103347,4.184815000000015,Healthy
99,31,154,145.19936,152.68877,143.82794,151.81522,148.38282250000003,4.516780732205735,5.617177499999968,Healthy
99,32,153,154.35915,141.07082,138.12415,140.34819,143.47557749999999,7.36327232190225,9.524422500000014,Healthy
99,33,152,157.40721,150.57289,133.987,146.0446,147.002925,9.854381206240197,4.997074999999995,Healthy
99,34,151,152.76472,141.32713,130.62918,144.79239,142.378355,9.180637778783863,8.621645000000001,Healthy
99,35,150,151.13008,150.0706,123.18637,141.67493,141.51549500000002,12.930742554961803,8.484504999999984,Healthy
99,36,149,171.86234,150.41924,125.94291,146.40869,148.65829499999998,18.820007704650383,0.3417050000000188,Warning
99,37,148,166.6974,165.18138,134.42749,144.91333,152.8049,15.771122226117363,4.8049000000000035,Warning
99,38,147,166.80333,164.1238,152.09213,153.60587,159.1562825,7.39059977366462,12.156282500000003,Healthy
99,39,146,164.74716,172.53041,143.98871,155.88957,159.28896249999997,12.258078258534585,13.288962499999968,Healthy
99,40,145,168.44635,169.42552,142.55536,153.66994,158.5242925,12.856328265668427,13.524292500000001,Healthy
99,41,144,161.67906,136.63689,142.12872,157.62184,149.5166275,12.028965725623506,5.5166274999999985,Healthy
99,42,143,162.01624,146.84802,135.5669,145.7837,147.553715,10.900754129158528,4.553715000000011,Healthy
99,43,142,162.34319,150.42139,126.25698,141.1391,145.040165,15.235688405075978,3.040165000000002,Warning
99,44,141,163.48584,159.80635,118.382866,139.9126,145.396914,20.774002816569173,4.3969140000000095,Warning
99,45,140,149.62206,149.53995,107.018654,135.25465,135.3588285,20.06423288400421,4.641171500000013,Warning
99,46,139,142.727,153.58269,98.01183,129.30124,130.90569000000002,24.073290763958028,8.094309999999979,Warning
99,47,138,162.6213,144.28026,101.56495,131.59482,135.0153325,25.681097577467845,2.9846675000000005,Warning
99,48,137,157.39784,160.33931,98.48922,127.35226,135.8946575,29.05206362772689,1.1053425000000061,Warning
99,49,136,155.70442,153.65315,97.44702,123.79562,132.65005250000002,27.630227635162402,3.3499474999999848,Warning
99,50,135,165.17665,139.92903,95.53647,123.26154,130.9759225,29.24217494357465,4.024077500000004,Warning
99,51,134,170.5659,154.36821,99.63813,127.70296,138.0688,31.123942072048006,4.06880000000001,Warning
99,52,133,148.11131,150.24048,91.99301,128.419,129.69095,26.98360849847304,3.3090500000000134,Warning
99,53,132,153.03358,149.87425,100.5067,123.96964,131.8460425,24.617880464215943,0.15395749999998998,Warning
99,54,131,151.15565,143.06104,86.38102,127.06416,126.9154675,28.817410840068398,4.084532499999995,Warning
99,55,130,174.01578,164.08954,92.63527,131.12802,140.4671525,36.78149887139944,10.467152499999997,Warning
99,56,129,147.2243,146.9016,94.2779,131.86449,130.0670725,24.912295154127374,1.0670724999999948,Warning
99,57,128,170.35326,159.46973,105.51053,128.82018,141.03842500000002,29.49909257978003,13.038425000000018,Warning
99,58,127,163.38399,151.96683,114.152336,136.94548,141.612159,21.268533946428715,14.612158999999991,Warning
99,59,126,147.89407,156.23436,113.87868,129.6655,136.91815250000002,18.947338410393115,10.91815250000002,Warning
99,60,125,160.47665,162.9665,110.955345,134.51831,142.22920125000002,24.498414057142686,17.229201250000017,Warning
99,61,124,169.53056,172.35231,109.35247,136.05302,146.82209,29.929985157578454,22.822090000000003,Warning
99,62,123,151.90813,142.59296,109.114876,147.14886,137.6912065,19.426802582608286,14.691206499999993,Warning
99,63,122,146.5844,145.45311,113.58372,139.78859,136.352455,15.467567543632493,14.352454999999992,Warning
99,64,121,165.51326,157.22517,127.48726,142.45587,148.17039,16.765160165380664,27.170389999999998,Warning
99,65,120,179.5359,165.81972,140.28021,149.88785,158.88092,17.336251659162077,38.88092,Warning
99,66,119,153.55658,139.81,156.14117,158.61931,152.031765,8.405941531252365,33.03176500000001,Healthy
99,67,118,158.41537,151.31044,162.53226,158.53992,157.6994975,4.668848271057687,39.69949750000001,Healthy
99,68,117,175.26213,154.70181,164.04933,164.02206,164.50883249999998,8.411483964463413,47.50883249999998,Healthy
99,69,116,153.89328,149.24037,164.32059,162.3196,157.44346000000002,7.093802974357266,41.443460000000016,Healthy
99,70,115,158.27763,153.85565,164.32785,156.0487,158.1274575,4.51061677211573,43.12745749999999,Healthy
99,71,114,166.15578,160.24652,164.65762,156.54257,161.9006225,4.364713898148608,47.9006225,Healthy
99,72,113,164.50357,161.6194,164.67496,159.98871,162.69666,2.28561275140825,49.69666000000001,Healthy
99,73,112,146.5406,157.39706,164.67798,157.4484,156.51601,7.478238633163106,44.516009999999994,Healthy
99,74,111,166.14308,155.55223,164.65553,161.26877,161.9049025,4.700681249034544,50.90490249999999,Healthy
99,75,110,164.73344,154.8084,164.53337,160.87991,161.23878,4.6384460905566165,51.23877999999999,Healthy
99,76,109,152.39351,158.57768,164.39035,163.30309,159.6661575,5.465694762604148,50.6661575,Healthy
99,77,108,153.06053,152.01668,160.15143,163.76904,157.24942000000001,5.652594517098611,49.249420000000015,Healthy
99,78,107,148.79192,142.83022,160.39075,166.68823,154.67528,10.830465307280202,47.67527999999999,Healthy
99,79,106,131.4634,137.91298,146.2092,161.52063,144.2765525,12.98416044181365,38.27655250000001,Healthy
99,80,105,144.15344,145.06226,139.31635,158.90298,146.8587575,8.416201688189975,41.858757499999996,Healthy
99,81,104,149.06392,155.26042,133.81232,150.26414,147.1002,9.256054917454486,43.1002,Healthy
99,82,103,157.09698,151.28014,121.45931,151.17633,145.25319000000002,16.1020888994834,42.25319000000002,Warning
99,83,102,154.23569,152.84648,116.7844,158.65527,145.63046,19.389531376948405,43.63046,Warning
99,84,101,138.04887,145.95503,110.69945,130.36707,131.267605,15.116943821653676,30.267605000000003,Warning
99,85,100,99.59599,102.04591,91.11805,116.4296,102.2973875,10.520738352892584,2.2973874999999992,Healthy
99,86,99,146.61406,153.79532,89.71801,109.347206,124.868649,30.47456759119934,25.868649000000005,Warning
99,87,98,153.5269,156.75368,86.08058,107.786964,126.037031,34.7792483407671,28.037031,Warning
99,88,97,141.63564,146.43507,86.528755,108.46915,120.76715374999999,28.389226173453363,23.76715374999999,Warning
99,89,96,148.98375,151.3607,89.63846,109.65537,124.90957,30.309350808077912,28.909570000000002,Warning
99,90,95,169.69125,159.26505,105.87669,121.33711,139.042525,30.341111785115917,44.04252500000001,Warning
99,91,94,154.536,161.27162,118.79315,132.20804,141.7022025,19.68613951984556,47.7022025,Warning
99,92,93,139.97322,148.96028,124.992676,120.74855,133.6686815,13.112119836198715,40.66868149999999,Healthy
99,93,92,144.07016,148.75807,127.72812,120.87881,135.35879,13.207644468824354,43.35879,Healthy
99,94,91,149.05066,143.32971,131.25903,121.070274,136.1774185,12.507224323021036,45.17741849999999,Healthy
99,95,90,150.59822,155.60066,146.98993,129.13303,145.58046,11.519358818143198,55.58045999999999,Healthy
99,96,89,144.89531,145.2559,145.91225,119.494606,138.88951649999998,12.936791636630089,49.889516499999985,Healthy
99,97,88,140.99388,140.13171,145.13708,119.62389,136.47163999999998,11.44236714260646,48.47163999999998,Healthy
99,98,87,132.44798,140.91002,148.54279,108.270744,132.54288350000002,17.465697273991548,45.542883500000016,Warning
99,99,86,154.12785,142.2458,147.07507,109.487434,138.2340385,19.77573077110618,52.2340385,Warning
99,100,85,128.88216,137.19266,138.63756,103.43519,127.0368925,16.311146219734475,42.03689249999999,Warning
99,101,84,106.31564,121.49889,147.2071,91.86559,116.72180499999999,23.65229690373784,32.72180499999999,Warning
99,102,83,132.60889,123.096756,154.79935,94.32795,126.2082365,25.06294818133538,43.2082365,Warning
99,103,82,134.78467,131.69768,149.29065,95.26035,127.75833750000001,22.982946147674184,45.75833750000001,Warning
99,104,81,149.83311,129.9196,146.93704,101.19718,131.9717325,22.317956627940312,50.9717325,Warning
99,105,80,141.6811,130.43748,137.74458,100.87771,127.6852175,18.468828767156793,47.68521749999999,Warning
99,106,79,132.08765,124.86436,124.53263,102.297844,120.94562099999999,12.911332828111021,41.94562099999999,Healthy
99,107,78,122.16648,113.55346,92.38053,85.90795,103.502105,17.152573685614456,25.502105,Warning
99,108,77,153.6465,143.51985,87.17664,87.69808,118.0102675,35.54443773626789,41.0102675,Warning
99,109,76,127.76863,129.5382,75.38607,79.29911,102.9980025,29.67615424429674,26.9980025,Warning
99,110,75,134.07506,133.6504,71.779,80.75803,105.0656225,33.45392482900661,30.065622500000003,Warning
99,111,74,128.0492,117.482346,69.45153,78.915855,98.47473275000002,28.64049854832577,24.474732750000015,Warning
99,112,73,125.9229,140.30115,65.96279,82.47311,103.66498750000001,35.15761861431116,30.66498750000001,Warning
99,113,72,116.92442,122.32192,61.80774,80.26235,95.32910749999999,29.129931395197136,23.329107499999992,Warning
99,114,71,106.03084,84.38523,53.897423,69.51613,78.45740574999999,22.200394451419076,7.457405749999992,Warning
99,115,70,116.73678,125.025795,55.642384,64.337364,90.43558075,35.49610054387803,20.43558075,Warning
99,116,69,117.34447,123.13906,56.283817,65.14128,90.47715674999999,34.639782423951544,21.477156749999992,Warning
99,117,68,146.61786,144.04128,62.943863,73.55982,106.79070575,44.72376282798231,38.79070575,Warning
99,118,67,153.94638,142.37883,78.483284,90.71953,116.382006,37.33538471648003,49.382006000000004,Warning
99,119,66,105.40149,114.67881,72.944435,84.74435,94.44227124999999,19.024796242392178,28.44227124999999,Warning
99,120,65,142.84415,135.516,84.754684,95.22165,114.584121,28.87601884213665,49.584120999999996,Warning
99,121,64,119.438286,123.68835,87.73025,86.58878,104.3614165,19.944127454343608,40.361416500000004,Warning
99,122,63,133.32019,149.01588,89.15049,88.4971,114.995915,30.89395983420114,51.995915,Warning
99,123,62,106.54044,109.84737,91.628586,82.29046,97.576714,12.909520653769606,35.576713999999996,Healthy
99,124,61,127.404816,120.826294,90.52729,93.50127,108.0649175,18.766571441422705,47.06491750000001,Warning
99,125,60,122.84337,112.395195,88.95124,86.85274,102.76063624999999,17.70029665543178,42.76063624999999,Warning
99,126,59,120.09838,133.52182,86.99181,91.81367,108.10642,22.368356517010064,49.10642,Warning
99,127,58,109.19244,120.27183,84.42738,90.67126,101.14072750000001,16.530526221080347,43.14072750000001,Warning
99,128,57,127.43155,130.79544,82.652214,87.32613,107.0513335,25.58343541930929,50.0513335,Warning
99,129,56,104.156006,122.1478,85.05715,97.62658,102.246884,15.454507093327308,46.246883999999994,Warning
99,130,55,105.79319,104.96453,77.582825,82.622406,92.74073775000001,14.741444558899923,37.74073775000001,Healthy
99,131,54,103.10298,109.24995,65.06025,73.47695,87.7225325,21.7294235112491,33.7225325,Warning
99,132,53,108.214264,117.76031,57.328087,63.425816,86.68211925,30.724594101025644,33.68211925,Warning
99,133,52,109.56002,99.954216,54.92549,68.13961,83.144834,25.831540783294567,31.144834000000003,Warning
99,134,51,123.64212,114.764885,63.436913,74.92105,94.191242,29.483317617592036,43.191242,Warning
99,135,50,94.16256,99.309685,50.00186,70.926094,78.60004975,22.714362352920826,28.600049749999997,Warning
99,136,49,112.834915,120.30194,48.706352,67.72506,87.39206675,34.70722290161183,38.39206675,Warning
99,137,48,98.70203,105.75588,45.798157,66.36147,79.15438424999999,28.083486143202,31.154384249999993,Warning
99,138,47,107.77227,81.13724,42.390354,64.892296,74.04804,27.529482237539643,27.04804,Warning
99,139,46,101.947205,99.234245,41.804276,61.631016,76.1541855,29.375770834906557,30.154185499999997,Warning
99,140,45,89.33467,84.74291,40.895115,66.97683,70.48738125,21.95804017558427,25.48738125,Warning
99,141,44,79.616486,85.844505,39.19715,62.632156,66.82257424999999,20.866573727910744,22.822574249999988,Warning
99,142,43,97.788635,94.43399,38.550648,53.9951,71.19209325,29.488768045062212,28.19209325,Warning
99,143,42,99.14465,100.716385,39.857433,51.20507,72.7308845,31.753738622592422,30.730884500000002,Warning
99,144,41,90.52372,72.89382,36.54057,49.514534,62.368161,24.05414159699719,21.368161,Warning
99,145,40,47.387665,69.870476,32.01669,39.915325,47.297539,16.30487695143636,7.297539,Critical
99,146,39,97.782974,95.44085,35.388386,42.95481,67.89175499999999,33.32045333279132,28.89175499999999,Warning
99,147,38,71.14173,63.155724,34.97199,42.10294,52.843095999999996,17.0872045997379,14.843095999999996,Critical
99,148,37,92.13209,92.085075,38.867653,48.068085,67.78822575000001,28.332808364670964,30.78822575000001,Warning
99,149,36,82.56972,85.44829,38.353676,49.61376,63.996361500000006,23.590686212276992,27.996361500000006,Warning
99,150,35,52.21817,74.19708,38.148556,50.95991,53.880929,14.961625036031034,18.880929000000002,Warning
99,151,34,83.38608,80.60901,39.216568,45.641655,62.21332825,23.02287167155853,28.213328250000004,Warning
99,152,33,46.213432,53.356888,37.715652,38.161617,43.86189725,7.437609172862175,10.861897249999998,Warning
99,153,32,61.621166,70.75918,38.043957,33.843937,51.06706,17.938839809896425,19.067059999999998,Critical
99,154,31,58.01157,68.938545,38.930607,40.753044,51.65844150000001,14.374626770814157,20.65844150000001,Warning
99,155,30,54.0422,57.47632,39.327755,33.701977,46.137063,11.43194325223666,16.137062999999998,Warning
99,156,29,37.883186,48.640694,38.405533,30.94053,38.96748575,7.2914212903797395,9.967485750000002,Warning
99,157,28,55.09984,64.59042,41.99353,33.01912,48.675727499999994,13.956214632679771,20.675727499999994,Warning
99,158,27,42.54211,66.25917,42.49276,37.610344,47.226096,12.897865287869307,20.226096,Warning
99,159,26,44.6788,50.40681,41.53054,34.189205,42.701338750000005,6.760469186644734,16.701338750000005,Warning
99,160,25,36.70733,54.946106,39.146896,38.230305,42.25765925,8.51859272344,17.257659250000003,Warning
99,161,24,28.736626,34.530823,34.42585,31.566578,32.31496925,2.752602117997122,8.314969249999997,Warning
99,162,23,21.904316,32.360542,30.854328,30.162144,28.8203325,4.701133314698879,5.820332499999999,Critical
99,163,22,19.285248,21.296837,26.171879,23.861273,22.65380925,3.0012976113508394,0.6538092499999983,Critical
99,164,21,29.865992,35.239944,25.49913,28.722668,29.831933499999998,4.051805921176178,8.831933499999998,Critical
99,165,20,28.125744,42.268116,24.762583,27.120472,30.56922875,7.925604889604299,10.56922875,Warning
99,166,19,23.383106,30.778416,23.133648,28.03537,26.332635000000003,3.7236860916837045,7.332635000000003,Critical
99,167,18,23.186136,31.754751,21.123308,24.45197,25.129041250000004,4.625265212196115,7.129041250000004,Critical
99,168,17,16.258423,21.818148,18.751106,23.856401,20.1710195,3.3476178005336377,3.1710195,Critical
99,169,16,18.737843,31.45778,17.94895,21.245106,22.34741975,6.2340286584739815,6.34741975,Critical
99,170,15,16.706465,21.480917,16.23911,20.507261,18.73343825,2.647349656107831,3.733438249999999,Critical
99,171,14,18.504267,22.90104,15.224762,18.505955,18.784005999999998,3.1503308331778945,4.784005999999998,Critical
99,172,13,13.785847,25.883324,14.684208,19.141678,18.37376425,5.527054344495531,5.373764250000001,Critical
99,173,12,18.637693,19.872778,13.716823,17.112991,17.33507125,2.663194761224242,5.335071249999999,Critical
99,174,11,12.8526,17.35169,12.74479,15.575767,14.63121175,2.237203112902116,3.6312117500000003,Critical
99,175,10,14.682096,14.633439,13.810579,18.010725,15.28420975,1.8611391254482432,5.2842097500000005,Critical
99,176,9,14.054327,12.596795,16.226343,14.866687,14.436038,1.5186802005684628,5.436038,Critical
99,177,8,13.340744,17.134739,16.409828,14.988317,15.468407000000001,1.6753479323346536,7.468407000000001,Critical
99,178,7,6.030255,10.433459,13.999379,10.628425,10.2728795,3.26796876514505,3.2728795,Critical
99,179,6,4.1269083,6.7767735,11.589637,11.515741,8.50226495,3.684832453801535,2.5022649500000007,Critical
99,180,5,14.039109,17.306137,9.095851,9.096915,12.384502999999999,4.024246061067008,7.384502999999999,Critical
99,181,4,2.3376915,6.7374535,7.405173,8.795094,6.318852999999999,2.7890699704479447,2.318852999999999,Critical
99,182,3,9.43521,4.874982,5.908322,6.7978964,6.7541025999999995,1.9524936056176914,3.7541025999999995,Critical
99,183,2,2.7979467,6.814103,4.257073,5.921813,4.947733925,1.7823917633865147,2.9477339249999996,Critical
99,184,1,2.989222,5.280698,3.355687,3.8603284,3.8714838499999997,1.0050607489202281,2.8714838499999997,Critical
99,185,0,9.610018,10.555242,2.6231596,5.8837013,7.168030225000001,3.639682114669157,7.168030225000001,Critical
100,30,170,139.99603,143.11145,163.07,153.603,149.94512,10.509138857930592,20.054879999999997,Healthy
100,31,169,126.10337,121.212234,161.87158,142.19604,137.845806,18.355043565253958,31.15419399999999,Warning
100,32,168,130.2318,127.963524,162.30942,162.66815,145.7932235,19.301156932626835,22.20677649999999,Warning
100,33,167,141.30995,141.98775,161.47931,148.28612,148.2657825,9.352272815493837,18.7342175,Healthy
100,34,166,134.71304,129.07477,160.02289,163.45827,146.8172425,17.44152106062116,19.182757500000008,Warning
100,35,165,137.53961,138.989,158.01532,159.8161,148.5900075,11.960383194311055,16.409992499999987,Healthy
100,36,164,132.61427,128.15399,163.41977,163.45993,146.91199,19.17140648613972,17.088009999999997,Warning
100,37,163,122.585785,124.64486,163.84541,152.86032,140.98409375,20.56820244148046,22.01590625,Warning
100,38,162,138.29936,138.71175,162.73679,166.59622,151.58603000000002,15.186923515764034,10.413969999999978,Warning
100,39,161,117.46944,132.4749,163.6333,161.5302,143.77696,22.577820514000013,17.223039999999997,Warning
100,40,160,123.20528,123.76111,163.85625,167.34372,144.54158999999999,24.35884300002088,15.458410000000015,Warning
100,41,159,140.18211,123.82195,164.16711,170.57718,149.6870875,21.644221333714576,9.31291250000001,Warning
100,42,158,156.02664,146.55202,163.80928,173.66946,160.01435,11.518097106872005,2.0143500000000074,Healthy
100,43,157,136.7804,113.76894,162.90253,171.09468,146.1366375,26.071734748326435,10.863362499999994,Warning
100,44,156,142.48425,135.6386,153.86711,167.97737,149.9918325,14.152460481712186,6.008167500000013,Healthy
100,45,155,118.792885,117.06049,151.55022,158.02281,136.35660124999998,21.45611560217598,18.643398750000017,Warning
100,46,154,135.16699,143.01799,159.25504,172.508,152.487005,16.696224156194724,1.5129949999999894,Warning
100,47,153,153.7082,155.96815,158.9931,172.88477,160.388555,8.60755108946596,7.388554999999997,Healthy
100,48,152,138.96352,138.38518,163.28867,176.67169,154.327265,18.883633502117657,2.3272650000000112,Warning
100,49,151,147.0437,144.11848,163.09496,177.76149,158.0046575,15.590725072436229,7.0046575000000075,Warning
100,50,150,132.4518,142.30414,163.26239,176.99136,153.7524225,20.126826120605596,3.7524224999999944,Warning
100,51,149,123.2393,139.38756,163.98874,176.24553,150.7152825,23.883223699163636,1.7152825000000007,Warning
100,52,148,139.71251,147.67186,164.28116,175.47467,156.78505,16.124674827772495,8.785050000000012,Warning
100,53,147,123.536514,124.53412,164.36084,176.9487,147.3450435,27.404975926369207,0.3450435000000027,Warning
100,54,146,136.00572,135.68304,164.49509,175.40549,152.897335,20.18897035676741,6.897334999999998,Warning
100,55,145,139.448,137.69807,164.53363,175.89575,154.3938625,18.861551227198273,9.393862500000012,Warning
100,56,144,128.97304,142.4078,164.55,174.02705,152.4894725,20.52629440555922,8.489472500000005,Warning
100,57,143,125.07552,129.4845,164.49782,174.12923,148.2967675,24.65034120703319,5.296767499999987,Warning
100,58,142,108.15053,111.78155,164.35681,172.15802,139.1117275,33.83738559267877,2.8882724999999994,Warning
100,59,141,132.39925,136.88503,164.37558,174.22183,151.97042249999998,20.49075342875965,10.970422499999984,Warning
100,60,140,120.363434,98.530426,163.88176,171.44873,138.5560875,34.91103855083522,1.4439125000000104,Warning
100,61,139,117.61138,129.65352,162.51648,173.61115,145.84813250000002,26.50910921964672,6.84813250000002,Warning
100,62,138,108.95277,112.944145,159.12576,170.27588,137.82463875000002,31.408303570520538,0.17536124999998037,Warning
100,63,137,99.27124,106.644135,144.40074,167.63884,129.48873875,32.21164984839086,7.51126124999999,Warning
100,64,136,147.84007,154.28758,138.04706,166.90465,151.76984,12.099025740736323,15.769839999999988,Healthy
100,65,135,132.29439,121.665985,125.00331,166.61131,136.39374875,20.628094677340894,1.393748749999986,Warning
100,66,134,119.530075,109.89853,111.57057,162.7778,125.94424375000001,24.912646410968133,8.055756249999988,Warning
100,67,133,116.92885,126.159035,104.40176,162.08722,127.39421625,24.787813652899878,5.6057837500000005,Warning
100,68,132,112.10415,125.87262,107.43481,151.06653,124.11952749999999,19.595606408672964,7.88047250000001,Warning
100,69,131,121.81741,132.87202,96.376854,128.59439,119.9151685,16.33890713261189,11.084831500000007,Warning
100,70,130,119.80355,126.01728,94.78988,133.91583,118.63163499999999,16.911111092132103,11.368365000000011,Warning
100,71,129,131.82455,130.71771,99.33247,120.84432,120.6797625,15.06320743494199,8.320237500000005,Warning
100,72,128,123.2769,129.40816,103.15065,122.33689,119.54315,11.369232615560886,8.456850000000003,Healthy
100,73,127,117.73183,127.507744,106.44466,113.33134,116.2538935,8.824130329051641,10.746106499999996,Healthy
100,74,126,138.81314,147.109,118.381004,116.67884,130.245496,15.084236985554957,4.245496000000003,Warning
100,75,125,130.29427,138.53032,126.39754,124.211464,129.8583985,6.3049614662049205,4.858398499999993,Healthy
100,76,124,122.72641,126.62194,130.66113,130.85934,127.717205,3.857777724549895,3.717205000000007,Healthy
100,77,123,113.55192,127.8467,123.851,127.49077,123.1850975,6.671104067325864,0.1850974999999977,Healthy
100,78,122,131.87596,143.72499,132.1384,134.29916,135.5096275,5.583491348976164,13.509627499999993,Healthy
100,79,121,131.4662,119.2678,134.57925,123.14205,127.11382499999999,7.118306060725871,6.113824999999991,Healthy
100,80,120,117.19845,135.15605,118.47909,126.829865,124.41586374999999,8.336972802263995,4.4158637499999855,Healthy
100,81,119,120.27573,120.092575,117.762,114.553734,118.17100975000001,2.669221682307452,0.8289902499999897,Healthy
100,82,118,115.88002,128.0497,108.165306,108.8055,115.2251315,9.23672454291143,2.7748684999999966,Healthy
100,83,117,105.45256,107.227425,81.61025,95.476814,97.44176225,11.753437480090962,19.558237750000004,Healthy
100,84,116,112.842926,105.93511,78.67184,104.91751,100.5918465,15.031494308296242,15.408153499999997,Warning
100,85,115,122.98258,134.70694,84.17672,97.52335,109.8473975,23.10408118860443,5.1526025,Warning
100,86,114,93.50522,84.96756,82.228615,108.21012,92.22787875,11.68704610435301,21.772121249999998,Healthy
100,87,113,112.81297,115.12986,84.315926,101.984245,103.56075025,14.051055712727313,9.439249750000002,Healthy
100,88,112,102.66816,93.16889,82.127396,95.66561,93.407514,8.527535114553558,18.592485999999994,Healthy
100,89,111,112.962135,117.63708,81.36048,91.046135,100.7514575,17.363066025868676,10.2485425,Warning
100,90,110,124.2481,125.95595,68.843765,80.73066,99.94461875,29.46007393683819,10.055381249999996,Warning
100,91,109,110.875626,107.29478,65.245865,88.48415,92.97510525,20.932918031708585,16.02489475,Warning
100,92,108,118.98459,122.568436,68.63144,85.87047,99.013734,26.13738225197563,8.986266,Warning
100,93,107,104.85666,102.06194,70.69334,89.806694,91.8546585,15.548163855987916,15.1453415,Warning
100,94,106,120.419914,111.60992,74.09308,86.93767,98.26514599999999,21.45939751782291,7.734854000000013,Warning
100,95,105,109.09002,118.6642,76.76789,90.77146,98.8233925,18.71131645099541,6.176607500000003,Warning
100,96,104,93.46452,121.425835,70.38133,77.12121,90.59822375,22.7223088768899,13.401776249999998,Warning
100,97,103,106.42311,110.472664,69.20644,81.01801,91.780056,19.909984075919894,11.219943999999998,Warning
100,98,102,93.136826,91.62534,64.99036,77.41401,81.791634,13.25218919172416,20.208365999999998,Healthy
100,99,101,118.41951,115.34301,70.89415,76.647514,95.32604599999999,25.031926461530634,5.673954000000009,Warning
100,100,100,89.53403,113.573494,66.39777,72.98493,85.622556,21.022658820062,14.377443999999997,Warning
100,101,99,105.571625,114.49702,68.93607,74.492455,90.87429250000001,22.536600183484676,8.12570749999999,Warning
100,102,98,109.12271,111.580864,70.22544,76.729866,91.91472,21.477715564343676,6.085279999999997,Warning
100,103,97,84.30826,107.9701,63.626442,80.48679,84.097898,18.276094515764285,12.902102,Warning
100,104,96,119.24928,129.24452,77.16684,81.83872,101.87484,26.222775833680664,5.874840000000006,Warning
100,105,95,108.38994,110.02109,83.19704,93.293755,98.72545625000001,12.8014149956254,3.7254562500000077,Healthy
100,106,94,119.51819,129.98155,93.00746,87.99581,107.6257525,20.332575420748476,13.625752500000004,Warning
100,107,93,113.8099,118.72553,102.236984,100.345314,108.77943200000001,8.910077552884635,15.779432000000014,Healthy
100,108,92,112.5059,112.76031,114.65516,96.91731,109.20967,8.250811118352749,17.209670000000003,Healthy
100,109,91,116.948135,121.400475,125.304634,110.329414,118.49566449999999,6.426053337131092,27.49566449999999,Healthy
100,110,90,98.51375,106.053856,111.42481,95.67488,102.91682399999999,7.166114918927638,12.916823999999991,Healthy
100,111,89,101.25853,97.78326,107.43925,94.56637,100.2618525,5.510303760558485,11.261852500000003,Healthy
100,112,88,123.88852,125.3718,105.92759,96.87162,113.0148825,13.925564521264182,25.0148825,Healthy
100,113,87,86.26326,110.53194,90.59362,99.09724,96.621515,10.696698910291595,9.621515000000002,Healthy
100,114,86,105.1119,126.826195,88.599045,96.92675,104.3659725,16.42108438136293,18.365972499999998,Warning
100,115,85,109.20993,108.35206,91.30088,94.73875,100.90040499999999,9.213979244049044,15.900404999999992,Healthy
100,116,84,100.25229,113.21128,95.29175,97.438385,101.54842624999999,8.03617992884822,17.54842624999999,Healthy
100,117,83,98.00285,105.80837,86.33677,88.64949,94.69937,8.960226706298599,11.699370000000002,Healthy
100,118,82,105.115005,121.73972,84.42231,89.15335,100.10759625,16.921846195327596,18.10759625,Warning
100,119,81,81.34935,90.07274,75.86982,79.81801,81.77748,5.9926233298670315,0.7774799999999971,Healthy
100,120,80,101.876625,108.34321,78.81684,86.828705,93.966345,13.53661926554842,13.966345000000004,Healthy
100,121,79,71.83157,81.63058,67.61002,77.78272,74.7137225,6.219085023058049,4.286277499999997,Healthy
100,122,78,96.60254,112.17242,71.55346,78.15537,89.62094750000001,18.395698027215268,11.620947500000014,Warning
100,123,77,116.336075,98.947975,73.168434,86.62493,93.7693535,18.362241251107815,16.769353499999994,Warning
100,124,76,92.190475,81.62707,72.454605,92.19932,84.6178675,9.51687327309982,8.617867500000003,Healthy
100,125,75,75.573326,80.23018,67.24391,87.71943,77.6917115,8.575995062785175,2.6917114999999967,Healthy
100,126,74,82.65258,83.838005,62.06959,76.97324,76.38335375,10.001780200070531,2.3833537499999977,Healthy
100,127,73,68.464935,76.964165,52.717567,64.458916,65.65139575,10.07638634470914,7.348604249999994,Healthy
100,128,72,81.44326,79.114975,48.309685,60.792503,67.41510575,15.732683828553924,4.584894250000005,Warning
100,129,71,102.79625,109.15644,50.858032,59.93965,80.68759299999999,29.549663348544982,9.687592999999993,Warning
100,130,70,117.2141,124.49226,55.4097,67.38312,91.124795,34.8007408856665,21.124795000000006,Warning
100,131,69,87.74907,76.18109,54.48352,67.35532,71.44225,14.05549125307496,2.4422500000000014,Healthy
100,132,68,78.39439,72.989555,53.159134,67.88636,68.10735975,10.849840487091667,0.10735975000000053,Healthy
100,133,67,80.96895,89.15484,50.20082,60.97652,70.3252825,17.89071681712497,3.3252825,Warning
100,134,66,87.62053,100.19452,49.813744,66.04201,75.917701,22.399895767222755,9.917700999999994,Warning
100,135,65,81.01616,82.2008,48.58953,57.624203,67.35767325,16.87064824062437,2.357673250000005,Warning
100,136,64,89.97514,78.939354,51.44636,66.13914,71.6249985,16.608226722983872,7.624998500000004,Warning
100,137,63,95.61802,104.77677,51.264725,66.62968,79.57229875,24.910243228735705,16.57229875,Warning
100,138,62,87.303314,93.61686,52.253723,66.89113,75.01625675,18.983368550322698,13.016256749999997,Warning
100,139,61,94.35195,88.226974,53.927216,61.055187,74.39033175,19.88704824431024,13.390331750000001,Warning
100,140,60,85.06326,89.819595,49.98542,62.924896,71.94829275000001,18.75433530698108,11.948292750000007,Warning
100,141,59,96.52446,101.5518,55.397976,64.669426,79.5359155,22.927148739032006,20.5359155,Warning
100,142,58,74.79667,89.92511,56.97601,66.66253,72.09008,13.944023038520841,14.09008,Healthy
100,143,57,73.93601,79.54244,50.39442,60.072002,65.98621800000001,13.229417517084265,8.986218000000008,Healthy
100,144,56,69.14723,78.38763,51.866623,63.668842,65.76758124999999,11.080448288667249,9.767581249999992,Healthy
100,145,55,64.12525,70.36645,51.536255,59.572155,61.40002749999999,7.925879466049284,6.400027499999993,Healthy
100,146,54,71.7009,67.03579,52.889393,57.516342,62.28560625,8.607103790539472,8.28560625,Healthy
100,147,53,67.90864,68.48684,51.379395,54.348507,60.5308455,8.938681031539144,7.530845499999998,Healthy
100,148,52,88.54577,86.97239,55.944267,55.680714,71.78578525,18.45586693606864,19.785785250000004,Warning
100,149,51,35.8939,39.19481,47.328625,49.272038,42.92234325,6.40383897691811,8.077656750000003,Warning
100,150,50,77.57534,87.900505,49.29511,47.762646,65.63340025,20.20509395092601,15.633400249999994,Warning
100,151,49,74.05322,78.72145,46.594887,48.512844,61.970600250000004,16.774031801178122,12.970600250000004,Warning
100,152,48,57.01768,53.411583,50.05177,46.765945,51.8117445,4.405256348617069,3.811744500000003,Warning
100,153,47,62.942436,72.40861,56.148945,47.29459,59.69864525,10.622716866632734,12.698645249999998,Warning
100,154,46,40.153545,54.39248,55.352013,42.158092,48.0140325,7.970985995175104,2.014032499999999,Warning
100,155,45,33.76017,44.198944,41.636745,34.000507,38.3990915,5.322525324649974,6.600908500000003,Warning
100,156,44,57.292187,61.307655,37.411278,33.190277,47.300349250000004,14.05855973045253,3.3003492500000036,Warning
100,157,43,59.893044,54.918762,35.308285,31.85428,45.49359275,13.97556627292546,2.4935927499999977,Warning
100,158,42,53.774498,47.16691,34.662693,32.51093,42.02875775,10.152355679750928,0.028757749999996918,Warning
100,159,41,47.539776,51.118465,37.135113,34.671036,42.616097499999995,7.951898230494844,1.616097499999995,Warning
100,160,40,37.739307,46.781208,37.692963,33.680664,38.9735355,5.541883690008208,1.026464500000003,Warning
100,161,39,52.957508,51.380737,38.02279,33.2811,43.910533750000006,9.75195823049191,4.910533750000006,Warning
100,162,38,52.152225,60.509686,38.036987,31.084866,45.445941000000005,13.329462767911567,7.445941000000005,Warning
100,163,37,38.208942,43.904396,34.409527,31.837189,37.0900135,5.242931207791465,0.09001349999999775,Warning
100,164,36,38.909798,38.997604,34.489063,35.316246,36.92817775,2.363397875215877,0.9281777500000032,Warning
100,165,35,22.914995,37.296616,31.98092,32.69299,31.221380250000003,6.017947081511567,3.778619749999997,Warning
100,166,34,29.027382,48.140976,32.002693,33.55422,35.681317750000005,8.516156597144997,1.6813177500000052,Warning
100,167,33,36.79715,39.707897,34.20742,37.40091,37.02834425,2.2605215167874255,4.0283442500000035,Warning
100,168,32,16.536453,22.767292,32.822643,33.921764,26.512038000000004,8.331930419733512,5.487961999999996,Critical
100,169,31,26.697878,36.98539,32.284843,33.763546,32.432914249999996,4.297603293012544,1.432914249999996,Warning
100,170,30,17.8933,26.863935,29.227455,31.50175,26.37161,5.9609370472924255,3.6283899999999996,Critical
100,171,29,21.838598,28.177958,25.873089,31.906471,26.949029,4.217449843992061,2.0509710000000005,Critical
100,172,28,19.151176,27.90211,24.120987,31.716568,25.72271025,5.367392096914129,2.2772897500000013,Critical
100,173,27,22.89935,28.59238,22.43753,27.825317,25.43864425,3.21957336853072,1.5613557500000006,Critical
100,174,26,21.003136,33.000183,22.081015,26.941256,25.756397500000002,5.4765636867084515,0.24360249999999795,Critical
100,175,25,34.598324,37.58796,23.187777,32.106976,31.87025925,6.206877153288352,6.87025925,Warning
100,176,24,26.032036,36.561634,26.823685,30.396748,29.95352575,4.797135450326188,5.953525750000001,Critical
100,177,23,22.598831,28.898262,27.848143,34.730804,28.51901,4.974226864604856,5.5190100000000015,Critical
100,178,22,16.686577,32.320053,29.813969,29.44291,27.06587725,7.036536303526255,5.06587725,Critical
100,179,21,15.369849,24.943066,26.68744,24.638592,22.90973675,5.106999035376801,1.9097367500000004,Critical
100,180,20,18.317478,26.751019,27.880537,25.122133,24.51779175,4.28580908391989,4.517791750000001,Critical
100,181,19,22.08067,30.53926,26.361551,25.052887,26.008592,3.511574948984856,7.008592,Critical
100,182,18,15.518563,32.331745,26.095526,25.515804,24.8654095,6.953318270253538,6.865409499999998,Critical
100,183,17,8.547432,21.424232,24.799015,21.81184,19.14562975,7.224570705675938,2.1456297500000012,Critical
100,184,16,14.557589,23.221882,23.023306,21.176426,20.494800750000003,4.063881858894471,4.494800750000003,Critical
100,185,15,20.234608,32.32004,24.337416,21.140612,24.508169000000002,5.497218959820198,9.508169000000002,Critical
100,186,14,14.867227,23.364525,22.866062,20.505589,20.40085075,3.8941234989325797,6.40085075,Critical
100,187,13,11.889078,21.010176,20.250765,18.945143,18.0237905,4.177778582978161,5.0237905000000005,Critical
100,188,12,8.289466,16.035542,16.723253,16.318928,14.341797249999999,4.044744010428132,2.341797249999999,Critical
100,189,11,10.280959,18.37098,14.567568,14.539182,14.439672250000001,3.305366143820719,3.439672250000001,Critical
100,190,10,9.036049,18.077766,12.552395,14.089267,13.438869250000002,3.7466893403861117,3.4388692500000015,Critical
100,191,9,7.2445297,9.318256,9.994095,10.622108,9.294747175000001,1.4668467881508243,0.29474717500000125,Critical
100,192,8,11.854485,20.792213,9.540164,13.6936655,13.970131875000002,4.855162256328007,5.970131875000002,Critical
100,193,7,8.407957,14.936987,8.047443,10.783639,10.5440065,3.1702385916740825,3.5440065,Critical
100,194,6,9.19844,11.965416,7.701877,9.541463,9.601799,1.7666095441598482,3.6017989999999998,Critical
100,195,5,11.086291,7.095398,6.3838096,7.790637,8.0890339,2.079077764178893,3.0890339000000004,Critical
100,196,4,5.763067,10.38784,5.4969683,8.799846,7.611930324999999,2.381048658077044,3.6119303249999994,Critical
100,197,3,10.305897,9.924178,4.543738,7.981349,8.1887905,2.6345872169517683,5.1887905,Critical
100,198,2,8.172182,10.744375,3.4413445,6.2396684,7.149392474999999,3.0847590637974363,5.149392474999999,Critical
100,199,1,7.138646,10.470486,2.8711023,5.880954,6.590297075,3.1460096423712725,5.590297075,Critical
100,200,0,3.8829408,1.9359534,2.172082,3.5731404,2.89102915,0.9794929251936892,2.89102915,Critical
