unit,cycle,actual_RUL,ANN_prediction,CNN_prediction,ANN_abs_error,CNN_abs_error,ANN_CNN_disagreement,ANN_CNN_average
91,1,134,119.9771,100.843605,14.022900000000009,33.156395,19.133494999999996,110.4103525
91,2,133,119.73912,114.31617,13.26088,18.68383,5.42295,117.027645
91,3,132,115.51612,106.65887,16.48388,25.341130000000007,8.857250000000008,111.087495
91,4,131,134.55034,122.77351,3.5503400000000056,8.226489999999998,11.776830000000004,128.661925
91,5,130,122.91228,108.23492,7.0877200000000045,21.76508,14.677359999999991,115.5736
91,6,129,100.46622,92.02491,28.533779999999993,36.975089999999994,8.441310000000001,96.245565
91,7,128,114.21417,99.2628,13.785830000000004,28.7372,14.951369999999995,106.738485
91,8,127,111.045425,120.72874,15.954575000000006,6.271259999999998,9.683315000000007,115.8870825
91,9,126,117.44356,108.33756,8.556439999999995,17.662440000000004,9.106000000000009,112.89056
91,10,125,110.742874,112.23043,14.257126,12.769570000000002,1.487555999999998,111.486652
91,11,124,81.870575,78.81072,42.129425,45.18928,3.059854999999999,80.3406475
91,12,123,120.65946,122.0816,2.3405400000000043,0.9184000000000054,1.4221399999999988,121.37053
91,13,122,119.19625,108.3193,2.8037499999999937,13.680700000000002,10.876950000000008,113.757775
91,14,121,102.74656,104.760765,18.25344,16.239234999999994,2.014205000000004,103.7536625
91,15,120,136.76462,134.64546,16.764620000000008,14.645460000000014,2.1191599999999937,135.70504
91,16,119,95.22581,108.02892,23.774190000000004,10.97108,12.803110000000004,101.627365
91,17,118,91.34352,91.87531,26.65648,26.12469,0.5317900000000009,91.609415
91,18,117,114.56456,120.17326,2.43544,3.173259999999999,5.608699999999999,117.36891
91,19,116,117.414314,119.94637,1.4143140000000043,3.9463700000000017,2.532055999999997,118.680342
91,20,115,111.2169,113.99447,3.783100000000005,1.0055299999999932,2.7775700000000114,112.605685
91,21,114,110.30165,118.66046,3.698350000000005,4.6604600000000005,8.358810000000005,114.481055
91,22,113,109.927284,103.03082,3.072716,9.969179999999994,6.896463999999995,106.479052
91,23,112,99.45385,88.182106,12.546149999999995,23.817893999999995,11.271743999999998,93.817978
91,24,111,86.24733,76.21652,24.752669999999995,34.78348,10.030810000000002,81.231925
91,25,110,97.2943,102.68736,12.705699999999991,7.312640000000002,5.393059999999991,99.99083
91,26,109,92.86916,98.71128,16.130840000000006,10.288719999999998,5.842120000000008,95.79022
91,27,108,100.06217,98.22464,7.937830000000005,9.775360000000006,1.837530000000001,99.143405
91,28,107,135.2581,127.737144,28.258100000000013,20.737144,7.520956000000012,131.497622
91,29,106,103.910065,89.98141,2.089934999999997,16.018590000000003,13.928655000000006,96.9457375
91,30,105,109.08159,92.9751,4.081590000000006,12.024900000000002,16.106490000000008,101.028345
91,31,104,112.64161,103.795105,8.64161,0.2048949999999934,8.846504999999993,108.2183575
91,32,103,92.25355,89.84101,10.746449999999996,13.158990000000005,2.412540000000007,91.04728
91,33,102,88.24707,93.38443,13.752930000000006,8.615570000000005,5.137360000000001,90.81575
91,34,101,93.23449,95.940346,7.765510000000006,5.059653999999995,2.7058560000000114,94.587418
91,35,100,89.52124,91.62409,10.478759999999994,8.375910000000005,2.1028499999999894,90.572665
91,36,99,116.64288,98.37593,17.642880000000005,0.6240700000000032,18.26695000000001,107.509405
91,37,98,89.01968,98.52189,8.980320000000006,0.5218899999999991,9.502210000000003,93.770785
91,38,97,119.12916,117.03954,22.12916,20.03954,2.0896199999999965,118.08435
91,39,96,89.3286,92.75765,6.6714000000000055,3.242350000000002,3.4290500000000037,91.043125
91,40,95,110.91676,117.83285,15.916759999999996,22.832849999999993,6.916089999999997,114.374805
91,41,94,115.49179,132.32495,21.491789999999995,38.32495,16.833160000000007,123.90837
91,42,93,82.6949,68.57569,10.305099999999996,24.42431000000001,14.11921000000001,75.635295
91,43,92,89.1646,92.57807,2.835400000000007,0.5780699999999968,3.413470000000004,90.871335
91,44,91,85.94976,95.68999,5.050240000000002,4.6899899999999946,9.740229999999997,90.819875
91,45,90,75.47734,86.00321,14.522660000000002,3.996790000000004,10.525869999999998,80.740275
91,46,89,101.11021,89.06817,12.110209999999997,0.0681699999999949,12.04204,95.08919
91,47,88,92.019394,87.93816,4.0193940000000055,0.0618400000000036,4.081234000000009,89.97877700000001
91,48,87,115.43512,110.57288,28.43512,23.57288,4.86224,113.004
91,49,86,97.50235,98.55349,11.502350000000009,12.553489999999996,1.0511399999999895,98.02792
91,50,85,97.98864,102.317215,12.988640000000004,17.317215000000004,4.328575000000001,100.1529275
91,51,84,103.11405,109.58925,19.11405000000001,25.589250000000007,6.475200000000001,106.35165
91,52,83,65.656204,87.78495,17.343795999999998,4.784949999999995,22.128745999999992,76.72057699999999
91,53,82,85.27026,90.123024,3.2702599999999933,8.123024000000001,4.852764000000008,87.696642
91,54,81,77.67462,72.49687,3.3253799999999956,8.503129999999999,5.177750000000003,75.085745
91,55,80,97.21824,89.42303,17.218239999999994,9.423029999999995,7.795209999999997,93.320635
91,56,79,56.256386,60.81565,22.743614,18.18435,4.559263999999999,58.536018
91,57,78,90.69394,81.37418,12.693939999999998,3.3741799999999955,9.319760000000002,86.03406
91,58,77,91.623436,97.04366,14.623435999999998,20.043660000000003,5.420224000000005,94.333548
91,59,76,47.650433,56.153286,28.349567,19.846714,8.502853000000002,51.9018595
91,60,75,79.7139,88.68852,4.713899999999995,13.688519999999995,8.974620000000002,84.20121
91,61,74,93.667786,82.19523,19.667786000000007,8.195229999999995,11.472556000000012,87.93150800000001
91,62,73,102.31792,96.53509,29.31792,23.535089999999997,5.782830000000004,99.426505
91,63,72,92.01876,92.29887,20.01876,20.298869999999994,0.2801099999999934,92.158815
91,64,71,66.27677,76.95407,4.723230000000001,5.9540700000000015,10.677300000000002,71.61542
91,65,70,63.17497,61.773163,6.825029999999998,8.226837000000003,1.4018070000000051,62.4740665
91,66,69,70.21366,87.70547,1.2136600000000044,18.705470000000005,17.49181,78.959565
91,67,68,68.3877,68.47391,0.3876999999999952,0.4739100000000036,0.0862100000000083,68.43080499999999
91,68,67,62.656128,65.62817,4.3438719999999975,1.3718300000000028,2.9720419999999947,64.142149
91,69,66,71.06545,87.7084,5.0654499999999985,21.708399999999997,16.64295,79.38692499999999
91,70,65,70.10115,89.21105,5.101150000000004,24.21105,19.109899999999996,79.65610000000001
91,71,64,59.08902,62.327663,4.910980000000002,1.6723369999999989,3.2386430000000033,60.7083415
91,72,63,89.11876,92.34251,26.118759999999995,29.342510000000004,3.2237500000000097,90.730635
91,73,62,72.70199,86.249306,10.701989999999997,24.249306000000004,13.54731600000001,79.475648
91,74,61,69.68451,75.235146,8.684510000000003,14.235146,5.550635999999997,72.459828
91,75,60,49.400936,58.092304,10.599063999999998,1.9076960000000016,8.691367999999997,53.74662
91,76,59,51.533092,67.0469,7.4669079999999965,8.046899999999994,15.51380799999999,59.289996
91,77,58,55.47996,62.121613,2.5200400000000016,4.1216130000000035,6.641653000000005,58.8007865
91,78,57,36.567165,45.63881,20.432834999999997,11.36119,9.071644999999997,41.1029875
91,79,56,57.107494,69.8816,1.1074940000000026,13.881600000000006,12.774106000000003,63.494547
91,80,55,39.290398,64.26844,15.709601999999997,9.268439999999998,24.978041999999995,51.779419
91,81,54,74.12292,80.24863,20.122919999999993,26.24863000000001,6.125710000000012,77.185775
91,82,53,55.65656,60.41543,2.656559999999999,7.415430000000001,4.758870000000002,58.035995
91,83,52,58.117474,57.396477,6.117474000000001,5.396476999999997,0.7209970000000041,57.7569755
91,84,51,43.118923,60.079716,7.881076999999998,9.079715999999998,16.960792999999995,51.5993195
91,85,50,36.197243,57.91157,13.802757,7.911569999999997,21.714326999999997,47.0544065
91,86,49,48.400692,60.682518,0.5993080000000006,11.682518000000002,12.281826000000002,54.541605
91,87,48,39.205154,45.80562,8.794846,2.1943800000000024,6.600465999999997,42.505387
91,88,47,35.776997,44.815342,11.223003,2.184657999999999,9.038345,40.296169500000005
91,89,46,35.50233,43.084694,10.49767,2.915306000000001,7.582363999999998,39.293512
91,90,45,58.869297,77.129486,13.869297000000005,32.129486,18.260188999999997,67.9993915
91,91,44,53.353252,67.99812,9.353251999999998,23.99812,14.644868000000002,60.675686
91,92,43,35.53983,50.927353,7.460169999999998,7.9273529999999965,15.387522999999996,43.2335915
91,93,42,28.750444,39.121643,13.249555999999998,2.878357000000001,10.371198999999995,33.9360435
91,94,41,30.43694,38.334583,10.56306,2.665416999999998,7.897643000000002,34.3857615
91,95,40,40.435432,49.26959,0.4354319999999987,9.26959,8.834158000000002,44.852511
91,96,39,36.658176,60.851402,2.3418240000000026,21.851402,24.193226000000003,48.754789
91,97,38,28.432796,42.597366,9.567204,4.597366000000001,14.16457,35.515081
91,98,37,31.237568,37.593063,5.762432,0.5930630000000008,6.355495000000001,34.4153155
91,99,36,21.135574,32.228706,14.864426000000002,3.7712939999999975,11.093132000000004,26.68214
91,100,35,30.746155,41.57021,4.253844999999998,6.570210000000003,10.824055,36.1581825
91,101,34,27.596514,37.130417,6.403486000000001,3.1304170000000013,9.533903000000002,32.363465500000004
91,102,33,32.93475,40.6161,0.0652499999999989,7.616100000000003,7.681350000000002,36.775425
91,103,32,45.49899,62.998734,13.49899,30.998734,17.499744,54.248862
91,104,31,29.847996,33.00476,1.1520040000000016,2.0047599999999974,3.156763999999999,31.426378
91,105,30,31.039875,28.149292,1.0398749999999986,1.850708000000001,2.8905829999999995,29.5945835
91,106,29,22.54984,28.082253,6.45016,0.9177469999999984,5.532413000000002,25.3160465
91,107,28,30.646,33.38469,2.646000000000001,5.384689999999999,2.7386899999999983,32.015344999999996
91,108,27,26.210697,35.730423,0.7893030000000003,8.730423000000002,9.519726000000002,30.97056
91,109,26,25.930206,26.010769,0.0697940000000016,0.0107689999999998,0.0805630000000015,25.970487499999997
91,110,25,31.407011,32.969704,6.407011000000001,7.969704,1.5626929999999994,32.1883575
91,111,24,26.831472,30.56986,2.8314720000000015,6.5698599999999985,3.738387999999997,28.700666
91,112,23,15.369537,19.223719,7.630463000000001,3.776281000000001,3.854182,17.296628
91,113,22,19.274006,18.13095,2.725994,3.8690500000000014,1.1430560000000014,18.702478
91,114,21,15.288855,18.558224,5.711145,2.441776000000001,3.2693689999999993,16.9235395
91,115,20,24.772276,41.370705,4.7722760000000015,21.370705,16.598429,33.0714905
91,116,19,16.60707,22.14296,2.39293,3.142959999999998,5.535889999999998,19.375015
91,117,18,24.874699,31.876423,6.874699,13.876423,7.001723999999999,28.375561
91,118,17,22.822647,24.167274,5.822647,7.167273999999999,1.3446269999999991,23.4949605
91,119,16,17.074207,20.863686,1.0742070000000012,4.863686000000001,3.789479,18.9689465
91,120,15,21.378456,22.163054,6.378456,7.163053999999999,0.784597999999999,21.770755
91,121,14,13.078688,16.721998,0.9213120000000004,2.7219979999999993,3.64331,14.900343
91,122,13,7.4173856,10.500227,5.5826144,2.4997729999999994,3.0828414000000004,8.958806300000001
91,123,12,14.640638,15.7543125,2.640637999999999,3.7543124999999993,1.1136745,15.19747525
91,124,11,10.1193495,10.150549,0.8806504999999998,0.8494510000000002,0.0311994999999996,10.13494925
91,125,10,17.554073,12.2407,7.554072999999999,2.2407000000000004,5.313372999999999,14.8973865
91,126,9,6.908609,4.4028144,2.091391,4.5971856,2.5057946000000006,5.6557116999999995
91,127,8,6.3436375,6.0955124,1.6563625000000002,1.9044876000000004,0.2481251000000002,6.21957495
91,128,7,4.1948786,9.629795,2.8051214,2.6297949999999997,5.4349164,6.9123368
91,129,6,13.13867,7.2596407,7.138669999999999,1.2596407000000005,5.879029299999999,10.19915535
91,130,5,7.364394,10.613445,2.364394,5.6134450000000005,3.249051000000001,8.9889195
91,131,4,9.351548,8.481022,5.351547999999999,4.481021999999999,0.8705259999999999,8.916284999999998
91,132,3,7.2837076,7.0280495,4.2837076,4.0280495,0.2556580999999998,7.15587855
91,133,2,7.44828,5.8424916,5.44828,3.8424916,1.6057883999999998,6.6453858
91,134,1,8.259834,4.935211,7.259834,3.935211,3.324623,6.5975225
91,135,0,6.30608,2.4451146,6.30608,2.4451146,3.860965399999999,4.3755973
92,1,340,149.84877,144.15175,190.15123,195.84825,5.697020000000009,147.00026
92,2,339,165.94586,168.04625,173.05414,170.95375,2.100389999999976,166.996055
92,3,338,166.8958,170.91275,171.1042,167.08725,4.01694999999998,168.90427499999998
92,4,337,158.9061,152.56413,178.0939,184.43587,6.341970000000003,155.735115
92,5,336,158.08374,150.27623,177.91626,185.72377,7.807510000000008,154.179985
92,6,335,169.15356,154.07945,165.84644,180.92055,15.07410999999999,161.61650500000002
92,7,334,164.05205,171.39224,169.94795,162.60776,7.340189999999979,167.722145
92,8,333,163.80359,140.56807,169.19641,192.43193,23.235520000000008,152.18583
92,9,332,160.19191,160.79045,171.80809,171.20955,0.5985399999999856,160.49118
92,10,331,172.52269,155.97353,158.47731,175.02647,16.54916,164.24811
92,11,330,161.08427,160.08958,168.91573,169.91042,0.9946899999999914,160.586925
92,12,329,151.29115,146.07915,177.70885,182.92085,5.211999999999989,148.68515
92,13,328,154.60509,148.64682,173.39491,179.35318,5.958269999999999,151.62595499999998
92,14,327,165.72765,150.66483,161.27235,176.33517,15.062820000000016,158.19624
92,15,326,157.23763,138.30421,168.76237,187.69579,18.933419999999984,147.77092
92,16,325,172.86934,175.19397,152.13066,149.80603,2.3246300000000133,174.031655
92,17,324,164.49411,167.15198,159.50589,156.84802,2.6578700000000026,165.823045
92,18,323,164.20923,163.01884,158.79077,159.98116,1.1903899999999794,163.614035
92,19,322,178.53123,143.67993,143.46877,178.32007,34.85129999999998,161.10558
92,20,321,167.72122,152.84544,153.27878,168.15456,14.875779999999992,160.28332999999998
92,21,320,160.44284,160.96404,159.55716,159.03596,0.5212000000000216,160.70344
92,22,319,159.29688,154.58824,159.70312,164.41176,4.708639999999974,156.94256
92,23,318,152.62437,149.8507,165.37563,168.1493,2.77367000000001,151.23753499999998
92,24,317,172.01938,156.80437,144.98062,160.19563,15.215010000000008,164.411875
92,25,316,154.88988,147.89418,161.11012,168.10582,6.995699999999999,151.39203
92,26,315,168.625,157.09106,146.375,157.90894,11.53394,162.85803
92,27,314,158.79561,136.84563,155.20439,177.15437,21.94998000000001,147.82062000000002
92,28,313,164.6388,158.70415,148.3612,154.29585,5.934650000000005,161.671475
92,29,312,185.39134,160.78516,126.60866,151.21484,24.606180000000023,173.08825000000002
92,30,311,160.01508,157.02745,150.98492,153.97255,2.987630000000024,158.521265
92,31,310,154.16148,149.07198,155.83852,160.92802,5.089500000000015,151.61673000000002
92,32,309,156.47696,163.92023,152.52304,145.07977,7.4432700000000125,160.198595
92,33,308,164.5731,157.34695,143.4269,150.65305,7.226150000000018,160.960025
92,34,307,164.96306,162.9656,142.03694,144.0344,1.997460000000018,163.96433000000002
92,35,306,168.82004,162.49748,137.17996,143.50252,6.32256000000001,165.65876
92,36,305,159.27477,165.5606,145.72523,139.4394,6.285830000000004,162.417685
92,37,304,150.92744,139.20609,153.07256,164.79391,11.72135,145.06676499999998
92,38,303,154.67757,153.73067,148.32243,149.26933,0.9468999999999994,154.20412
92,39,302,157.50066,153.57579,144.49934,148.42421,3.9248699999999985,155.538225
92,40,301,162.33228,150.96413,138.66772,150.03587,11.368149999999986,156.64820500000002
92,41,300,173.39003,161.90292,126.60997,138.09708,11.48711,167.646475
92,42,299,167.52422,138.52745,131.47578,160.47255,28.996770000000023,153.025835
92,43,298,162.01881,154.18063,135.98119,143.81937,7.838179999999994,158.09972
92,44,297,164.5681,159.10161,132.4319,137.89839,5.466489999999993,161.834855
92,45,296,161.83841,140.82922,134.16159,155.17078,21.009190000000014,151.33381500000002
92,46,295,152.06657,146.39586,142.93343,148.60414,5.670710000000014,149.23121500000002
92,47,294,153.22261,139.07176,140.77739,154.92824,14.150849999999991,146.147185
92,48,293,156.44618,148.48311,136.55382,144.51689,7.963069999999988,152.46464500000002
92,49,292,153.35959,145.49263,138.64041,146.50737,7.866960000000006,149.42611
92,50,291,155.06978,132.13264,135.93022,158.86736,22.93714,143.60121
92,51,290,149.91734,151.98949,140.08266,138.01051,2.0721499999999935,150.953415
92,52,289,155.39272,150.57306,133.60728,138.42694,4.819659999999999,152.98289
92,53,288,131.20627,147.30405,156.79373,140.69595,16.09778,139.25516
92,54,287,174.42284,160.99821,112.57716,126.00179,13.424630000000008,167.71052500000002
92,55,286,167.19899,168.94615,118.80101,117.05385,1.7471599999999796,168.07256999999998
92,56,285,160.11644,139.60086,124.88356,145.39914,20.51558,149.85865
92,57,284,158.27452,148.57613,125.72548,135.42387,9.69838999999999,153.425325
92,58,283,159.25676,162.1325,123.74324,120.8675,2.875739999999979,160.69463000000002
92,59,282,140.56126,141.88834,141.43874,140.11166,1.3270799999999952,141.22480000000002
92,60,281,166.58264,157.48827,114.41736,123.51173,9.094369999999998,162.035455
92,61,280,137.86122,138.96425,142.13878,141.03575,1.1030299999999895,138.412735
92,62,279,161.44972,167.55302,117.55028,111.44698,6.10329999999999,164.50137
92,63,278,161.68584,158.82878,116.31416,119.17122,2.8570600000000184,160.25731000000002
92,64,277,150.48068,155.14609,126.51932,121.85391,4.66540999999998,152.81338499999998
92,65,276,165.04016,147.45393,110.95984,128.54607,17.586229999999972,156.247045
92,66,275,163.19127,165.91652,111.80873,109.08348,2.7252499999999884,164.553895
92,67,274,157.50447,126.723274,116.49553,147.276726,30.78119599999999,142.113872
92,68,273,166.44707,158.40904,106.55293,114.59096,8.038029999999992,162.428055
92,69,272,157.75838,149.18011,114.24162,122.81989,8.578269999999975,153.469245
92,70,271,154.08272,147.19814,116.91728,123.80186,6.88458,150.64042999999998
92,71,270,155.51067,152.06453,114.48933,117.93547,3.446140000000014,153.7876
92,72,269,167.91985,159.81017,101.08015,109.18983,8.109679999999997,163.86500999999998
92,73,268,155.33728,144.32083,112.66272,123.67917,11.016449999999992,149.82905499999998
92,74,267,147.91637,140.52711,119.08363,126.47289,7.389260000000007,144.22174
92,75,266,175.08156,172.23744,90.91844,93.76256,2.844120000000004,173.65949999999998
92,76,265,161.74524,152.1904,103.25476,112.8096,9.554839999999984,156.96782000000002
92,77,264,150.74553,141.9889,113.25447,122.0111,8.756630000000001,146.367215
92,78,263,160.01169,157.59578,102.98831,105.40422,2.4159099999999967,158.803735
92,79,262,149.72069,155.09785,112.27931,106.90215,5.3771600000000035,152.40927
92,80,261,153.30841,148.98549,107.69159,112.01451,4.3229200000000105,151.14695
92,81,260,163.84732,142.88239,96.15268,117.11761,20.96493000000001,153.36485499999998
92,82,259,171.47453,155.34113,87.52547000000001,103.65887,16.133399999999995,163.40783
92,83,258,146.98544,153.86798,111.01456,104.13202,6.8825399999999775,150.42671
92,84,257,157.12968,151.18231,99.87032,105.81769,5.9473700000000065,154.15599500000002
92,85,256,166.12752,156.15483,89.87248,99.84517,9.97269,161.141175
92,86,255,162.47481,157.37254,92.52519,97.62746,5.102270000000004,159.923675
92,87,254,150.76659,154.19598,103.23341,99.80402,3.4293899999999837,152.481285
92,88,253,148.78357,140.29973,104.21643,112.70027,8.483839999999987,144.54165
92,89,252,158.9619,160.85469,93.0381,91.14531,1.8927899999999909,159.908295
92,90,251,138.62692,138.82304,112.37308,112.17696,0.1961199999999792,138.72498000000002
92,91,250,148.0996,153.79678,101.9004,96.20322,5.697180000000003,150.94819
92,92,249,142.81389,145.47179,106.18611,103.52821,2.657900000000012,144.14283999999998
92,93,248,155.3106,139.39354,92.6894,108.60646,15.917059999999992,147.35207
92,94,247,157.63385,155.5096,89.36615,91.4904,2.1242499999999893,156.571725
92,95,246,157.29877,155.69817,88.70123000000001,90.30183,1.6005999999999858,156.49847
92,96,245,142.22829,148.11195,102.77171,96.88805,5.88366000000002,145.17012
92,97,244,145.49242,128.29153,98.50758,115.70847,17.200890000000015,136.891975
92,98,243,156.42601,151.71362,86.57399000000001,91.28638,4.712389999999999,154.069815
92,99,242,157.82048,156.42415,84.17952,85.57585,1.396330000000006,157.122315
92,100,241,149.5118,135.8519,91.4882,105.1481,13.659899999999991,142.68185
92,101,240,152.17764,146.03363,87.82236,93.96637,6.144010000000009,149.105635
92,102,239,141.99297,151.7318,97.00703,87.26820000000001,9.73882999999998,146.86238500000002
92,103,238,127.188614,132.39215,110.811386,105.60785,5.2035359999999855,129.790382
92,104,237,157.01202,134.23387,79.98798,102.76613,22.77815000000001,145.62294500000002
92,105,236,139.22536,138.3233,96.77464,97.6767,0.902060000000006,138.77433
92,106,235,158.80428,149.96207,76.19572,85.03792999999999,8.842209999999994,154.383175
92,107,234,151.88698,157.35329,82.11302,76.64671000000001,5.466309999999993,154.620135
92,108,233,148.50162,143.51518,84.49838,89.48482000000001,4.986440000000016,146.0084
92,109,232,160.49196,143.84471,71.50804,88.15529000000001,16.647250000000014,152.168335
92,110,231,169.51253,160.45897,61.48747,70.54103,9.053560000000004,164.98575
92,111,230,140.54118,130.43942,89.45882,99.56058,10.101759999999985,135.4903
92,112,229,136.47333,137.96419,92.52667,91.03581,1.490859999999998,137.21876
92,113,228,153.13936,145.74702,74.86063999999999,82.25298000000001,7.392340000000019,149.44319000000002
92,114,227,158.66022,142.16534,68.33977999999999,84.83466000000001,16.494880000000023,150.41278
92,115,226,153.5512,149.77104,72.4488,76.22896,3.780159999999995,151.66111999999998
92,116,225,140.29037,122.957016,84.70963,102.042984,17.333354,131.623693
92,117,224,147.2996,145.0047,76.7004,78.99529999999999,2.294899999999984,146.15215
92,118,223,120.71239,132.54456,102.28761,90.45544,11.83216999999999,126.628475
92,119,222,162.42409,156.21907,59.57590999999999,65.78093000000001,6.205020000000019,159.32157999999998
92,120,221,164.20592,159.44867,56.79408000000001,61.55133000000001,4.757249999999999,161.827295
92,121,220,128.7924,130.58012,91.2076,89.41988,1.7877200000000073,129.68626
92,122,219,159.43701,157.42728,59.56299000000001,61.57272,2.0097299999999905,158.432145
92,123,218,129.1082,125.72952,88.89179999999999,92.27048,3.378680000000017,127.41886
92,124,217,148.81093,146.92043,68.18906999999999,70.07956999999999,1.890500000000003,147.86568
92,125,216,136.03273,129.3335,79.96727000000001,86.66650000000001,6.69923,132.683115
92,126,215,158.31761,153.42978,56.68239,61.570220000000006,4.887830000000008,155.873695
92,127,214,140.46922,141.29631,73.53078,72.70369,0.8270899999999983,140.882765
92,128,213,144.82942,141.11848,68.17058,71.88152,3.7109399999999937,142.97395
92,129,212,146.57991,153.20761,65.42008999999999,58.79239000000001,6.627699999999976,149.89376
92,130,211,146.79582,142.43124,64.20418000000001,68.56876,4.3645799999999895,144.61353
92,131,210,132.12288,137.44987,77.87711999999999,72.55013,5.326989999999995,134.78637500000002
92,132,209,144.579,149.1024,64.42099999999999,59.89760000000001,4.523399999999981,146.8407
92,133,208,132.15251,117.62028,75.84749,90.37972,14.532230000000013,124.886395
92,134,207,134.9527,144.71358,72.0473,62.28641999999999,9.760880000000014,139.83314
92,135,206,135.88493,137.97696,70.11507,68.02304000000001,2.092029999999994,136.930945
92,136,205,139.96745,144.93054,65.03254999999999,60.06945999999999,4.963089999999994,142.44899500000002
92,137,204,132.16335,131.78163,71.83664999999999,72.21837,0.3817200000000014,131.97249
92,138,203,157.49788,149.24727,45.50211999999999,53.752730000000014,8.250610000000023,153.37257499999998
92,139,202,140.25322,149.93153,61.74678,52.06846999999999,9.67831000000001,145.092375
92,140,201,133.20787,143.64178,67.79212999999999,57.35821999999999,10.433909999999996,138.424825
92,141,200,144.54817,146.8014,55.45183,53.1986,2.253230000000002,145.674785
92,142,199,145.38231,137.00418,53.61769000000001,61.99582000000001,8.378129999999999,141.193245
92,143,198,145.0283,140.32188,52.9717,57.67812000000001,4.7064200000000085,142.67509
92,144,197,134.16489,137.2816,62.835109999999986,59.7184,3.116709999999983,135.72324500000002
92,145,196,132.81987,139.82858,63.18012999999999,56.17142000000001,7.008709999999979,136.324225
92,146,195,145.19089,136.11314,49.80911,58.88686000000001,9.077750000000009,140.652015
92,147,194,123.23889,128.1161,70.76111,65.88390000000001,4.877209999999991,125.677495
92,148,193,127.73797,125.57723,65.26203,67.42277,2.160740000000004,126.6576
92,149,192,121.28776,134.92494,70.71224,57.07506000000001,13.637179999999988,128.10635
92,150,191,137.8773,145.82481,53.12270000000001,45.175189999999986,7.9475100000000225,141.851055
92,151,190,115.445076,107.48501,74.554924,82.51499,7.960065999999998,111.465043
92,152,189,129.86945,131.91695,59.13055,57.083049999999986,2.0475000000000136,130.8932
92,153,188,146.31868,131.37178,41.68132,56.62822,14.9469,138.84523000000002
92,154,187,132.71494,147.89397,54.28505999999999,39.10603,15.179029999999983,140.30445500000002
92,155,186,134.43262,149.98479,51.567380000000014,36.015209999999996,15.552170000000018,142.208705
92,156,185,135.72314,142.72997,49.27686,42.27002999999999,7.006830000000008,139.22655500000002
92,157,184,132.92613,141.45753,51.07387,42.54247000000001,8.53139999999999,137.19182999999998
92,158,183,141.38103,124.32484,41.61896999999999,58.675160000000005,17.056190000000015,132.852935
92,159,182,134.9622,137.94095,47.0378,44.05905000000001,2.978749999999991,136.451575
92,160,181,112.172874,110.103325,68.827126,70.896675,2.069548999999995,111.1380995
92,161,180,130.45515,130.59248,49.54485,49.407520000000005,0.1373299999999915,130.523815
92,162,179,134.26918,140.39381,44.730819999999994,38.60619,6.124629999999996,137.33149500000002
92,163,178,120.93429,131.57312,57.06571,46.42688000000001,10.638829999999984,126.253705
92,164,177,128.88863,135.06836,48.111369999999994,41.93163999999999,6.179730000000006,131.978495
92,165,176,125.89007,125.89456,50.109930000000006,50.10544,0.0044900000000041,125.892315
92,166,175,119.742546,131.60847,55.257454,43.39152999999999,11.865924000000009,125.675508
92,167,174,106.69911,111.46286,67.30089,62.537139999999994,4.763750000000002,109.080985
92,168,173,127.2565,134.50789,45.7435,38.49211,7.251390000000001,130.882195
92,169,172,117.008255,121.675575,54.991744999999995,50.324425000000005,4.6673199999999895,119.341915
92,170,171,143.42644,149.404,27.573559999999983,21.596000000000004,5.977559999999983,146.41522
92,171,170,130.16005,134.03857,39.83994999999999,35.96143000000001,3.878519999999981,132.09931
92,172,169,123.599106,127.92174,45.400893999999994,41.07826,4.322633999999994,125.760423
92,173,168,123.207825,134.99681,44.792175,33.00318999999999,11.788985000000013,129.1023175
92,174,167,138.62386,147.64374,28.376139999999992,19.356259999999992,9.01988,143.1338
92,175,166,135.38567,134.89085,30.614329999999995,31.10915,0.4948200000000042,135.13826
92,176,165,133.28917,135.5442,31.710829999999987,29.45580000000001,2.255029999999977,134.416685
92,177,164,134.08453,136.60704,29.91547,27.392959999999988,2.522510000000011,135.345785
92,178,163,123.61024,112.56779,39.389759999999995,50.43221,11.042450000000002,118.089015
92,179,162,133.18803,135.91673,28.81197,26.08327,2.7287000000000035,134.55238
92,180,161,136.97789,115.76154,24.02211,45.23846,21.21635000000001,126.369715
92,181,160,116.63048,120.22988,43.369519999999994,39.770120000000006,3.5993999999999886,118.43018
92,182,159,135.52878,135.82402,23.471219999999988,23.17598000000001,0.2952399999999784,135.6764
92,183,158,100.98442,101.045616,57.01558,56.954384000000005,0.0611959999999953,101.015018
92,184,157,117.0666,124.01104,39.933400000000006,32.988960000000006,6.94444,120.53882
92,185,156,118.27354,125.91427,37.72646,30.08573,7.640730000000005,122.093905
92,186,155,129.57178,124.1962,25.42822000000001,30.803799999999995,5.375579999999985,126.88399
92,187,154,141.80858,141.02373,12.191419999999994,12.97627,0.7848500000000058,141.416155
92,188,153,124.57165,132.30183,28.428349999999995,20.698170000000005,7.73017999999999,128.43674
92,189,152,104.64479,126.11356,47.35521,25.886439999999993,21.468770000000006,115.379175
92,190,151,102.8496,91.70869,48.150400000000005,59.29131,11.140909999999993,97.279145
92,191,150,111.81888,118.32573,38.18112000000001,31.674270000000007,6.50685,115.072305
92,192,149,138.84935,122.6034,10.150650000000011,26.396600000000007,16.245949999999993,130.726375
92,193,148,102.472496,111.00329,45.52750399999999,36.99670999999999,8.530794,106.737893
92,194,147,111.47266,122.525024,35.527339999999995,24.474976,11.052363999999995,116.998842
92,195,146,112.56873,99.806786,33.43127,46.193214,12.761944,106.187758
92,196,145,99.30759,84.511375,45.692409999999995,60.488625,14.796215000000004,91.9094825
92,197,144,95.15541,93.94842,48.84459,50.05158,1.206990000000005,94.551915
92,198,143,113.73831,117.61574,29.26169,25.38426,3.877430000000004,115.677025
92,199,142,108.08637,105.178505,33.91363,36.821495,2.907865000000001,106.6324375
92,200,141,107.58282,95.90221,33.41718,45.09779,11.68061,101.742515
92,201,140,104.4344,98.07586,35.5656,41.924139999999994,6.358539999999991,101.25513
92,202,139,104.57033,112.91594,34.42967,26.08405999999999,8.345610000000008,108.743135
92,203,138,107.67839,109.62559,30.321610000000007,28.374409999999997,1.9472000000000096,108.65199
92,204,137,103.32298,102.513306,33.67702,34.486694,0.8096740000000011,102.918143
92,205,136,89.39499,83.35679,46.60500999999999,52.64321,6.038200000000003,86.37589
92,206,135,93.48629,96.83967,41.51371,38.16033,3.353380000000002,95.16298
92,207,134,110.90279,122.11775,23.097210000000004,11.88225,11.214960000000003,116.51027
92,208,133,96.63648,102.68122,36.363519999999994,30.318780000000004,6.04473999999999,99.65885
92,209,132,109.67053,100.01707,22.32947,31.982929999999996,9.653459999999995,104.8438
92,210,131,107.922104,113.21525,23.077895999999996,17.784750000000003,5.293145999999993,110.568677
92,211,130,114.29245,122.78266,15.707549999999998,7.217339999999993,8.490210000000005,118.537555
92,212,129,110.769135,107.99595,18.23086499999999,21.004050000000007,2.773185000000012,109.3825425
92,213,128,101.90609,113.96734,26.09390999999999,14.032660000000009,12.061249999999989,107.936715
92,214,127,85.9247,109.777275,41.0753,17.222724999999997,23.852575,97.8509875
92,215,126,99.53943,105.57927,26.460570000000004,20.42073000000001,6.039839999999998,102.55935
92,216,125,98.17218,103.78512,26.827820000000003,21.214879999999994,5.612940000000009,100.97865
92,217,124,88.01474,115.75576,35.98526,8.244240000000005,27.741019999999992,101.88525
92,218,123,91.18251,90.565895,31.817490000000006,32.434105,0.6166149999999959,90.8742025
92,219,122,86.5852,106.408226,35.4148,15.591774,19.823026,96.496713
92,220,121,103.4584,122.404015,17.541600000000003,1.4040150000000011,18.945615000000004,112.9312075
92,221,120,87.640045,87.28173,32.359955,32.718270000000004,0.3583150000000046,87.4608875
92,222,119,100.859116,121.00862,18.140884,2.0086199999999934,20.149503999999993,110.933868
92,223,118,97.08958,81.63586,20.91042,36.364140000000006,15.453720000000004,89.36272
92,224,117,75.33172,78.98919,41.66828,38.010810000000006,3.65746999999999,77.160455
92,225,116,92.51521,109.39817,23.484790000000004,6.601830000000007,16.882959999999997,100.95669
92,226,115,86.69734,99.6188,28.302660000000003,15.381200000000009,12.921459999999996,93.15807
92,227,114,97.75573,115.37409,16.24427,1.3740899999999954,17.618359999999996,106.56491
92,228,113,78.90927,115.06987,34.09072999999999,2.0698699999999945,36.16059999999999,96.98957
92,229,112,65.85932,105.90111,46.14068,6.098889999999997,40.041790000000006,85.88021499999999
92,230,111,101.338486,110.02136,9.661513999999997,0.9786399999999986,8.682873999999998,105.679923
92,231,110,94.884964,109.37998,15.115036000000003,0.6200199999999967,14.495016000000009,102.132472
92,232,109,87.75742,98.44381,21.242580000000004,10.55619,10.686390000000005,93.100615
92,233,108,61.03406,77.629,46.96594,30.370999999999995,16.59494000000001,69.33153
92,234,107,82.15933,84.456505,24.840670000000003,22.543494999999993,2.29717500000001,83.3079175
92,235,106,82.44264,113.701805,23.557360000000003,7.701804999999993,31.259164999999996,98.0722225
92,236,105,64.14017,64.12979,40.85983,40.87021,0.0103799999999978,64.13498
92,237,104,86.88426,90.177345,17.115740000000002,13.822654999999996,3.293085000000005,88.5308025
92,238,103,61.830265,86.13387,41.169735,16.86613,24.303605000000005,73.9820675
92,239,102,92.35849,125.24787,9.641509999999997,23.24787000000001,32.88938,108.80318
92,240,101,79.61364,88.15314,21.386359999999996,12.846860000000008,8.53949999999999,83.88338999999999
92,241,100,81.293106,88.816444,18.706894000000005,11.183555999999996,7.52333800000001,85.054775
92,242,99,76.53619,118.69236,22.463809999999995,19.692359999999994,42.15616999999999,97.614275
92,243,98,87.5052,106.8633,10.494799999999998,8.863299999999995,19.358099999999993,97.18425
92,244,97,77.84704,98.583824,19.152959999999993,1.583824000000007,20.736784,88.215432
92,245,96,73.10832,77.35015,22.89167999999999,18.64985,4.241829999999993,75.229235
92,246,95,55.24013,77.22678,39.75987,17.773219999999995,21.986650000000004,66.233455
92,247,94,67.31762,78.48502,26.682379999999995,15.514979999999994,11.1674,72.90132
92,248,93,72.126816,80.67787,20.873183999999995,12.32213,8.551053999999993,76.402343
92,249,92,77.98282,89.72492,14.017179999999996,2.2750800000000027,11.742099999999994,83.85387
92,250,91,70.832596,81.62675,20.167404000000005,9.37325,10.794154000000006,76.22967299999999
92,251,90,65.35727,105.67382,24.64273,15.673820000000006,40.31655000000001,85.515545
92,252,89,75.275444,73.70556,13.724556000000009,15.294439999999994,1.5698839999999876,74.49050199999999
92,253,88,65.227135,79.16747,22.772864999999996,8.832530000000006,13.94033499999999,72.1973025
92,254,87,52.82929,70.51729,34.17071,16.482709999999997,17.688000000000002,61.67329
92,255,86,68.51679,91.26862,17.48321,5.2686199999999985,22.75183,79.892705
92,256,85,69.890015,98.595795,15.109984999999996,13.595794999999995,28.70577999999999,84.24290500000001
92,257,84,62.134766,98.32789,21.865234,14.327889999999996,36.193124,80.23132799999999
92,258,83,63.806713,98.2555,19.193287,15.255499999999998,34.448786999999996,81.03110649999999
92,259,82,61.99496,66.95071,20.00504,15.04929,4.955750000000002,64.472835
92,260,81,57.96028,60.69862,23.039720000000003,20.30138,2.738340000000001,59.329449999999994
92,261,80,48.69621,53.956787,31.30379,26.043213,5.260576999999998,51.3264985
92,262,79,61.14825,104.74795,17.851750000000003,25.747950000000003,43.599700000000006,82.9481
92,263,78,62.309166,81.5881,15.690834000000002,3.588099999999997,19.278934,71.948633
92,264,77,61.67391,78.577805,15.32609,1.577804999999998,16.903895,70.1258575
92,265,76,52.687847,52.25635,23.312153,23.74365,0.4314970000000002,52.4720985
92,266,75,43.626354,64.917015,31.373646,10.082984999999994,21.290661000000007,54.271684500000006
92,267,74,58.189896,54.572754,15.810104000000004,19.427245999999997,3.617141999999994,56.381325
92,268,73,56.65991,66.04569,16.340089999999996,6.954310000000007,9.38577999999999,61.3528
92,269,72,54.673847,69.755974,17.326152999999998,2.244026000000005,15.082126999999993,62.2149105
92,270,71,53.14614,51.24395,17.853859999999997,19.75605,1.9021900000000045,52.195045
92,271,70,51.621857,55.535805,18.378143,14.464194999999997,3.913948000000005,53.578831
92,272,69,51.702,51.05097,17.298000000000002,17.94903,0.6510299999999987,51.376485
92,273,68,55.6902,53.69634,12.309800000000005,14.30366,1.993859999999998,54.69327
92,274,67,46.28014,43.905205,20.719859999999997,23.094795,2.3749350000000007,45.092672500000006
92,275,66,34.61808,45.186035,31.38192,20.813965000000003,10.567954999999998,39.9020575
92,276,65,45.328053,44.82186,19.671947000000003,20.17814,0.5061929999999961,45.0749565
92,277,64,30.575432,38.38986,33.424568,25.61014,7.814428,34.482646
92,278,63,38.054764,37.044132,24.945236,25.955868,1.010632000000001,37.549448
92,279,62,30.680958,40.52003,31.319042,21.47997,9.839071999999998,35.600494
92,280,61,52.682613,40.077347,8.317386999999997,20.922652999999997,12.605266,46.37998
92,281,60,49.46958,62.320625,10.53042,2.3206249999999997,12.851045,55.8951025
92,282,59,42.101658,69.61158,16.898342,10.611580000000004,27.509922000000003,55.856619
92,283,58,39.75971,35.48414,18.24029,22.515860000000004,4.275570000000002,37.621925
92,284,57,32.14808,40.290257,24.85192,16.709743000000003,8.142176999999997,36.219168499999995
92,285,56,36.828854,39.277065,19.171146,16.722935,2.4482110000000006,38.0529595
92,286,55,40.97122,46.257965,14.028779999999998,8.742035000000001,5.286744999999996,43.6145925
92,287,54,30.013117,28.155819,23.986883,25.844181,1.857298,29.084468
92,288,53,26.076452,24.802546,26.923548,28.197454,1.2739060000000002,25.439499
92,289,52,39.63612,40.778713,12.363880000000002,11.221286999999997,1.142593000000005,40.2074165
92,290,51,22.87629,24.039862,28.12371,26.960138,1.1635719999999985,23.458076
92,291,50,34.952644,32.95204,15.047356,17.047960000000003,2.0006040000000027,33.952342
92,292,49,36.845608,37.636932,12.154392,11.363067999999998,0.791324000000003,37.24127
92,293,48,36.279163,39.85636,11.720837000000005,8.143639999999998,3.5771970000000053,38.0677615
92,294,47,27.152187,33.51483,19.847813,13.485169999999997,6.362643000000002,30.3335085
92,295,46,40.65489,33.24729,5.345109999999998,12.75271,7.407600000000002,36.95109
92,296,45,34.385765,35.48359,10.614235,9.51641,1.0978250000000005,34.9346775
92,297,44,30.051762,27.106699,13.948238,16.893301,2.945063000000001,28.5792305
92,298,43,34.141014,34.704506,8.858986000000002,8.295493999999998,0.5634920000000037,34.42276
92,299,42,27.542377,22.401611,14.457623000000002,19.598389,5.140765999999999,24.971994
92,300,41,26.584202,28.965115,14.415798,12.034885,2.3809129999999996,27.7746585
92,301,40,24.45205,22.381493,15.54795,17.618507,2.070557000000001,23.4167715
92,302,39,21.547882,21.433846,17.452118,17.566154,0.1140360000000022,21.490864
92,303,38,21.668596,24.222836,16.331404,13.777164,2.55424,22.945716
92,304,37,24.392838,30.298302,12.607162,6.701698,5.9054639999999985,27.34557
92,305,36,27.128311,22.190826,8.871689,13.809174,4.937484999999999,24.6595685
92,306,35,18.716686,19.069895,16.283314,15.930105,0.3532089999999996,18.8932905
92,307,34,20.64135,20.373936,13.35865,13.626064,0.2674139999999987,20.507643
92,308,33,26.596512,24.662823,6.403487999999999,8.337177,1.933689000000001,25.6296675
92,309,32,23.758446,21.536173,8.241554,10.463826999999998,2.2222729999999977,22.6473095
92,310,31,27.488298,25.408169,3.5117019999999997,5.591830999999999,2.0801289999999995,26.4482335
92,311,30,13.495502,21.686577,16.504497999999998,8.313423,8.191075,17.5910395
92,312,29,20.82045,19.782349,8.179549999999999,9.217651,1.038101000000001,20.3013995
92,313,28,19.304228,19.801998,8.695772000000002,8.198001999999999,0.4977700000000027,19.553113
92,314,27,16.085432,18.853138,10.914568,8.146861999999999,2.7677060000000004,17.469285
92,315,26,23.650362,24.456188,2.349637999999999,1.543811999999999,0.8058259999999997,24.053275
92,316,25,14.223724,16.976753,10.776276,8.023247000000001,2.753028999999998,15.6002385
92,317,24,16.834515,14.565995,7.165485,9.434005,2.2685200000000005,15.700255
92,318,23,12.003561,14.645083,10.996439,8.354917,2.641522,13.324322
92,319,22,13.866947,11.049806,8.133053,10.950194,2.8171409999999995,12.4583765
92,320,21,11.550477,19.008867,9.449523,1.9911330000000016,7.458389999999998,15.279672
92,321,20,10.175025,10.356942,9.824975,9.643058,0.1819170000000003,10.2659835
92,322,19,12.604037,10.992216,6.395963,8.007784,1.611820999999999,11.7981265
92,323,18,14.780441,14.385151,3.2195590000000003,3.614848999999999,0.3952899999999992,14.582796
92,324,17,10.442626,11.037809,6.557373999999999,5.962191000000001,0.5951829999999987,10.7402175
92,325,16,17.417742,16.8243,1.4177420000000005,0.8243000000000009,0.5934419999999996,17.121021
92,326,15,15.911459,13.627966,0.9114590000000008,1.3720339999999993,2.283493,14.7697125
92,327,14,11.236962,15.353253,2.763038,1.3532530000000005,4.116291,13.2951075
92,328,13,15.919348,12.156188,2.9193479999999994,0.8438119999999998,3.763159999999999,14.037768
92,329,12,9.386488,12.927135,2.613512,0.9271349999999998,3.540647,11.1568115
92,330,11,21.47202,15.699919,10.47202,4.6999189999999995,5.772101000000001,18.5859695
92,331,10,13.797817,10.793357,3.797817,0.7933570000000003,3.00446,12.295587
92,332,9,11.043829,4.7906485,2.043829000000001,4.2093515,6.253180500000001,7.91723875
92,333,8,14.363637,8.44368,6.363637000000001,0.4436800000000005,5.919957,11.4036585
92,334,7,9.666451,6.737416,2.6664510000000003,0.2625840000000004,2.9290350000000007,8.201933499999999
92,335,6,11.418869,6.275322,5.418869000000001,0.275322,5.143547000000001,8.8470955
92,336,5,7.2857623,4.5483136,2.2857623,0.4516863999999998,2.7374487,5.91703795
92,337,4,7.432822,8.363339,3.432822,4.363339,0.930517,7.8980805
92,338,3,11.04934,5.1152306,8.04934,2.1152306000000003,5.9341094000000005,8.0822853
92,339,2,9.831184,4.95185,7.831184,2.9518500000000003,4.879334,7.391517
92,340,1,9.698194,4.8084025,8.698194,3.8084025,4.889791500000001,7.25329825
92,341,0,7.284334,4.7313156,7.284334,4.7313156,2.5530184,6.0078248
93,1,154,165.74562,161.9424,11.745620000000002,7.942399999999992,3.8032200000000103,163.84401
93,2,153,166.74251,159.70247,13.74251000000001,6.702470000000005,7.040040000000005,163.22249
93,3,152,162.85847,157.32545,10.858470000000011,5.325449999999989,5.533020000000022,160.09196
93,4,151,183.56964,178.20937,32.56963999999999,27.209370000000007,5.360269999999986,180.889505
93,5,150,164.37724,158.12169,14.37724,8.121690000000001,6.2555499999999995,161.249465
93,6,149,155.63142,148.61388,6.631419999999991,0.3861200000000053,7.017539999999997,152.12265
93,7,148,162.09433,154.78806,14.094330000000014,6.7880600000000015,7.306270000000012,158.441195
93,8,147,167.69704,162.49753,20.697039999999987,15.497530000000012,5.199509999999975,165.097285
93,9,146,167.29422,171.08359,21.294219999999996,25.083589999999987,3.789369999999991,169.18890499999998
93,10,145,150.90913,157.17375,5.909130000000005,12.173750000000013,6.264620000000008,154.04144000000002
93,11,144,159.8687,166.11249,15.86869999999999,22.112490000000008,6.243790000000018,162.99059499999998
93,12,143,168.0164,166.88951,25.016400000000004,23.88951,1.126890000000003,167.452955
93,13,142,177.3668,179.73471,35.36680000000001,37.73471000000001,2.367909999999995,178.550755
93,14,141,150.47519,146.41917,9.475189999999998,5.419170000000008,4.0560199999999895,148.44718
93,15,140,171.2887,172.44176,31.28870000000001,32.44175999999999,1.1530599999999822,171.86523
93,16,139,164.67607,161.82736,25.67607000000001,22.82736,2.848710000000011,163.251715
93,17,138,149.22081,151.91632,11.22081,13.916320000000011,2.695510000000013,150.568565
93,18,137,162.05644,149.13197,25.05644000000001,12.131969999999995,12.924470000000014,155.594205
93,19,136,164.20363,169.88074,28.203630000000004,33.88074,5.677109999999999,167.04218500000002
93,20,135,150.53246,155.01219,15.532459999999986,20.012190000000004,4.479730000000018,152.772325
93,21,134,156.13823,154.94695,22.138229999999993,20.946949999999987,1.191280000000006,155.54259
93,22,133,148.9048,156.69261,15.904799999999994,23.69261,7.787810000000008,152.79870499999998
93,23,132,155.8974,141.57094,23.897400000000005,9.570940000000007,14.326459999999996,148.73417
93,24,131,175.92851,172.7667,44.92850999999999,41.766699999999986,3.1618100000000027,174.347605
93,25,130,144.48058,140.11034,14.480580000000003,10.110340000000008,4.3702399999999955,142.29546
93,26,129,193.87749,199.57385,64.87749,70.57385,5.6963599999999985,196.72567
93,27,128,162.33287,172.38826,34.332870000000014,44.38826,10.055389999999989,167.360565
93,28,127,145.90176,151.4168,18.901759999999996,24.416799999999995,5.515039999999999,148.65928
93,29,126,157.57808,132.89285,31.57808,6.89285000000001,24.68522999999999,145.235465
93,30,125,151.4289,156.99931,26.4289,31.99931000000001,5.57041000000001,154.21410500000002
93,31,124,173.65227,166.12509,49.65226999999999,42.12509,7.527179999999987,169.88868
93,32,123,162.21169,159.38864,39.21169,36.38864000000001,2.823049999999995,160.800165
93,33,122,169.13365,168.97139,47.13364999999999,46.971390000000014,0.1622599999999749,169.05252000000002
93,34,121,157.95177,147.54253,36.95177000000001,26.54253,10.409240000000011,152.74715
93,35,120,161.73837,155.74629,41.73837,35.74628999999999,5.992080000000016,158.74232999999998
93,36,119,162.44012,155.34085,43.44012000000001,36.34084999999999,7.099270000000018,158.890485
93,37,118,165.48326,162.23262,47.48326,44.23262,3.250640000000004,163.85794
93,38,117,132.02162,135.60997,15.021620000000013,18.609970000000004,3.5883499999999913,133.815795
93,39,116,168.2733,152.71202,52.273300000000006,36.712019999999995,15.56128000000001,160.49266
93,40,115,140.09306,146.06331,25.09306000000001,31.06331,5.970249999999993,143.07818500000002
93,41,114,177.08754,170.95088,63.08753999999999,56.95088000000001,6.136659999999978,174.01921
93,42,113,164.2321,154.29144,51.2321,41.291439999999994,9.940660000000008,159.26177
93,43,112,154.11339,151.02834,42.11339000000001,39.028339999999986,3.085050000000024,152.570865
93,44,111,155.30507,149.63387,44.30507,38.63387,5.671199999999999,152.46947
93,45,110,160.2187,159.14165,50.21870000000001,49.14165,1.077050000000014,159.68017500000002
93,46,109,140.54091,149.69225,31.540909999999997,40.69225,9.151340000000005,145.11658
93,47,108,161.0999,160.67064,53.09989999999999,52.67063999999999,0.4292599999999993,160.88527
93,48,107,162.59529,156.95427,55.595290000000006,49.95427000000001,5.6410199999999975,159.77478000000002
93,49,106,170.11745,148.75758,64.11744999999999,42.75757999999999,21.35987,159.437515
93,50,105,162.29195,148.78902,57.291950000000014,43.789019999999994,13.50293000000002,155.540485
93,51,104,128.21033,141.71346,24.21033,37.71346,13.50313,134.961895
93,52,103,154.77934,149.84499,51.77933999999999,46.84499,4.934349999999995,152.312165
93,53,102,158.33075,166.7433,56.330749999999995,64.7433,8.41255000000001,162.537025
93,54,101,154.73843,137.3485,53.738429999999994,36.3485,17.389929999999993,146.043465
93,55,100,158.01935,153.08281,58.01935,53.082809999999995,4.936540000000008,155.55108
93,56,99,167.74321,165.43748,68.74321,66.43748,2.305730000000011,166.590345
93,57,98,150.07007,151.85374,52.07006999999999,53.85373999999999,1.7836700000000008,150.961905
93,58,97,147.37651,154.0107,50.37651,57.010700000000014,6.634190000000018,150.693605
93,59,96,148.4752,157.75526,52.4752,61.75525999999999,9.280059999999992,153.11523
93,60,95,143.86617,133.21228,48.86617000000001,38.21227999999999,10.653890000000018,138.539225
93,61,94,148.44858,161.34961,54.44857999999999,67.34961000000001,12.90103000000002,154.899095
93,62,93,140.3964,139.92227,47.3964,46.92227,0.4741300000000024,140.159335
93,63,92,152.97742,145.2538,60.977419999999995,53.25380000000001,7.723619999999983,149.11561
93,64,91,141.34476,145.89293,50.34476000000001,54.89293000000001,4.548169999999999,143.61884500000002
93,65,90,179.43788,170.99397,89.43788,80.99396999999999,8.443910000000017,175.215925
93,66,89,144.98276,145.13994,55.98276000000001,56.13994,0.1571799999999825,145.06135
93,67,88,134.85878,147.28825,46.85878,59.288250000000005,12.42947000000001,141.073515
93,68,87,137.16399,143.5618,50.16399000000001,56.561800000000005,6.397809999999993,140.362895
93,69,86,143.73,138.12975,57.72999999999999,52.12975,5.600249999999988,140.92987499999998
93,70,85,130.99788,138.58577,45.99788000000001,53.58577,7.587889999999987,134.79182500000002
93,71,84,131.9702,145.11772,47.970200000000006,61.11771999999999,13.147519999999986,138.54396
93,72,83,142.66885,149.2252,59.66884999999999,66.2252,6.556350000000009,145.947025
93,73,82,131.96786,137.11113,49.96786,55.11113,5.143270000000001,134.539495
93,74,81,144.68976,142.75546,63.68976000000001,61.75546,1.9343000000000077,143.72261
93,75,80,119.74998,121.91421,39.749979999999994,41.91421,2.164230000000003,120.832095
93,76,79,141.52068,139.85387,62.52068,60.85387,1.666809999999998,140.687275
93,77,78,133.63904,128.91687,55.639039999999994,50.91686999999999,4.7221700000000055,131.277955
93,78,77,155.23291,157.6395,78.23291,80.6395,2.4065899999999942,156.436205
93,79,76,132.10768,137.31161,56.10767999999999,61.31161,5.203930000000014,134.709645
93,80,75,144.93248,136.79562,69.93248,61.795620000000014,8.136859999999984,140.86405000000002
93,81,74,142.14406,154.23607,68.14406,80.23607000000001,12.092010000000016,148.190065
93,82,73,122.20803,129.94096,49.208029999999994,56.94095999999999,7.732929999999996,126.07449499999998
93,83,72,109.44121,121.14899,37.44121,49.14899,11.70778,115.2951
93,84,71,122.548325,128.57637,51.548325000000006,57.57637,6.028044999999992,125.5623475
93,85,70,117.81883,121.135345,47.818830000000005,51.135345,3.316514999999995,119.4770875
93,86,69,114.77166,116.70788,45.77166,47.70788,1.9362200000000056,115.73977
93,87,68,107.479904,100.156944,39.479904000000005,32.156943999999996,7.322960000000009,103.818424
93,88,67,136.35858,124.67654,69.35857999999999,57.67654,11.682039999999986,130.51756
93,89,66,137.28714,143.63776,71.28714,77.63775999999999,6.350619999999992,140.46245
93,90,65,126.82198,128.05557,61.82198,63.05556999999999,1.2335899999999924,127.438775
93,91,64,128.34114,131.56335,64.34114,67.56335000000001,3.2222100000000182,129.952245
93,92,63,136.13084,121.62143,73.13084,58.62143,14.509410000000004,128.876135
93,93,62,117.815506,118.41157,55.815506,56.41157,0.5960639999999984,118.113538
93,94,61,110.79187,109.73968,49.79187,48.73968000000001,1.052189999999996,110.265775
93,95,60,115.509224,112.06802,55.509224,52.06802,3.441203999999999,113.788622
93,96,59,124.08067,125.45803,65.08067,66.45803,1.377359999999996,124.76935
93,97,58,131.24893,139.17119,73.24893,81.17119,7.922259999999994,135.21006
93,98,57,114.83212,117.34355,57.83212,60.34354999999999,2.51142999999999,116.087835
93,99,56,138.6236,137.71962,82.62360000000001,81.71961999999999,0.9039800000000184,138.17161
93,100,55,114.19317,119.61896,59.193169999999995,64.61896,5.425790000000006,116.906065
93,101,54,113.53467,115.81819,59.534670000000006,61.81819,2.283519999999996,114.67643
93,102,53,97.24746,104.81071,44.24746,51.81071,7.5632499999999965,101.029085
93,103,52,114.74727,122.27397,62.74727,70.27397,7.526700000000005,118.51062
93,104,51,119.75089,114.368416,68.75089,63.368416,5.382474000000002,117.059653
93,105,50,105.53134,120.49293,55.53134,70.49293,14.96159,113.012135
93,106,49,119.37874,125.02419,70.37874,76.02419,5.645450000000011,122.201465
93,107,48,93.10486,98.66587,45.10486,50.66587,5.561009999999996,95.885365
93,108,47,102.88901,111.57188,55.88901,64.57188,8.682869999999994,107.230445
93,109,46,82.941284,84.60578,36.941284,38.60578,1.6644959999999998,83.77353199999999
93,110,45,84.89428,110.380615,39.894279999999995,65.380615,25.48633500000001,97.6374475
93,111,44,97.305984,128.38617,53.305983999999995,84.38616999999999,31.080186,112.846077
93,112,43,114.87455,103.70865,71.87455,60.708650000000006,11.165899999999992,109.2916
93,113,42,98.92866,112.45432,56.928659999999994,70.45432,13.525660000000002,105.69149
93,114,41,81.54749,106.88871,40.54749,65.88871,25.341220000000007,94.2181
93,115,40,91.43689,100.14962,51.436890000000005,60.14962,8.712729999999993,95.793255
93,116,39,92.472984,96.397385,53.472984,57.397385,3.924401000000003,94.4351845
93,117,38,99.42214,106.6504,61.42214,68.6504,7.228260000000006,103.03627
93,118,37,64.71754,79.49972,27.71754,42.49972,14.782179999999997,72.10863
93,119,36,87.12294,87.02506,51.12294,51.02506,0.0978800000000035,87.074
93,120,35,77.593475,73.70585,42.593475,38.70585,3.887625,75.6496625
93,121,34,90.48333,78.26691,56.483329999999995,44.26691,12.21642,84.37512
93,122,33,84.34259,87.06455,51.34259,54.06455,2.7219599999999957,85.70357
93,123,32,85.85358,78.00171,53.853579999999994,46.00171,7.851869999999991,81.927645
93,124,31,82.91998,95.99755,51.919979999999995,64.99755,13.077570000000009,89.458765
93,125,30,41.948055,49.630043,11.948054999999997,19.630043,7.681988000000004,45.789049
93,126,29,49.97571,55.82022,20.97571,26.82022,5.84451,52.897965
93,127,28,67.41285,78.27857,39.412850000000006,50.27857,10.865719999999996,72.84571
93,128,27,54.594723,60.951378,27.594723,33.951378,6.356654999999996,57.7730505
93,129,26,64.594696,66.29327,38.594696,40.29327000000001,1.6985740000000078,65.443983
93,130,25,60.444386,49.393127,35.444386,24.393127,11.051259000000002,54.9187565
93,131,24,69.36267,59.11382,45.362669999999994,35.11382,10.248849999999996,64.23824499999999
93,132,23,56.238056,56.450317,33.238056,33.450317,0.212260999999998,56.3441865
93,133,22,39.7229,44.886066,17.722900000000003,22.886066,5.163165999999997,42.304483000000005
93,134,21,33.017994,44.241318,12.017994000000002,23.241318,11.223323999999998,38.629656
93,135,20,39.37833,37.93708,19.37833,17.93708,1.4412499999999966,38.657705
93,136,19,44.404987,51.165306,25.404987,32.165306,6.760319000000003,47.7851465
93,137,18,26.938295,40.004032,8.938295,22.004032,13.065737000000002,33.4711635
93,138,17,19.99702,35.925842,2.997019999999999,18.925842000000003,15.928822000000004,27.961431
93,139,16,42.06185,44.23787,26.06185,28.23787,2.176020000000001,43.14986
93,140,15,14.374674,25.702654,0.6253259999999994,10.702654,11.327979999999998,20.038664
93,141,14,18.620388,35.788006,4.620387999999998,21.788006000000003,17.167618000000004,27.204197
93,142,13,34.998707,39.71449,21.998707000000003,26.71449,4.715782999999995,37.3565985
93,143,12,18.887285,28.659576,6.8872849999999985,16.659576,9.772291000000005,23.7734305
93,144,11,20.436222,29.232264,9.436222,18.232264,8.796042,24.834243
93,145,10,8.401936,17.295752,1.5980640000000008,7.295752,8.893816000000001,12.848844
93,146,9,16.921236,25.800873,7.921236,16.800873,8.879636999999999,21.3610545
93,147,8,14.830503,21.61948,6.830503,13.61948,6.788976999999999,18.2249915
93,148,7,11.01152,15.5717125,4.011520000000001,8.5717125,4.560192499999999,13.29161625
93,149,6,7.6715326,15.185902,1.6715326,9.185902,7.5143694,11.4287173
93,150,5,5.5840034,12.666877,0.5840034000000003,7.666877,7.082873599999999,9.1254402
93,151,4,8.689949,15.63151,4.689949,11.63151,6.941561,12.1607295
93,152,3,6.994293,12.840437,3.994293,9.840437,5.846144,9.917365
93,153,2,7.377675,11.250142,5.377675,9.250142,3.872467,9.3139085
93,154,1,4.0150633,8.057234,3.0150632999999996,7.057233999999999,4.0421707,6.0361486499999994
93,155,0,10.225421,10.981201,10.225421,10.981201,0.7557799999999997,10.603311
94,1,257,149.60814,125.34594,107.39186,131.65406000000002,24.262199999999993,137.47704
94,2,256,154.21176,134.3478,101.78824,121.6522,19.86395999999999,144.27978000000002
94,3,255,123.726715,122.18913,131.273285,132.81087,1.5375849999999929,122.9579225
94,4,254,137.07094,129.9128,116.92906,124.0872,7.158140000000003,133.49187
94,5,253,124.27937,107.388016,128.72063,145.611984,16.891354000000007,115.833693
94,6,252,145.7953,148.47137,106.2047,103.52863,2.67607000000001,147.133335
94,7,251,118.8596,112.157234,132.1404,138.84276599999998,6.702365999999998,115.508417
94,8,250,131.78215,128.33739,118.21785,121.66261,3.4447600000000023,130.05977
94,9,249,143.80351,135.10478,105.19649,113.89522,8.698729999999983,139.45414499999998
94,10,248,154.65579,151.3733,93.34421,96.6267,3.2824899999999957,153.014545
94,11,247,135.36507,134.9991,111.63493,112.0009,0.3659700000000043,135.182085
94,12,246,128.9245,128.60353,117.0755,117.39647,0.3209699999999884,128.764015
94,13,245,120.502396,84.271675,124.497604,160.72832499999998,36.230721,102.3870355
94,14,244,132.4529,125.36003,111.5471,118.63997,7.092870000000005,128.906465
94,15,243,127.67346,128.1412,115.32654,114.8588,0.467739999999992,127.90733
94,16,242,131.71202,117.28955,110.28798,124.71045,14.42246999999999,124.500785
94,17,241,150.89168,142.58888,90.10832,98.41112,8.302800000000019,146.74027999999998
94,18,240,117.12306,111.4911,122.87694,128.50889999999998,5.631959999999992,114.30708
94,19,239,114.71739,130.64853,124.28261,108.35147,15.93114,122.68296
94,20,238,141.96613,140.10503,96.03387,97.89497,1.861099999999993,141.03557999999998
94,21,237,136.24329,128.38283,100.75671,108.61717,7.860459999999989,132.31306
94,22,236,152.23396,126.90386,83.76604,109.09614,25.3301,139.56891
94,23,235,153.11191,142.73311,81.88809,92.26689,10.378799999999984,147.92251
94,24,234,155.20209,138.61366,78.79791,95.38634,16.58842999999999,146.907875
94,25,233,157.95946,131.94794,75.04054,101.05206,26.01152000000002,144.9537
94,26,232,145.78197,142.3625,86.21803,89.63749999999999,3.41946999999999,144.072235
94,27,231,143.12808,137.3551,87.87191999999999,93.6449,5.772980000000018,140.24159
94,28,230,136.9943,131.07274,93.0057,98.92726,5.9215599999999995,134.03352
94,29,229,127.6734,130.42363,101.3266,98.57637,2.750230000000002,129.048515
94,30,228,104.79089,85.018036,123.20911,142.981964,19.77285400000001,94.904463
94,31,227,147.17137,144.56815,79.82863,82.43185,2.603219999999993,145.86976
94,32,226,147.48447,132.06577,78.51553000000001,93.93423,15.4187,139.77512
94,33,225,128.23694,109.26887,96.76306,115.73113,18.968069999999997,118.752905
94,34,224,109.6384,112.99601,114.3616,111.00399,3.357609999999994,111.317205
94,35,223,141.77654,128.74586,81.22345999999999,94.25414,13.030680000000018,135.2612
94,36,222,110.54828,115.95889,111.45172,106.04111,5.410609999999991,113.253585
94,37,221,126.92641,125.1247,94.07359,95.8753,1.80171,126.025555
94,38,220,154.18808,130.58194,65.81191999999999,89.41806,23.60614000000001,142.38501000000002
94,39,219,147.21788,144.19014,71.78211999999999,74.80985999999999,3.0277399999999943,145.70401
94,40,218,150.43242,158.1744,67.56757999999999,59.82560000000001,7.741979999999984,154.30341
94,41,217,141.1201,137.60124,75.87989999999999,79.39876000000001,3.518860000000018,139.36067
94,42,216,126.20964,124.40328,89.79036,91.59672,1.806359999999998,125.30646
94,43,215,143.60852,144.54521,71.39148,70.45479,0.9366899999999988,144.076865
94,44,214,138.36823,125.03257,75.63176999999999,88.96743,13.335660000000004,131.7004
94,45,213,148.1076,139.55048,64.89240000000001,73.44952,8.557119999999998,143.82904
94,46,212,132.59831,132.88727,79.40169,79.11273,0.288960000000003,132.74279
94,47,211,144.66595,141.67143,66.33404999999999,69.32857000000001,2.9945200000000227,143.16869
94,48,210,159.29579,152.11519,50.70420999999999,57.88480999999999,7.180599999999998,155.70549
94,49,209,118.22506,114.48973,90.77494,94.51027,3.7353300000000047,116.357395
94,50,208,126.638275,130.22652,81.361725,77.77348,3.588245000000001,128.43239749999998
94,51,207,135.55585,110.11778,71.44415000000001,96.88222,25.438069999999996,122.836815
94,52,206,132.8927,128.24263,73.10730000000001,77.75737000000001,4.6500699999999995,130.56766499999998
94,53,205,130.4046,136.63618,74.59540000000001,68.36382,6.231580000000008,133.52039
94,54,204,129.74466,135.89629,74.25533999999999,68.10371,6.151629999999983,132.820475
94,55,203,159.76398,138.96402,43.23602,64.03598,20.79996,149.364
94,56,202,117.88935,114.59817,84.11065,87.40183,3.291179999999997,116.24376
94,57,201,88.44743,92.59408,112.55257,108.40592,4.146650000000008,90.520755
94,58,200,157.34692,148.38231,42.65307999999999,51.61769000000001,8.964610000000022,152.864615
94,59,199,138.53572,128.68217,60.46428,70.31782999999999,9.853549999999984,133.608945
94,60,198,160.0385,151.65489,37.9615,46.345110000000005,8.383610000000004,155.846695
94,61,197,137.68077,133.5576,59.319230000000005,63.44239999999999,4.123169999999988,135.61918500000002
94,62,196,145.30208,134.40523,50.69792000000001,61.59477000000001,10.89685,139.853655
94,63,195,143.88597,133.61261,51.114030000000014,61.38739000000001,10.273359999999997,138.74928999999997
94,64,194,113.74255,121.763756,80.25745,72.236244,8.021206000000006,117.753153
94,65,193,102.93482,111.66689,90.06518,81.33311,8.732069999999993,107.300855
94,66,192,98.19408,98.49737,93.80592,93.50263,0.303290000000004,98.345725
94,67,191,132.0074,126.818,58.99260000000001,64.182,5.189399999999992,129.4127
94,68,190,125.83302,119.6806,64.16698,70.3194,6.152420000000006,122.75681
94,69,189,152.10893,149.73451,36.89107000000001,39.26549,2.3744199999999864,150.92172
94,70,188,81.11676,99.02742,106.88324,88.97258,17.910660000000007,90.07209
94,71,187,144.02599,143.56706,42.97400999999999,43.43294,0.4589300000000094,143.796525
94,72,186,134.42918,121.751816,51.57082,64.248184,12.677363999999995,128.090498
94,73,185,139.21474,125.52386,45.785259999999994,59.47614,13.690880000000009,132.3693
94,74,184,128.36852,111.22028,55.63148000000001,72.77972,17.148239999999987,119.7944
94,75,183,121.74379,111.180885,61.25621,71.819115,10.562905,116.4623375
94,76,182,127.94244,126.96411,54.057559999999995,55.035889999999995,0.9783299999999996,127.453275
94,77,181,150.81631,154.12294,30.183690000000013,26.87706,3.3066300000000126,152.469625
94,78,180,140.39098,135.59753,39.60901999999999,44.402469999999994,4.793450000000007,137.994255
94,79,179,119.61624,112.30189,59.383759999999995,66.69811,7.314350000000005,115.959065
94,80,178,133.09337,130.13545,44.90663000000001,47.86455000000001,2.9579200000000014,131.61441
94,81,177,128.17525,112.53666,48.824749999999995,64.46334,15.638590000000008,120.355955
94,82,176,152.15675,139.20024,23.843250000000012,36.79975999999999,12.95650999999998,145.678495
94,83,175,129.20358,132.46674,45.79642000000001,42.53326000000001,3.263159999999999,130.83515999999997
94,84,174,122.50625,113.03197,51.493750000000006,60.96803,9.474279999999991,117.76911
94,85,173,108.88726,116.269135,64.11274,56.730864999999994,7.381875000000008,112.5781975
94,86,172,112.585106,103.45104,59.414894,68.54896,9.13406599999999,108.018073
94,87,171,114.48224,109.2827,56.51776,61.717299999999994,5.199539999999999,111.88247
94,88,170,147.22223,136.11124,22.777770000000004,33.88875999999999,11.110989999999989,141.66673500000002
94,89,169,133.04115,136.54683,35.95885000000001,32.45317,3.5056800000000123,134.79399
94,90,168,146.02924,119.00646,21.970760000000013,48.99354,27.022779999999983,132.51785
94,91,167,76.14488,72.796295,90.85512,94.203705,3.348585,74.4705875
94,92,166,116.28079,99.53817,49.71921,66.46183,16.742620000000002,107.90948
94,93,165,106.69852,117.989494,58.30148,47.01050600000001,11.290973999999991,112.344007
94,94,164,144.79199,139.11937,19.20801,24.880629999999996,5.672619999999995,141.95568
94,95,163,130.42378,135.68158,32.576220000000006,27.318420000000003,5.257800000000003,133.05268
94,96,162,113.852715,110.31448,48.147285,51.68552,3.538235,112.0835975
94,97,161,105.93509,98.01413,55.06491,62.985870000000006,7.920960000000008,101.97461
94,98,160,125.83731,116.829735,34.16269,43.170265,9.007575000000005,121.3335225
94,99,159,119.01225,127.271126,39.987750000000005,31.728874000000005,8.258876,123.141688
94,100,158,133.20393,133.62895,24.796069999999983,24.371049999999997,0.4250199999999893,133.41644000000002
94,101,157,83.59924,88.63414,73.40076,68.36586,5.0349000000000075,86.11669
94,102,156,101.2148,107.25178,54.7852,48.74822,6.03698,104.23329
94,103,155,115.882385,121.092224,39.117615,33.907776,5.209839000000002,118.4873045
94,104,154,118.70558,105.95003,35.29442,48.04997,12.75555,112.327805
94,105,153,112.11002,100.30538,40.889979999999994,52.69462,11.804640000000006,106.2077
94,106,152,98.37306,109.19477,53.626940000000005,42.805229999999995,10.82171000000001,103.783915
94,107,151,124.53171,122.18673,26.468289999999996,28.813270000000003,2.3449800000000067,123.35922
94,108,150,118.21945,126.576164,31.780550000000005,23.42383599999999,8.35671400000001,122.397807
94,109,149,93.14078,101.45932,55.85921999999999,47.540679999999995,8.318539999999999,97.30005
94,110,148,112.37373,97.23774,35.626270000000005,50.76226,15.135989999999993,104.805735
94,111,147,125.064,137.73074,21.936000000000007,9.269260000000004,12.666740000000004,131.39737
94,112,146,101.11682,94.18789,44.88318,51.81211,6.928930000000008,97.652355
94,113,145,114.01643,108.09888,30.98357,36.901120000000006,5.917550000000006,111.057655
94,114,144,108.93188,114.240135,35.06811999999999,29.759865000000005,5.308254999999988,111.5860075
94,115,143,126.09946,121.29823,16.900540000000007,21.701769999999996,4.80122999999999,123.698845
94,116,142,113.352646,105.65,28.647354000000007,36.349999999999994,7.702645999999987,109.501323
94,117,141,119.176,98.29911,21.824,42.70089,20.876890000000003,108.737555
94,118,140,126.53106,140.87468,13.468940000000003,0.8746800000000121,14.343620000000016,133.70287000000002
94,119,139,125.48718,118.32394,13.512820000000003,20.676060000000007,7.163240000000002,121.90556
94,120,138,116.7748,123.948875,21.2252,14.051125,7.174075000000002,120.3618375
94,121,137,120.26245,105.43549,16.73755,31.56451,14.82696,112.84897
94,122,136,96.10832,72.366585,39.891679999999994,63.633415,23.74173500000001,84.2374525
94,123,135,107.44562,119.864,27.554379999999995,15.135999999999996,12.41838,113.65481
94,124,134,69.012634,81.635185,64.987366,52.36481499999999,12.622551,75.32390950000001
94,125,133,120.785675,122.61314,12.214325000000002,10.38686,1.8274650000000037,121.6994075
94,126,132,98.96486,103.193245,33.03514,28.806754999999995,4.228385000000003,101.0790525
94,127,131,105.01572,95.77421,25.98428,35.22579,9.241510000000003,100.394965
94,128,130,115.57037,128.10846,14.429630000000005,1.891539999999992,12.538090000000013,121.839415
94,129,129,106.73229,100.00614,22.26770999999999,28.99386,6.726150000000004,103.369215
94,130,128,111.91982,101.4933,16.08018,26.506699999999995,10.426519999999996,106.70656
94,131,127,125.470825,128.88495,1.529174999999995,1.8849500000000037,3.4141249999999985,127.1778875
94,132,126,98.428665,93.62523,27.571335000000005,32.37477,4.803434999999993,96.0269475
94,133,125,92.40014,100.01531,32.59986000000001,24.98469,7.615170000000006,96.207725
94,134,124,114.38654,114.63928,9.613460000000003,9.36072,0.2527400000000028,114.51291
94,135,123,99.10538,93.95503,23.894620000000003,29.044970000000006,5.150350000000003,96.530205
94,136,122,107.86984,111.24209,14.130160000000004,10.757909999999995,3.372250000000008,109.555965
94,137,121,89.730804,73.26717,31.269195999999994,47.73283000000001,16.463634000000013,81.498987
94,138,120,84.472534,88.2006,35.527466000000004,31.79940000000001,3.7280659999999983,86.336567
94,139,119,106.84186,69.17425,12.158140000000005,49.82575,37.66761,88.008055
94,140,118,110.018906,135.17288,7.981093999999999,17.172879999999992,25.15397399999999,122.595893
94,141,117,119.20984,122.79829,2.20984,5.798289999999994,3.5884499999999946,121.004065
94,142,116,89.18411,80.604515,26.815889999999996,35.395484999999994,8.579594999999998,84.89431250000001
94,143,115,130.73024,118.19086,15.730240000000007,3.1908600000000007,12.539380000000008,124.46055
94,144,114,118.00261,129.89163,4.002610000000004,15.891629999999992,11.889019999999988,123.94712
94,145,113,100.639145,118.17981,12.360855,5.179810000000003,17.540665000000004,109.4094775
94,146,112,106.785416,91.76063,5.214584000000002,20.23936999999999,15.024785999999992,99.273023
94,147,111,96.32156,101.1484,14.678439999999997,9.851600000000005,4.82683999999999,98.73498
94,148,110,109.62767,119.88835,0.3723300000000051,9.888350000000004,10.260680000000008,114.75801
94,149,109,83.96205,88.22317,25.037949999999995,20.776830000000004,4.261119999999991,86.09261000000001
94,150,108,112.24505,116.12832,4.245050000000006,8.128320000000002,3.883269999999996,114.186685
94,151,107,90.33696,104.148964,16.663039999999995,2.8510359999999935,13.812004000000002,97.242962
94,152,106,90.54403,91.21493,15.455969999999994,14.785070000000005,0.670899999999989,90.87948
94,153,105,87.95303,75.32162,17.04697,29.678380000000004,12.631410000000002,81.637325
94,154,104,59.651875,86.88462,44.348125,17.115380000000002,27.232745,73.2682475
94,155,103,90.083984,97.30997,12.916016,5.690029999999993,7.225986000000006,93.696977
94,156,102,74.29941,66.321976,27.700590000000005,35.67802399999999,7.977433999999988,70.310693
94,157,101,83.18232,71.233025,17.817679999999996,29.766975,11.949295000000006,77.2076725
94,158,100,85.87804,86.93825,14.12196,13.061750000000004,1.060209999999998,86.40814499999999
94,159,99,62.513447,52.5996,36.486553,46.4004,9.913846999999995,57.5565235
94,160,98,66.85675,55.274845,31.143249999999995,42.725155,11.581905000000006,61.0657975
94,161,97,94.02873,96.114624,2.971270000000004,0.8853759999999937,2.0858940000000104,95.071677
94,162,96,84.02479,81.57464,11.975210000000004,14.425359999999998,2.4501499999999936,82.79971499999999
94,163,95,69.63166,71.00193,25.368340000000003,23.99807,1.370270000000005,70.316795
94,164,94,77.63698,76.74894,16.363020000000006,17.251059999999995,0.8880399999999895,77.19296
94,165,93,86.578964,95.39069,6.421036000000001,2.3906900000000064,8.811726000000007,90.984827
94,166,92,62.052933,63.258347,29.947066999999997,28.741653,1.2054139999999975,62.655640000000005
94,167,91,96.17343,99.27451,5.173429999999996,8.274510000000006,3.1010800000000103,97.72397
94,168,90,80.61139,79.778175,9.38861,10.221824999999995,0.8332149999999956,80.1947825
94,169,89,69.21317,62.69785,19.786829999999995,26.302149999999997,6.515320000000003,65.95551
94,170,88,85.55418,95.32503,2.4458199999999977,7.325029999999998,9.770849999999996,90.439605
94,171,87,72.687836,66.4619,14.312163999999996,20.5381,6.225936000000004,69.57486800000001
94,172,86,82.87971,74.15485,3.120289999999997,11.845150000000004,8.724860000000007,78.51728
94,173,85,79.17612,107.40031,5.823880000000003,22.400310000000005,28.224190000000007,93.288215
94,174,84,59.22749,67.674736,24.772509999999997,16.325264000000004,8.447245999999993,63.451113
94,175,83,47.759686,53.512726,35.240314,29.487274,5.753039999999999,50.636206
94,176,82,78.63386,74.64906,3.3661400000000015,7.350939999999994,3.984799999999993,76.64146
94,177,81,79.67006,85.78947,1.3299399999999937,4.789469999999994,6.119409999999988,82.729765
94,178,80,67.83714,65.6897,12.162859999999997,14.310299999999998,2.147440000000003,66.76342
94,179,79,85.8354,103.91439,6.835400000000007,24.914389999999997,18.07898999999999,94.874895
94,180,78,67.634026,80.93077,10.365973999999994,2.930769999999995,13.29674399999999,74.282398
94,181,77,54.056892,64.76598,22.943108,12.23402,10.709088,59.411435999999995
94,182,76,68.99995,84.40235,7.000050000000002,8.402349999999998,15.4024,76.70115
94,183,75,51.27698,61.11555,23.72302,13.88445,9.838569999999995,56.196265
94,184,74,74.06172,85.14243,0.061719999999994,11.142430000000004,11.08071000000001,79.602075
94,185,73,64.21538,92.377235,8.784620000000004,19.377235,28.161855000000003,78.2963075
94,186,72,55.359333,56.80976,16.640667,15.190240000000005,1.4504269999999977,56.0845465
94,187,71,61.266876,70.7726,9.733123999999997,0.2274000000000029,9.505723999999994,66.019738
94,188,70,38.74583,42.718197,31.25417,27.281802999999996,3.9723670000000055,40.7320135
94,189,69,52.01684,43.417404,16.983159999999998,25.582596,8.599436000000004,47.717122
94,190,68,61.42924,114.01084,6.57076,46.01084,52.5816,87.72004
94,191,67,53.83045,80.96439,13.16955,13.964389999999996,27.133939999999996,67.39742
94,192,66,56.64649,60.446564,9.35351,5.553435999999998,3.800074000000002,58.546527
94,193,65,55.683876,60.058655,9.316124000000002,4.941344999999998,4.374779000000004,57.8712655
94,194,64,44.32467,42.53585,19.67533,21.464149999999997,1.788819999999994,43.43026
94,195,63,46.42542,60.64738,16.574579999999997,2.3526200000000017,14.221959999999996,53.5364
94,196,62,42.424137,41.35333,19.575863,20.64667,1.070807000000002,41.8887335
94,197,61,50.19616,51.67931,10.80384,9.32069,1.483150000000002,50.937735
94,198,60,64.39821,63.321053,4.398210000000006,3.321052999999999,1.0771570000000068,63.859631500000006
94,199,59,50.50933,55.95204,8.490670000000001,3.0479600000000033,5.442709999999998,53.230684999999994
94,200,58,46.39565,46.168262,11.604349999999997,11.831738,0.2273880000000048,46.281956
94,201,57,39.475876,58.79623,17.524124,1.796230000000001,19.320354,49.136053
94,202,56,36.513527,32.37198,19.486472999999997,23.62802,4.141547000000003,34.4427535
94,203,55,33.889378,38.699482,21.110622,16.300517999999997,4.810104000000003,36.294430000000006
94,204,54,48.54736,51.137413,5.452640000000002,2.8625869999999978,2.5900530000000046,49.8423865
94,205,53,44.859806,58.24765,8.140194000000001,5.24765,13.387844,51.553728
94,206,52,36.7565,41.540787,15.243499999999996,10.459212999999998,4.784286999999999,39.148643500000006
94,207,51,32.292767,32.37962,18.707233,18.620379999999997,0.0868530000000049,32.3361935
94,208,50,39.762127,37.583874,10.237873,12.416125999999998,2.178252999999998,38.6730005
94,209,49,55.858627,62.325035,6.8586269999999985,13.325035,6.466408000000001,59.091831
94,210,48,27.042433,27.763784,20.957567,20.236216,0.7213510000000021,27.4031085
94,211,47,32.804176,32.464417,14.195824000000002,14.535583000000004,0.3397590000000008,32.6342965
94,212,46,26.976452,43.19823,19.023548,2.8017699999999977,16.221778000000004,35.087341
94,213,45,35.71578,26.524792,9.284219999999998,18.475208,9.190988,31.120286
94,214,44,32.31923,55.04854,11.680770000000004,11.048540000000004,22.729310000000005,43.683885
94,215,43,26.175245,30.451008,16.824755,12.548991999999998,4.275763000000001,28.313126500000003
94,216,42,39.97958,42.399055,2.0204200000000014,0.399054999999997,2.4194749999999985,41.1893175
94,217,41,33.99178,30.524158,7.0082200000000014,10.475842,3.467621999999998,32.257969
94,218,40,47.08443,38.165768,7.084429999999998,1.834232,8.918661999999998,42.625099
94,219,39,26.148705,22.375628,12.851295,16.624372,3.7730770000000007,24.2621665
94,220,38,25.690529,27.007236,12.309470999999998,10.992764,1.3167069999999974,26.3488825
94,221,37,29.322124,27.354929,7.677876000000001,9.645071000000002,1.967195,28.3385265
94,222,36,22.199482,24.396936,13.800518,11.603064,2.1974540000000005,23.298209
94,223,35,19.864998,18.148361,15.135002,16.851639,1.7166369999999986,19.0066795
94,224,34,19.805012,21.779053,14.194988,12.220947,1.9740409999999995,20.7920325
94,225,33,27.051903,22.240366,5.948097000000001,10.759633999999998,4.811536999999998,24.6461345
94,226,32,22.329088,27.78802,9.670912,4.2119800000000005,5.458932000000001,25.058554
94,227,31,23.262438,21.554546,7.737562,9.445454000000002,1.707892000000001,22.408492
94,228,30,15.184973,20.37618,14.815027,9.623819999999998,5.191207000000002,17.780576500000002
94,229,29,19.57826,23.922222,9.42174,5.077777999999999,4.343962000000001,21.750241000000003
94,230,28,22.023876,30.165672,5.976123999999999,2.1656720000000007,8.141796,26.094774
94,231,27,21.89364,29.577415,5.106359999999999,2.5774149999999985,7.683774999999997,25.7355275
94,232,26,19.415916,24.172935,6.584084000000001,1.827065000000001,4.757019,21.7944255
94,233,25,21.094028,22.44213,3.9059719999999984,2.557870000000001,1.3481019999999972,21.768079
94,234,24,18.68981,14.615469,5.310189999999999,9.384531,4.074341000000002,16.6526395
94,235,23,12.436647,17.155893,10.563353,5.844107000000001,4.719245999999998,14.79627
94,236,22,8.54345,8.842196,13.45655,13.157804,0.2987459999999995,8.692823
94,237,21,16.94521,17.736977,4.054790000000001,3.2630230000000005,0.7917670000000001,17.3410935
94,238,20,17.395617,19.648155,2.6043829999999986,0.3518450000000008,2.2525379999999977,18.521886
94,239,19,11.145809,13.202698,7.854191,5.797302,2.056889,12.1742535
94,240,18,9.2995,9.857571,8.7005,8.142429,0.558071,9.5785355
94,241,17,11.4426365,16.911125,5.557363499999999,0.0888750000000015,5.468488499999998,14.17688075
94,242,16,14.976044,15.75777,1.023956,0.2422299999999992,0.7817260000000008,15.366907
94,243,15,12.720622,9.580307,2.2793779999999995,5.4196930000000005,3.140315000000001,11.1504645
94,244,14,13.281887,9.866828,0.7181130000000007,4.133172,3.4150589999999994,11.5743575
94,245,13,13.143215,16.915691,0.1432149999999996,3.915690999999999,3.7724759999999993,15.029453
94,246,12,13.719148,3.7599912,1.7191480000000006,8.2400088,9.9591568,8.7395696
94,247,11,10.802503,8.3291855,0.1974970000000002,2.6708145000000005,2.4733175000000003,9.56584425
94,248,10,13.089219,15.345254,3.089219,5.345254000000001,2.2560350000000007,14.2172365
94,249,9,12.225088,9.809923,3.2250879999999995,0.8099229999999995,2.415165,11.0175055
94,250,8,9.000264,5.1725082,1.0002639999999996,2.8274918,3.8277557999999994,7.0863861
94,251,7,12.83753,7.749955,5.837529999999999,0.7499549999999999,5.087574999999999,10.2937425
94,252,6,8.684922,7.5364447,2.6849220000000003,1.5364446999999997,1.1484773000000006,8.11068335
94,253,5,10.425922,3.5593946,5.425922,1.4406054,6.8665274,6.9926583
94,254,4,7.2735476,3.9244215,3.2735475999999997,0.0755785000000002,3.3491261,5.59898455
94,255,3,9.401668,10.288805,6.401668000000001,7.288805,0.8871369999999992,9.8452365
94,256,2,8.036039,7.0868397,6.036039000000001,5.0868397,0.949199300000001,7.561439350000001
94,257,1,9.181276,3.1045709,8.181276,2.1045709,6.0767051,6.1429234500000005
94,258,0,7.975838,3.8254993,7.975838,3.8254993,4.150338700000001,5.90066865
95,1,282,172.99313,202.14395,109.00687,79.85605000000001,29.15081999999998,187.56854
95,2,281,151.09749,167.92618,129.90251,113.07382,16.828689999999995,159.511835
95,3,280,165.3408,173.52339,114.6592,106.47661,8.182590000000005,169.432095
95,4,279,174.41908,176.81682,104.58092,102.18318,2.397739999999999,175.61795
95,5,278,168.94075,178.75188,109.05925,99.24812,9.811129999999991,173.846315
95,6,277,177.17494,178.7587,99.82506,98.2413,1.5837600000000125,177.96681999999998
95,7,276,163.90459,172.9127,112.09541,103.0873,9.008109999999988,168.408645
95,8,275,149.56084,164.76375,125.43916,110.23625,15.202909999999974,157.162295
95,9,274,166.03825,160.02486,107.96175,113.97514,6.013390000000015,163.031555
95,10,273,172.21626,171.3337,100.78374,101.6663,0.8825600000000122,171.77498
95,11,272,173.00821,174.83995,98.99179,97.16005,1.8317399999999964,173.92408
95,12,271,152.27106,159.13812,118.72894,111.86188,6.867059999999981,155.70459
95,13,270,160.7446,161.91808,109.2554,108.08192,1.173480000000012,161.33134
95,14,269,190.1129,187.09903,78.8871,81.90097,3.013869999999997,188.605965
95,15,268,173.54317,171.23257,94.45683,96.76743,2.3105999999999938,172.38787000000002
95,16,267,151.16612,148.50095,115.83388,118.49905,2.6651700000000176,149.83353499999998
95,17,266,159.59917,160.52492,106.40083,105.47508,0.925750000000022,160.062045
95,18,265,191.4652,181.75096,73.53479999999999,83.24904000000001,9.714240000000018,186.60808
95,19,264,183.09833,184.62984,80.90167,79.37016,1.5315099999999973,183.864085
95,20,263,162.38724,164.69756,100.61276,98.30244,2.3103200000000186,163.5424
95,21,262,174.27402,161.13774,87.72597999999999,100.86226,13.13628,167.70588
95,22,261,172.27707,193.86635,88.72292999999999,67.13364999999999,21.58928,183.07171
95,23,260,158.79443,145.34125,101.20557,114.65875,13.453180000000003,152.06784
95,24,259,173.12677,172.19722,85.87323,86.80278000000001,0.929550000000006,172.661995
95,25,258,174.72185,181.41954,83.27815000000001,76.58045999999999,6.697690000000023,178.070695
95,26,257,144.95682,139.03224,112.04318,117.96776,5.924579999999992,141.99453
95,27,256,169.0361,160.2592,86.9639,95.7408,8.776900000000012,164.64765
95,28,255,141.35384,134.26984,113.64616,120.73016,7.084000000000003,137.81184
95,29,254,156.12184,153.93254,97.87816,100.06746,2.189300000000003,155.02719
95,30,253,155.29121,157.69981,97.70879,95.30019,2.408600000000007,156.49551000000002
95,31,252,154.75624,157.98814,97.24376,94.01186,3.231899999999996,156.37219
95,32,251,174.54668,163.5776,76.45331999999999,87.42240000000001,10.96908000000002,169.06214
95,33,250,157.955,146.63463,92.045,103.36537,11.320370000000024,152.294815
95,34,249,141.97249,146.67917,107.02751,102.32083,4.706680000000006,144.32583
95,35,248,165.91368,170.82672,82.08632,77.17328,4.913039999999995,168.3702
95,36,247,157.86601,159.8627,89.13399000000001,87.13730000000001,1.996690000000001,158.864355
95,37,246,147.5482,153.2229,98.4518,92.7771,5.674700000000001,150.38555000000002
95,38,245,162.69554,159.78822,82.30446,85.21178,2.9073199999999986,161.24187999999998
95,39,244,176.96318,169.48225,67.03682,74.51775,7.480930000000001,173.222715
95,40,243,171.57217,167.49718,71.42783,75.50282000000001,4.074990000000014,169.534675
95,41,242,152.1905,143.71854,89.80950000000001,98.28146,8.471959999999996,147.95452
95,42,241,161.99623,157.84761,79.00377,83.15239,4.148619999999994,159.92192
95,43,240,167.9373,160.64728,72.0627,79.35272,7.290019999999998,164.29228999999998
95,44,239,156.53523,144.49236,82.46476999999999,94.50764,12.042870000000022,150.51379500000002
95,45,238,162.19173,171.75832,75.80827,66.24168,9.56658999999999,166.97502500000002
95,46,237,166.43025,173.51982,70.56975,63.48017999999999,7.089570000000009,169.975035
95,47,236,162.43147,168.23729,73.56853000000001,67.76271,5.805820000000011,165.33438
95,48,235,145.4859,142.26842,89.51410000000001,92.73158,3.217479999999995,143.87716
95,49,234,156.35284,170.97032,77.64716000000001,63.02968000000001,14.61748,163.66158
95,50,233,156.7304,154.7914,76.2696,78.20859999999999,1.938999999999993,155.7609
95,51,232,177.61775,185.76442,54.38225,46.23558,8.14667,181.691085
95,52,231,152.67487,155.1498,78.32513,75.8502,2.4749300000000005,153.91233499999998
95,53,230,142.5353,155.1888,87.4647,74.81120000000001,12.65349999999998,148.86205
95,54,229,165.36942,154.58049,63.63058000000001,74.41951,10.788929999999992,159.974955
95,55,228,171.28893,176.5861,56.71107000000001,51.41390000000001,5.297169999999994,173.937515
95,56,227,167.93898,165.77919,59.06102000000001,61.22081,2.1597899999999868,166.859085
95,57,226,173.25987,173.93694,52.74012999999999,52.06306000000001,0.6770699999999863,173.598405
95,58,225,178.01001,165.45058,46.989990000000006,59.54942,12.559429999999992,171.730295
95,59,224,167.04094,156.66066,56.959059999999994,67.33933999999999,10.38028,161.8508
95,60,223,165.17534,163.0478,57.824659999999994,59.952200000000005,2.1275400000000104,164.11157
95,61,222,137.14297,134.32375,84.85703000000001,87.67625000000001,2.8192200000000014,135.73336
95,62,221,156.64758,159.91382,64.35242,61.08618000000001,3.266239999999982,158.2807
95,63,220,155.59016,156.09654,64.40984,63.903459999999995,0.5063800000000072,155.84335
95,64,219,162.24773,175.8054,56.75227000000001,43.19460000000001,13.557670000000002,169.026565
95,65,218,161.58342,176.38144,56.41658000000001,41.61856,14.798020000000008,168.98243
95,66,217,162.36035,174.43466,54.63964999999999,42.56533999999999,12.074309999999995,168.39750500000002
95,67,216,154.17897,158.75624,61.82103000000001,57.24376000000001,4.577269999999999,156.467605
95,68,215,158.41478,147.54811,56.58521999999999,67.45188999999999,10.86667,152.981445
95,69,214,150.39053,163.8487,63.60946999999999,50.15129999999999,13.458169999999996,157.119615
95,70,213,156.38997,161.9475,56.610029999999995,51.05250000000001,5.557529999999986,159.168735
95,71,212,170.06111,168.36366,41.93888999999999,43.63633999999999,1.6974500000000037,169.212385
95,72,211,149.58043,155.43236,61.41956999999999,55.56764000000001,5.851929999999982,152.506395
95,73,210,153.16359,162.53891,56.83641,47.46109000000001,9.375319999999988,157.85125
95,74,209,172.98479,159.68504,36.015209999999996,49.31496000000001,13.299750000000016,166.334915
95,75,208,155.58458,157.56708,52.41542000000001,50.43292,1.982500000000016,156.57583
95,76,207,151.92589,149.25629,55.07410999999999,57.74370999999999,2.669600000000002,150.59109
95,77,206,146.31036,148.3968,59.68964,57.60319999999999,2.0864400000000103,147.35358000000002
95,78,205,173.37428,174.96307,31.62572,30.036930000000012,1.5887899999999888,174.168675
95,79,204,147.52171,148.14742,56.47828999999999,55.85257999999999,0.625709999999998,147.834565
95,80,203,169.46277,185.58412,33.537229999999994,17.415879999999987,16.121350000000007,177.523445
95,81,202,141.8348,141.28868,60.1652,60.71132,0.5461200000000019,141.56174
95,82,201,171.75795,154.05714,29.24205000000001,46.94286,17.70080999999999,162.907545
95,83,200,139.9514,139.41408,60.04859999999999,60.58591999999999,0.537319999999994,139.68274000000002
95,84,199,155.65498,150.7712,43.345020000000005,48.22880000000001,4.883780000000002,153.21309
95,85,198,165.42128,168.70488,32.578720000000004,29.295119999999997,3.283600000000007,167.06308
95,86,197,146.52873,130.68819,50.47127,66.31181000000001,15.840540000000004,138.60845999999998
95,87,196,173.71617,172.56668,22.283829999999995,23.43332000000001,1.1494900000000143,173.141425
95,88,195,150.53397,149.60773,44.46602999999999,45.39227,0.9262400000000072,150.07085
95,89,194,135.43019,125.15325,58.56980999999999,68.84675,10.27694000000001,130.29172
95,90,193,164.50316,171.27013,28.49683999999999,21.729870000000005,6.766969999999986,167.886645
95,91,192,159.51152,170.90509,32.48848000000001,21.09491,11.393570000000013,165.208305
95,92,191,149.5804,155.07399,41.4196,35.92600999999999,5.493590000000012,152.32719500000002
95,93,190,159.61278,142.48686,30.387220000000013,47.51313999999999,17.12591999999998,151.04982
95,94,189,162.89064,146.67418,26.10936000000001,42.32581999999999,16.216459999999984,154.78241
95,95,188,139.19392,133.89775,48.80608000000001,54.10225,5.296169999999989,136.545835
95,96,187,147.29707,153.58136,39.70293000000001,33.41864000000001,6.284289999999999,150.439215
95,97,186,163.96999,160.56848,22.030010000000004,25.43152000000001,3.401510000000002,162.26923499999998
95,98,185,147.27403,151.69112,37.72596999999999,33.30887999999999,4.417090000000002,149.482575
95,99,184,164.63206,152.47945,19.367940000000004,31.520549999999982,12.15260999999998,158.555755
95,100,183,142.94043,150.51366,40.05957000000001,32.48634000000001,7.573229999999995,146.72704499999998
95,101,182,149.24094,138.79073,32.759060000000005,43.20927,10.450209999999998,144.01583499999998
95,102,181,148.05403,150.86485,32.94596999999999,30.13515000000001,2.8108199999999783,149.45944
95,103,180,152.44142,143.61711,27.558580000000006,36.38289,8.824309999999997,148.029265
95,104,179,141.40732,141.74629,37.59268,37.25371000000001,0.3389699999999891,141.57680499999998
95,105,178,156.85207,160.21082,21.14793,17.789179999999988,3.358750000000015,158.53144500000002
95,106,177,167.98593,161.99376,9.014070000000004,15.006239999999991,5.992169999999987,164.989845
95,107,176,138.03253,134.91994,37.96746999999999,41.08006,3.1125900000000115,136.476235
95,108,175,147.58368,152.33028,27.416320000000013,22.669720000000012,4.746600000000001,149.95698
95,109,174,153.84758,147.94403,20.152420000000006,26.05597,5.903549999999996,150.895805
95,110,173,145.7134,146.80496,27.286599999999993,26.19504000000001,1.091559999999987,146.25918
95,111,172,140.80717,138.18695,31.192829999999987,33.813050000000004,2.6202200000000175,139.49706
95,112,171,136.28807,113.17823,34.711929999999995,57.82177,23.109840000000005,124.73315
95,113,170,143.62506,144.22505,26.37494000000001,25.77494999999999,0.5999900000000196,143.925055
95,114,169,140.48366,136.59431,28.516340000000017,32.40568999999999,3.889349999999979,138.538985
95,115,168,143.19777,143.85022,24.80223000000001,24.149779999999993,0.652450000000016,143.523995
95,116,167,148.6531,147.99745,18.346900000000005,19.002550000000017,0.6556500000000085,148.32527499999998
95,117,166,157.94258,153.87703,8.057420000000008,12.12297000000001,4.065550000000002,155.909805
95,118,165,161.75066,159.3431,3.2493399999999895,5.656900000000007,2.407560000000018,160.54688
95,119,164,138.7621,139.92885,25.237899999999996,24.07114999999999,1.1667500000000075,139.34547500000002
95,120,163,164.3904,165.3747,1.3903999999999996,2.37469999999999,0.9842999999999904,164.88254999999998
95,121,162,119.44768,111.05226,42.552319999999995,50.94774,8.395420000000001,115.24997
95,122,161,145.13914,134.61412,15.860860000000002,26.385879999999982,10.525019999999984,139.87663
95,123,160,138.24452,144.02248,21.75548000000001,15.977519999999998,5.777960000000007,141.1335
95,124,159,152.81831,161.37675,6.181690000000003,2.376749999999987,8.55843999999999,157.09753
95,125,158,148.35396,140.0209,9.64604,17.97909999999999,8.333059999999989,144.18743
95,126,157,154.93266,162.29124,2.0673400000000015,5.291239999999988,7.358579999999989,158.61194999999998
95,127,156,143.25351,138.35469,12.746489999999994,17.645309999999995,4.898820000000001,140.8041
95,128,155,140.29245,145.89168,14.707549999999998,9.108319999999992,5.599230000000006,143.092065
95,129,154,112.75634,102.14525,41.243660000000006,51.85475,10.61108999999999,107.450795
95,130,153,153.54959,179.23344,0.5495899999999949,26.23344,25.683850000000007,166.391515
95,131,152,126.296455,113.8868,25.703545000000005,38.113200000000006,12.409655,120.0916275
95,132,151,148.17448,160.36449,2.8255200000000116,9.36448999999999,12.19001,154.26948499999995
95,133,150,137.46704,128.57175,12.532960000000005,21.42824999999999,8.895289999999989,133.019395
95,134,149,113.412605,125.36393,35.587395,23.636070000000004,11.951324999999995,119.3882675
95,135,148,122.55347,120.04577,25.446529999999996,27.954229999999995,2.5077,121.29962
95,136,147,122.644455,121.21337,24.355545000000006,25.78663,1.431084999999996,121.9289125
95,137,146,148.5438,151.56421,2.5438000000000045,5.564210000000003,3.0204099999999983,150.05400500000002
95,138,145,128.5399,121.10162,16.46010000000001,23.898380000000003,7.438279999999992,124.82076
95,139,144,132.49535,128.07573,11.504649999999998,15.924270000000009,4.419620000000009,130.28554
95,140,143,129.18985,123.9373,13.810149999999991,19.062700000000007,5.252550000000014,126.563575
95,141,142,132.16707,130.01202,9.832930000000005,11.987979999999991,2.1550499999999886,131.089545
95,142,141,125.00792,126.18216,15.99208,14.817840000000004,1.1742399999999975,125.59504
95,143,140,130.53911,131.78171,9.460890000000006,8.218289999999996,1.24260000000001,131.16041
95,144,139,125.52931,121.29869,13.470690000000005,17.701310000000007,4.230620000000002,123.414
95,145,138,120.856,119.616234,17.144000000000005,18.38376599999999,1.2397659999999888,120.236117
95,146,137,132.88469,141.13051,4.115309999999994,4.130509999999987,8.24581999999998,137.0076
95,147,136,130.82631,123.31957,5.1736899999999935,12.68043,7.506740000000008,127.07294
95,148,135,130.72298,123.47852,4.277019999999993,11.521479999999997,7.244460000000004,127.10075
95,149,134,135.0947,137.47342,1.094699999999989,3.4734200000000044,2.3787200000000155,136.28406
95,150,133,126.66869,108.36985,6.331310000000002,24.63015,18.29884,117.51927
95,151,132,138.1347,152.61047,6.134700000000009,20.610469999999992,14.475769999999985,145.37258500000002
95,152,131,155.03093,157.27591,24.030930000000012,26.27591000000001,2.244979999999998,156.15342
95,153,130,123.85832,98.879326,6.141679999999994,31.12067399999999,24.978994,111.368823
95,154,129,130.55156,117.79995,1.551559999999995,11.200050000000005,12.75161,124.175755
95,155,128,140.20381,140.64323,12.203810000000004,12.643229999999988,0.4394199999999841,140.42352
95,156,127,115.23918,117.03776,11.760819999999995,9.962239999999994,1.7985800000000012,116.13847
95,157,126,96.505226,109.55779,29.494774000000007,16.442210000000003,13.052564000000004,103.031508
95,158,125,122.034424,101.29551,2.9655759999999987,23.704490000000007,20.73891400000001,111.664967
95,159,124,137.59267,116.42383,13.592669999999998,7.576170000000005,21.168840000000003,127.00825
95,160,123,108.572365,71.95515,14.427634999999997,51.04485,36.617215,90.2637575
95,161,122,103.23829,100.34127,18.761709999999994,21.65873000000001,2.897020000000012,101.78978
95,162,121,111.70339,100.355156,9.29661,20.64484400000001,11.348234000000003,106.029273
95,163,120,109.77532,109.72985,10.224680000000006,10.27015,0.0454699999999945,109.752585
95,164,119,119.76405,120.79296,0.7640499999999975,1.7929599999999937,1.0289099999999962,120.278505
95,165,118,125.00693,138.57756,7.006929999999997,20.577560000000005,13.570630000000008,131.792245
95,166,117,134.76619,114.21841,17.766189999999995,2.7815899999999942,20.54777999999999,124.4923
95,167,116,100.21115,79.0599,15.788849999999996,36.9401,21.151250000000005,89.635525
95,168,115,98.1696,94.54105,16.830399999999997,20.45895,3.628550000000004,96.355325
95,169,114,109.85628,115.55715,4.143720000000002,1.557149999999993,5.700869999999995,112.706715
95,170,113,121.10144,122.1265,8.101439999999997,9.126499999999991,1.0250599999999963,121.61397
95,171,112,125.99867,123.2282,13.998670000000004,11.2282,2.770470000000003,124.613435
95,172,111,121.9399,105.44448,10.939899999999994,5.555520000000001,16.495419999999996,113.69219
95,173,110,117.930016,105.16306,7.930015999999995,4.8369399999999985,12.766955999999992,111.546538
95,174,109,111.165955,109.508995,2.1659549999999967,0.5089949999999988,1.656959999999998,110.337475
95,175,108,107.18204,104.520645,0.8179599999999994,3.479354999999998,2.661394999999999,105.8513425
95,176,107,114.988846,127.10311,7.988845999999995,20.10311,12.114264000000006,121.045978
95,177,106,120.10963,97.74043,14.109629999999996,8.259569999999997,22.369199999999992,108.92503
95,178,105,99.02519,90.16131,5.974810000000005,14.83869,8.863879999999995,94.59325
95,179,104,86.74103,96.74633,17.258970000000005,7.25367,10.005300000000004,91.74368
95,180,103,95.837395,92.4718,7.162604999999999,10.528199999999998,3.365594999999999,94.1545975
95,181,102,102.51285,98.81507,0.5128500000000003,3.1849299999999943,3.6977799999999945,100.66396
95,182,101,98.65425,114.54942,2.3457499999999953,13.549419999999998,15.895169999999991,106.601835
95,183,100,116.74281,120.118256,16.742810000000006,20.118256,3.3754459999999966,118.430533
95,184,99,91.56569,80.801704,7.434309999999996,18.198296,10.763986000000004,86.183697
95,185,98,91.86432,99.689545,6.135679999999994,1.6895449999999954,7.825224999999989,95.7769325
95,186,97,82.27594,101.48143,14.724059999999994,4.481430000000003,19.20549,91.878685
95,187,96,99.65009,86.734604,3.650090000000006,9.265395999999996,12.915486,93.192347
95,188,95,88.044846,114.33572,6.955153999999993,19.335719999999995,26.290873999999988,101.190283
95,189,94,92.33852,77.14248,1.6614799999999974,16.857519999999994,15.196039999999996,84.7405
95,190,93,82.31072,104.801445,10.689279999999997,11.801445,22.490725,93.5560825
95,191,92,83.83334,115.47581,8.166659999999993,23.475809999999996,31.64246999999999,99.654575
95,192,91,106.9978,111.95482,15.997799999999998,20.95482,4.95702,109.47631
95,193,90,102.95137,87.3695,12.951369999999995,2.630499999999998,15.581869999999997,95.160435
95,194,89,101.868034,76.52389,12.868033999999994,12.476110000000006,25.344144,89.195962
95,195,88,84.19095,103.60902,3.809049999999999,15.60902,19.41807,93.899985
95,196,87,109.38631,107.44015,22.386309999999995,20.440150000000003,1.946159999999992,108.41323
95,197,86,77.45462,68.92661,8.545379999999994,17.073390000000003,8.528010000000009,73.19061500000001
95,198,85,72.0741,106.46691,12.9259,21.46691,34.39281,89.270505
95,199,84,80.17389,81.97674,3.82611,2.0232599999999934,1.8028500000000065,81.075315
95,200,83,88.96773,108.22552,5.967730000000003,25.225520000000003,19.25779,98.596625
95,201,82,85.15446,75.64588,3.1544600000000003,6.354119999999995,9.508579999999997,80.40017
95,202,81,63.31587,75.31298,17.684130000000003,5.687020000000004,11.99711,69.314425
95,203,80,83.18263,73.67093,3.182630000000003,6.3290700000000015,9.511700000000005,78.42678000000001
95,204,79,71.271194,82.32097,7.728806000000006,3.320970000000002,11.049776000000008,76.796082
95,205,78,83.3335,79.16749,5.333500000000001,1.1674900000000008,4.16601,81.250495
95,206,77,67.50578,107.33945,9.49422,30.33945,39.83367,87.42261500000001
95,207,76,75.76558,96.86823,0.23442,20.868229999999997,21.102649999999997,86.31690499999999
95,208,75,82.28901,69.67031,7.289010000000005,5.329689999999999,12.618700000000004,75.97966
95,209,74,81.66064,77.09406,7.660640000000001,3.094059999999999,4.566580000000002,79.37735
95,210,73,78.07953,82.782555,5.079530000000005,9.782555000000002,4.703024999999997,80.4310425
95,211,72,62.192852,62.677547,9.807147999999998,9.322453000000005,0.484694999999995,62.4351995
95,212,71,61.29719,106.252235,9.70281,35.252235,44.955045,83.77471249999999
95,213,70,59.815254,55.990707,10.184745999999995,14.009293,3.8245470000000026,57.9029805
95,214,69,83.75601,86.81676,14.756010000000003,17.816760000000002,3.0607499999999987,85.286385
95,215,68,65.432144,80.98216,2.567856000000006,12.982159999999991,15.550016,73.207152
95,216,67,74.35086,73.58242,7.350859999999997,6.582419999999999,0.7684399999999982,73.96664
95,217,66,66.183876,81.4437,0.1838759999999979,15.443700000000009,15.259824000000007,73.813788
95,218,65,54.527714,57.44339,10.472285999999997,7.556609999999999,2.9156759999999977,55.985552
95,219,64,70.32213,80.139854,6.322130000000001,16.139854,9.817723999999998,75.230992
95,220,63,57.102127,77.152115,5.897872999999997,14.152114999999997,20.049987999999992,67.127121
95,221,62,63.216187,77.421585,1.216186999999998,15.421584999999991,14.205397999999995,70.31888599999999
95,222,61,50.943005,57.630177,10.056995,3.3698229999999967,6.687172000000004,54.286591
95,223,60,59.8186,59.30007,0.1813999999999964,0.6999300000000019,0.5185300000000055,59.559335
95,224,59,54.429947,66.006386,4.5700530000000015,7.006386000000006,11.576439000000008,60.2181665
95,225,58,58.969822,59.517967,0.9698220000000006,1.5179669999999987,0.5481449999999981,59.2438945
95,226,57,50.50275,58.76347,6.497250000000001,1.763469999999998,8.26072,54.63311
95,227,56,59.04339,59.174606,3.0433900000000023,3.174605999999997,0.1312159999999949,59.108998
95,228,55,42.88493,53.15381,12.115070000000005,1.84619,10.268880000000005,48.019369999999995
95,229,54,58.988567,69.02242,4.988567000000003,15.022419999999997,10.033852999999992,64.0054935
95,230,53,51.82239,67.40258,1.1776100000000014,14.40258,15.580190000000002,59.612485
95,231,52,53.22118,93.3797,1.2211799999999968,41.3797,40.15852,73.30044
95,232,51,45.165535,68.8131,5.834465000000002,17.813100000000006,23.647565000000007,56.9893175
95,233,50,46.185734,45.558,3.814266000000003,4.442,0.6277339999999967,45.871866999999995
95,234,49,39.16676,74.7521,9.833240000000004,25.7521,35.58534,56.95943
95,235,48,49.32833,85.04358,1.3283300000000011,37.043580000000006,35.715250000000005,67.185955
95,236,47,41.08473,45.543133,5.91527,1.4568670000000026,4.458402999999997,43.313931499999995
95,237,46,35.83479,30.304564,10.165210000000002,15.695436,5.530225999999999,33.069677
95,238,45,56.184933,36.236427,11.184933,8.763573000000001,19.948506,46.21068
95,239,44,31.506214,30.282625,12.493786,13.717375,1.2235890000000005,30.8944195
95,240,43,41.1749,41.79973,1.825099999999999,1.2002700000000033,0.6248299999999958,41.487314999999995
95,241,42,34.81461,41.509792,7.185389999999998,0.4902080000000026,6.6951819999999955,38.162201
95,242,41,36.54571,41.743057,4.45429,0.7430570000000003,5.197347000000001,39.1443835
95,243,40,38.325924,42.92205,1.6740759999999997,2.9220499999999987,4.596125999999998,40.623987
95,244,39,52.360844,42.161064,13.360844,3.161064000000003,10.199779999999995,47.260954
95,245,38,46.344852,41.083633,8.344852000000003,3.083632999999999,5.261219000000004,43.7142425
95,246,37,29.977491,31.592093,7.0225089999999994,5.407907000000002,1.614601999999998,30.784792
95,247,36,35.504692,56.599648,0.4953080000000014,20.599648,21.094956000000003,46.05217
95,248,35,37.702747,54.456974,2.7027470000000022,19.456974,16.754227,46.0798605
95,249,34,25.767275,31.121313,8.232724999999999,2.8786869999999993,5.354037999999999,28.444294
95,250,33,30.593443,23.365194,2.4065569999999994,9.634806,7.228249000000002,26.9793185
95,251,32,41.784626,31.589355,9.784626000000005,0.4106449999999988,10.195271000000002,36.6869905
95,252,31,25.023357,27.13323,5.976642999999999,3.866769999999999,2.1098730000000003,26.0782935
95,253,30,22.19246,31.688435,7.80754,1.6884349999999984,9.495974999999998,26.9404475
95,254,29,22.253773,20.66238,6.746227000000001,8.337620000000001,1.591393,21.458076499999997
95,255,28,30.627546,29.120071,2.627545999999999,1.1200709999999994,1.5074749999999997,29.8738085
95,256,27,22.901337,26.819675,4.098662999999998,0.1803249999999998,3.9183379999999985,24.860506
95,257,26,21.297392,24.396858,4.7026080000000015,1.6031419999999983,3.099466000000003,22.847125
95,258,25,27.979136,27.503384,2.9791360000000005,2.5033840000000005,0.4757519999999999,27.74126
95,259,24,37.56892,27.603077,13.56892,3.603076999999999,9.965843,32.5859985
95,260,23,25.129349,28.891466,2.1293490000000013,5.891466000000001,3.762117,27.0104075
95,261,22,23.46573,24.980549,1.4657300000000006,2.980549,1.5148189999999992,24.2231395
95,262,21,25.414433,29.792347,4.414432999999999,8.792347,4.3779140000000005,27.603389999999997
95,263,20,21.512117,23.047585,1.512117,3.0475850000000015,1.5354680000000016,22.279851
95,264,19,15.38615,19.460205,3.6138499999999993,0.4602049999999984,4.074054999999998,17.4231775
95,265,18,13.848734,25.386292,4.151266,7.386292000000001,11.537558,19.617513
95,266,17,19.152687,21.14987,2.152687,4.14987,1.9971829999999997,20.1512785
95,267,16,13.277279,17.119915,2.722721,1.1199149999999989,3.842635999999999,15.198597
95,268,15,17.619934,21.199284,2.6199340000000007,6.199283999999999,3.579349999999998,19.409609
95,269,14,14.581273,17.180382,0.5812729999999995,3.1803820000000016,2.599109000000002,15.8808275
95,270,13,7.2675934,11.990316,5.7324066,1.009684,4.7227226,9.6289547
95,271,12,8.574011,12.2280855,3.4259889999999995,0.2280855000000006,3.6540745,10.40104825
95,272,11,8.487873,10.466018,2.5121269999999996,0.533982,1.9781449999999996,9.4769455
95,273,10,9.917501,11.434828,0.0824990000000003,1.4348279999999995,1.517327,10.6761645
95,274,9,14.187626,16.157475,5.187626,7.157475000000002,1.9698490000000015,15.1725505
95,275,8,11.890011,8.479383,3.890010999999999,0.4793830000000003,3.410627999999999,10.184697
95,276,7,15.210641,15.429157,8.210641,8.429157,0.2185159999999992,15.319899
95,277,6,10.820045,11.253527,4.820045,5.253527,0.4334819999999997,11.036786
95,278,5,12.357788,7.61668,7.357787999999999,2.6166799999999997,4.741108,9.987234
95,279,4,8.796044,4.9082613,4.796044,0.9082613000000004,3.8877827,6.852152650000001
95,280,3,6.7067323,3.253783,3.7067323,0.2537829999999998,3.4529493,4.9802576499999995
95,281,2,11.662588,13.129584,9.662588,11.129584,1.466996,12.396086
95,282,1,14.893341,11.583361,13.893341,10.583361,3.3099799999999995,13.238351
95,283,0,5.9802394,8.441569,5.9802394,8.441569,2.461329599999999,7.2109042
96,1,335,176.84421,139.50826,158.15579,195.49174,37.33595,158.17623500000002
96,2,334,156.8763,127.01316,177.1237,206.98684,29.863139999999987,141.94473
96,3,333,184.12378,180.96342,148.87622,152.03658,3.160359999999997,182.54360000000003
96,4,332,184.73773,179.52547,147.26227,152.47453,5.212259999999986,182.1316
96,5,331,173.84805,165.49684,157.15195,165.50316,8.351210000000009,169.67244499999998
96,6,330,183.26335,170.83238,146.73665,159.16762,12.430970000000002,177.047865
96,7,329,187.93694,184.76826,141.06306,144.23174,3.168679999999995,186.3526
96,8,328,165.28249,151.09071,162.71751,176.90929,14.191779999999994,158.1866
96,9,327,178.37038,153.65712,148.62962,173.34288,24.71326000000002,166.01375000000002
96,10,326,185.14632,164.33687,140.85368,161.66313,20.80945,174.74159500000002
96,11,325,158.02513,148.23845,166.97487,176.76155,9.78667999999999,153.13179
96,12,324,182.34857,177.77443,141.65143,146.22557,4.57414,180.0615
96,13,323,164.97636,169.56224,158.02364,153.43776,4.585880000000003,167.2693
96,14,322,180.39989,167.49309,141.60011,154.50691,12.906800000000004,173.94648999999998
96,15,321,181.20964,166.17644,139.79036,154.82356,15.033199999999994,173.69304
96,16,320,193.31459,168.10497,126.68541,151.89503,25.20962,180.70978
96,17,319,166.38867,152.06898,152.61133,166.93102,14.31968999999998,159.228825
96,18,318,178.13092,160.45769,139.86908,157.54231,17.67322999999999,169.294305
96,19,317,176.9296,163.71935,140.0704,153.28065,13.210250000000002,170.324475
96,20,316,146.86586,147.72371,169.13414,168.27629,0.8578500000000133,147.294785
96,21,315,178.70055,177.53386,136.29945,137.46614,1.1666899999999885,178.117205
96,22,314,159.72739,156.07451,154.27261,157.92549,3.6528800000000103,157.90095000000002
96,23,313,175.34976,165.37454,137.65024,147.62546,9.975220000000007,170.36215
96,24,312,180.60948,177.00371,131.39052,134.99629,3.6057699999999784,178.80659500000002
96,25,311,172.3649,162.83696,138.6351,148.16304,9.52794,167.60093
96,26,310,174.48875,169.78897,135.51125,140.21103,4.699780000000004,172.13886000000002
96,27,309,178.62253,145.67451,130.37747,163.32549,32.948020000000014,162.14852000000002
96,28,308,171.4487,160.32619,136.5513,147.67381,11.122510000000004,165.887445
96,29,307,163.0168,155.68506,143.9832,151.31494,7.331739999999996,159.35093
96,30,306,179.3666,175.80353,126.6334,130.19647,3.5630700000000104,177.585065
96,31,305,181.91429,166.32103,123.08571,138.67897,15.593259999999988,174.11766
96,32,304,166.48657,143.47035,137.51343,160.52965,23.016220000000004,154.97845999999998
96,33,303,161.2303,132.29886,141.7697,170.70114,28.93144000000001,146.76458
96,34,302,157.54436,148.43709,144.45564,153.56291,9.10727,152.990725
96,35,301,203.70091,185.51799,97.29909,115.48201,18.182919999999996,194.60945
96,36,300,183.04964,177.45657,116.95036,122.54343,5.5930700000000115,180.253105
96,37,299,159.26006,147.0849,139.73994,151.9151,12.175160000000004,153.17248
96,38,298,163.88358,158.27827,134.11642,139.72173,5.605310000000003,161.08092499999998
96,39,297,175.84705,160.77826,121.15295,136.22174,15.068790000000009,168.312655
96,40,296,165.40579,154.72615,130.59421,141.27385,10.679640000000006,160.06597
96,41,295,186.1458,149.10345,108.8542,145.89655,37.04235,167.624625
96,42,294,170.6527,157.28702,123.3473,136.71298,13.365679999999998,163.96986
96,43,293,166.54274,157.09453,126.45726,135.90547,9.448210000000016,161.818635
96,44,292,158.73712,156.70238,133.26288,135.29762,2.0347399999999993,157.71975
96,45,291,175.62279,171.57867,115.37721,119.42133,4.044120000000021,173.60073
96,46,290,172.9577,166.88676,117.0423,123.11324,6.070939999999979,169.92223
96,47,289,184.64993,171.93181,104.35007,117.06819,12.71812,178.29087
96,48,288,152.53719,149.99687,135.46281,138.00313,2.5403200000000083,151.26703
96,49,287,175.40979,151.26244,111.59021,135.73756,24.14734999999999,163.336115
96,50,286,157.50763,152.03032,128.49237,133.96968,5.477310000000017,154.768975
96,51,285,172.73512,156.03699,112.26488,128.96301,16.698129999999992,164.386055
96,52,284,192.91881,173.64098,91.08119,110.35902,19.27782999999999,183.279895
96,53,283,155.37105,143.5128,127.62895,139.4872,11.858249999999998,149.441925
96,54,282,169.90169,161.13559,112.09831,120.86441,8.766099999999994,165.51864
96,55,281,166.39886,158.19109,114.60114,122.80891,8.20777000000001,162.29497500000002
96,56,280,159.3123,154.31972,120.6877,125.68028,4.992580000000004,156.81601
96,57,279,171.58359,164.40224,107.41641,114.59776,7.181349999999981,167.99291499999998
96,58,278,166.70976,138.76726,111.29024,139.23274,27.942499999999995,152.73851
96,59,277,175.37714,154.21852,101.62286,122.78148,21.158619999999985,164.79783
96,60,276,174.97836,150.46107,101.02164,125.53893,24.517290000000003,162.719715
96,61,275,144.68375,127.44156,130.31625,147.55844000000002,17.242190000000008,136.062655
96,62,274,190.55586,179.75218,83.44414,94.24782,10.803679999999986,185.15402
96,63,273,169.16237,158.03355,103.83763,114.96645,11.12882000000002,163.59796
96,64,272,188.87935,166.10695,83.12065000000001,105.89305,22.772399999999976,177.49315
96,65,271,186.07204,169.32857,84.92796000000001,101.67143,16.743469999999974,177.700305
96,66,270,184.5525,175.89064,85.44749999999999,94.10936,8.661860000000019,180.22157
96,67,269,166.98322,157.70955,102.01678,111.29045,9.27366999999998,162.346385
96,68,268,187.49117,178.51566,80.50882999999999,89.48434,8.975510000000014,183.003415
96,69,267,154.12813,141.05746,112.87187,125.94254,13.070670000000009,147.592795
96,70,266,163.12688,159.3655,102.87312,106.6345,3.7613800000000026,161.24619
96,71,265,179.77069,158.69316,85.22931,106.30684,21.077529999999996,169.231925
96,72,264,178.35725,167.19226,85.64275,96.80774,11.164989999999989,172.774755
96,73,263,181.24126,151.10161,81.75873999999999,111.89839,30.139650000000017,166.171435
96,74,262,168.85054,160.97646,93.14946,101.02354,7.874079999999992,164.9135
96,75,261,167.2734,148.58942,93.7266,112.41058,18.68398000000002,157.93141
96,76,260,181.9783,160.0991,78.02170000000001,99.9009,21.879199999999997,171.0387
96,77,259,169.23662,160.26782,89.76338000000001,98.73218,8.968799999999987,164.75222
96,78,258,170.43547,173.83147,87.56452999999999,84.16853,3.3959999999999866,172.13347
96,79,257,154.14839,157.24904,102.85161,99.75096,3.1006500000000017,155.698715
96,80,256,166.37987,161.80972,89.62012999999999,94.19028,4.570150000000012,164.094795
96,81,255,148.26556,146.68578,106.73444,108.31422,1.5797799999999995,147.47566999999998
96,82,254,171.28947,152.6515,82.71053,101.3485,18.637969999999996,161.970485
96,83,253,166.62965,149.59853,86.37035,103.40147,17.031119999999987,158.11409
96,84,252,171.73598,158.25642,80.26401999999999,93.74358,13.47956000000002,164.9962
96,85,251,163.24397,157.34537,87.75603000000001,93.65463,5.898599999999988,160.29467
96,86,250,155.77885,126.263145,94.22115,123.736855,29.51570500000001,141.0209975
96,87,249,146.11731,135.46716,102.88269,113.53284,10.650149999999996,140.792235
96,88,248,159.09653,144.18687,88.90347,103.81313,14.909660000000002,151.6417
96,89,247,158.53111,155.04512,88.46888999999999,91.95488,3.4859900000000152,156.788115
96,90,246,169.63043,164.03925,76.36957000000001,81.96074999999999,5.59117999999998,166.83484
96,91,245,154.66544,147.69853,90.33456,97.30147,6.966909999999984,151.181985
96,92,244,166.77843,148.81319,77.22157000000001,95.18681,17.965239999999994,157.79581
96,93,243,180.89058,157.03743,62.10942,85.96257,23.85315,168.964005
96,94,242,156.49916,147.14267,85.50084000000001,94.85733,9.35648999999998,151.820915
96,95,241,187.98277,148.84087,53.01723000000001,92.15913,39.14189999999999,168.41181999999998
96,96,240,169.54738,171.01051,70.45262,68.98948999999999,1.4631300000000067,170.27894500000002
96,97,239,166.53989,146.31606,72.46010999999999,92.68394,20.22383000000002,156.427975
96,98,238,171.17613,150.38884,66.82387,87.61116000000001,20.787290000000013,160.782485
96,99,237,168.02354,157.55191,68.97646,79.44809000000001,10.471630000000005,162.787725
96,100,236,155.93977,152.89888,80.06022999999999,83.10112000000001,3.0408900000000187,154.419325
96,101,235,169.22359,168.43672,65.77641,66.56327999999999,0.7868699999999933,168.830155
96,102,234,160.843,157.00862,73.15700000000001,76.99137999999999,3.8343799999999817,158.92581
96,103,233,158.84483,148.56673,74.15517,84.43327,10.278099999999997,153.70578
96,104,232,146.51358,146.18935,85.48642000000001,85.81065000000001,0.32423,146.351465
96,105,231,169.1388,147.86432,61.8612,83.13568000000001,21.27448000000001,158.50155999999998
96,106,230,156.62016,149.65154,73.37984,80.34845999999999,6.968619999999987,153.13585
96,107,229,151.14627,143.5559,77.85373000000001,85.44409999999999,7.590369999999979,147.351085
96,108,228,160.37416,155.64052,67.62584000000001,72.35947999999999,4.73363999999998,158.00734
96,109,227,170.90211,170.05309,56.09789000000001,56.94691,0.8490199999999959,170.4776
96,110,226,150.25687,123.55109,75.74313000000001,102.44891,26.70577999999999,136.90398
96,111,225,168.97357,167.11464,56.026430000000005,57.88535999999999,1.8589299999999864,168.044105
96,112,224,170.18538,163.25996,53.81461999999999,60.74003999999999,6.925420000000003,166.72267
96,113,223,159.23643,152.25702,63.76356999999999,70.74297999999999,6.9794100000000014,155.74672500000003
96,114,222,176.46729,153.51375,45.53271000000001,68.48625000000001,22.953540000000004,164.99052
96,115,221,149.8252,126.34421,71.1748,94.65579,23.48098999999999,138.084705
96,116,220,161.45819,129.40398,58.54181,90.59602,32.05421000000001,145.431085
96,117,219,152.38762,140.46053,66.61238,78.53947,11.927089999999993,146.42407500000002
96,118,218,154.44463,149.26077,63.55537000000001,68.73922999999999,5.1838599999999815,151.8527
96,119,217,146.43523,127.52577,70.56477000000001,89.47423,18.909459999999996,136.9805
96,120,216,164.93925,149.48697,51.06075000000001,66.51302999999999,15.452279999999972,157.21311
96,121,215,151.43788,125.35807,63.56211999999999,89.64193,26.07981000000001,138.397975
96,122,214,128.77638,127.022316,85.22362000000001,86.977684,1.7540639999999854,127.899348
96,123,213,174.66737,159.14943,38.332629999999995,53.850570000000005,15.51794000000001,166.9084
96,124,212,171.37141,155.32932,40.62859,56.67068,16.04209,163.350365
96,125,211,157.16167,155.12105,53.83833000000001,55.87895,2.04061999999999,156.14136
96,126,210,161.36148,145.75914,48.63852,64.24086,15.602339999999998,153.56031000000002
96,127,209,177.63554,170.66377,31.364460000000008,38.33623,6.971769999999992,174.149655
96,128,208,146.72736,154.6941,61.27264,53.30590000000001,7.966739999999987,150.71073
96,129,207,168.60448,157.78331,38.395520000000005,49.21669,10.821169999999997,163.193895
96,130,206,166.7042,149.45131,39.295800000000014,56.54868999999999,17.25288999999998,158.077755
96,131,205,180.90265,142.81221,24.09735000000001,62.18779000000001,38.09044,161.85743
96,132,204,172.70221,157.66197,31.297789999999992,46.33803,15.040240000000011,165.18209000000002
96,133,203,145.44942,150.96484,57.55058,52.03515999999999,5.515420000000006,148.20713
96,134,202,169.5129,165.52213,32.4871,36.47787,3.9907699999999977,167.517515
96,135,201,158.93697,152.98308,42.06303,48.01692,5.953890000000001,155.960025
96,136,200,153.81282,127.1127,46.18718000000001,72.8873,26.700119999999984,140.46276
96,137,199,156.1809,150.00288,42.81909999999999,48.997119999999995,6.178020000000004,153.09189
96,138,198,169.68584,152.36732,28.314159999999987,45.63267999999999,17.318520000000007,161.02658000000002
96,139,197,168.4103,153.65178,28.589699999999993,43.34822,14.758520000000004,161.03104000000002
96,140,196,161.28264,151.10248,34.71736000000001,44.897519999999986,10.180159999999972,156.19256
96,141,195,144.39604,132.45595,50.60396,62.54405,11.940089999999998,138.425995
96,142,194,159.52852,144.18085,34.471480000000014,49.81915000000001,15.347669999999994,151.854685
96,143,193,145.6482,141.36502,47.3518,51.63498000000001,4.283180000000016,143.50661
96,144,192,150.2052,144.52666,41.79480000000001,47.47334000000001,5.678539999999998,147.36593
96,145,191,152.4075,158.23683,38.5925,32.76317,5.829329999999999,155.32216499999998
96,146,190,179.01714,171.71436,10.982859999999988,18.28564,7.302780000000013,175.36575
96,147,189,125.47969,120.29383,63.520309999999995,68.70617,5.185860000000005,122.88676
96,148,188,151.93785,138.12723,36.06215,49.87277,13.81062,145.03253999999998
96,149,187,155.27504,132.28001,31.72496000000001,54.71999,22.995029999999986,143.777525
96,150,186,135.90009,148.8238,50.099909999999994,37.176199999999994,12.92371,142.361945
96,151,185,147.60034,145.79788,37.39966000000001,39.20212000000001,1.8024599999999964,146.69911
96,152,184,146.65306,140.64128,37.34693999999999,43.358720000000005,6.011780000000016,143.64717000000002
96,153,183,148.32454,146.01805,34.67545999999999,36.98195000000001,2.306490000000025,147.171295
96,154,182,153.0295,137.75285,28.970499999999987,44.247150000000005,15.276650000000018,145.391175
96,155,181,162.49644,153.75967,18.503559999999993,27.24033,8.736770000000007,158.12805500000002
96,156,180,144.82002,138.53261,35.17998,41.467389999999995,6.287409999999994,141.676315
96,157,179,129.13991,139.02531,49.860090000000014,39.97469000000001,9.885400000000004,134.08261
96,158,178,127.20424,110.36207,50.79576,67.63793,16.842169999999996,118.783155
96,159,177,151.56538,150.36192,25.434619999999995,26.63808,1.2034600000000069,150.96365
96,160,176,146.3397,155.55833,29.660300000000007,20.441669999999988,9.21863000000002,150.949015
96,161,175,169.3876,167.0632,5.612400000000008,7.936800000000005,2.324399999999997,168.22539999999998
96,162,174,156.83083,149.068,17.16917000000001,24.931999999999988,7.76282999999998,152.949415
96,163,173,144.87099,138.8297,28.12900999999999,34.1703,6.041290000000004,141.850345
96,164,172,164.98936,152.2089,7.010639999999995,19.7911,12.780460000000003,158.59913
96,165,171,147.1202,149.85843,23.87979999999999,21.14157,2.7382299999999873,148.489315
96,166,170,130.08005,135.36722,39.91995,34.63278,5.287170000000003,132.723635
96,167,169,137.98946,129.55727,31.010539999999992,39.44273000000001,8.43219000000002,133.773365
96,168,168,159.99821,148.73529,8.00179,19.264710000000008,11.262920000000008,154.36675
96,169,167,143.89618,132.08363,23.103820000000013,34.91637,11.812549999999987,137.989905
96,170,166,149.25218,152.3268,16.74781999999999,13.673200000000008,3.0746199999999817,150.78949
96,171,165,128.23265,138.56178,36.76734999999999,26.43822,10.329129999999992,133.39721500000002
96,172,164,142.30768,145.56265,21.692319999999995,18.43735000000001,3.254969999999986,143.93516499999998
96,173,163,147.24109,146.891,15.758909999999986,16.10900000000001,0.3500900000000229,147.066045
96,174,162,140.58206,136.32568,21.417939999999987,25.67431999999999,4.256380000000007,138.45387
96,175,161,135.0023,152.07434,25.99770000000001,8.925659999999993,17.072040000000015,143.53832
96,176,160,145.55617,142.6552,14.443829999999991,17.344799999999992,2.900970000000001,144.105685
96,177,159,126.665085,137.65837,32.334914999999995,21.34163000000001,10.993284999999986,132.16172749999998
96,178,158,141.7412,147.17348,16.258800000000008,10.826519999999988,5.43228000000002,144.45734
96,179,157,153.56555,150.58788,3.4344499999999982,6.412119999999987,2.977669999999989,152.076715
96,180,156,126.5896,123.29112,29.410399999999996,32.70887999999999,3.298479999999998,124.94036
96,181,155,137.96977,132.16924,17.03022999999999,22.83076,5.800530000000009,135.069505
96,182,154,127.62435,117.59492,26.375649999999993,36.40508,10.029430000000003,122.609635
96,183,153,160.86266,148.56294,7.862660000000005,4.4370600000000024,12.299720000000008,154.71280000000002
96,184,152,138.6147,127.627625,13.3853,24.372375000000005,10.987075000000004,133.1211625
96,185,151,137.53256,133.76402,13.46744000000001,17.235980000000012,3.7685400000000016,135.64828999999995
96,186,150,128.6679,122.445045,21.332099999999997,27.554955000000007,6.22285500000001,125.5564725
96,187,149,129.21425,140.64383,19.785750000000007,8.356169999999992,11.429580000000016,134.92904
96,188,148,140.36057,119.066,7.639430000000004,28.933999999999997,21.294569999999993,129.71328499999998
96,189,147,136.28947,136.5203,10.710530000000006,10.479700000000008,0.2308299999999974,136.40488499999998
96,190,146,135.19298,141.02516,10.807019999999994,4.97484,5.832179999999994,138.10907
96,191,145,129.46335,129.19455,15.536650000000009,15.805450000000008,0.2687999999999988,129.32895
96,192,144,132.45721,130.20015,11.542789999999997,13.799849999999992,2.2570599999999956,131.32868000000002
96,193,143,146.61394,136.58238,3.6139400000000137,6.417619999999999,10.031560000000011,141.59816
96,194,142,117.765724,123.79021,24.23427599999999,18.20979,6.024485999999996,120.777967
96,195,141,148.09874,141.90184,7.098739999999992,0.9018399999999928,6.196899999999999,145.00029
96,196,140,129.16559,116.83221,10.834409999999991,23.167789999999997,12.333380000000004,122.9989
96,197,139,148.52379,139.78645,9.523789999999993,0.7864500000000021,8.737339999999989,144.15512
96,198,138,119.705536,109.21012,18.294464000000005,28.789879999999997,10.495415999999992,114.457828
96,199,137,108.419464,121.60606,28.580535999999995,15.39394,13.186595999999994,115.012762
96,200,136,142.75792,138.33057,6.757920000000013,2.3305699999999945,4.427350000000018,140.544245
96,201,135,136.7064,127.24214,1.706400000000002,7.757859999999994,9.464259999999996,131.97427
96,202,134,128.26863,125.86785,5.731369999999998,8.132149999999996,2.4007799999999975,127.06824
96,203,133,109.769104,106.86522,23.230896,26.134780000000006,2.903884000000005,108.317162
96,204,132,127.993866,113.494225,4.006134000000003,18.505775,14.499640999999995,120.7440455
96,205,131,129.24823,121.02938,1.7517699999999934,9.970619999999997,8.218850000000003,125.138805
96,206,130,135.44206,113.816216,5.442059999999998,16.183784000000003,21.625844,124.629138
96,207,129,122.15404,120.46764,6.845960000000005,8.532359999999997,1.686399999999992,121.31084
96,208,128,119.01141,126.74981,8.988590000000002,1.2501900000000037,7.738399999999999,122.88061
96,209,127,136.23329,135.33434,9.23329000000001,8.334339999999997,0.8989500000000135,135.783815
96,210,126,129.14464,129.02638,3.1446400000000096,3.026379999999989,0.1182600000000206,129.08551
96,211,125,114.096886,126.90173,10.903114000000002,1.9017300000000008,12.804844000000005,120.499308
96,212,124,128.99461,132.95374,4.994609999999994,8.95374000000001,3.959130000000016,130.974175
96,213,123,123.67964,123.185715,0.6796400000000062,0.1857150000000018,0.4939250000000044,123.4326775
96,214,122,105.606674,99.53509,16.393326000000002,22.464910000000003,6.071584000000001,102.570882
96,215,121,134.05907,133.15263,13.059069999999991,12.152629999999988,0.9064400000000036,133.60584999999998
96,216,120,125.79504,114.73907,5.79504,5.260930000000002,11.055970000000002,120.267055
96,217,119,109.4356,113.29318,9.564400000000006,5.706819999999993,3.857580000000013,111.36439
96,218,118,114.58035,119.65511,3.4196500000000043,1.6551099999999934,5.074759999999998,117.11773
96,219,117,105.421326,98.23471,11.578674000000008,18.765289999999993,7.186615999999987,101.828018
96,220,116,127.9904,141.92294,11.990399999999994,25.92294000000001,13.932540000000015,134.95667
96,221,115,125.50926,128.97908,10.509259999999998,13.97908000000001,3.469820000000013,127.24417
96,222,114,113.86679,113.893745,0.1332100000000053,0.1062550000000044,0.0269550000000009,113.8802675
96,223,113,117.47836,107.3366,4.478359999999995,5.663399999999996,10.14175999999999,112.40748
96,224,112,131.0299,123.59635,19.0299,11.59635,7.433549999999997,127.313125
96,225,111,112.10002,118.5272,1.1000200000000009,7.5271999999999935,6.427179999999993,115.31361
96,226,110,124.338234,116.21406,14.338234,6.2140600000000035,8.124173999999996,120.276147
96,227,109,118.88233,121.76767,9.882329999999996,12.767669999999995,2.8853399999999993,120.325
96,228,108,113.47758,129.13774,5.477580000000003,21.137740000000008,15.660160000000005,121.30766
96,229,107,119.32306,117.34817,12.323059999999998,10.348169999999996,1.974890000000002,118.335615
96,230,106,106.946014,111.299385,0.9460140000000052,5.299385000000001,4.353370999999996,109.1226995
96,231,105,114.01688,98.83964,9.01688,6.160359999999997,15.177239999999998,106.42826
96,232,104,106.50929,103.53408,2.509289999999993,0.465919999999997,2.97520999999999,105.021685
96,233,103,110.757965,123.55808,7.757964999999999,20.558080000000004,12.800115000000003,117.1580225
96,234,102,92.047714,94.44773,9.952286,7.552269999999993,2.400016000000008,93.247722
96,235,101,106.55696,99.32803,5.556960000000004,1.6719700000000015,7.228930000000005,102.942495
96,236,100,128.36302,121.56794,28.36302000000001,21.567939999999993,6.795080000000013,124.96548
96,237,99,99.64212,96.98586,0.6421200000000056,2.0141399999999976,2.656260000000003,98.31399
96,238,98,110.088745,83.65508,12.088745000000005,14.344920000000002,26.433665000000005,96.8719125
96,239,97,111.86809,108.114555,14.868089999999995,11.114554999999996,3.7535349999999994,109.9913225
96,240,96,102.37355,102.32102,6.3735499999999945,6.321020000000004,0.0525299999999901,102.347285
96,241,95,114.490875,116.96125,19.490875000000003,21.961250000000007,2.470375000000004,115.7260625
96,242,94,104.82306,114.131645,10.823059999999998,20.13164500000001,9.308585000000008,109.4773525
96,243,93,77.27559,104.20362,15.724410000000006,11.20362,26.928030000000007,90.739605
96,244,92,99.449066,95.152565,7.449066000000002,3.1525649999999956,4.296501000000006,97.3008155
96,245,91,100.65462,92.43817,9.654619999999994,1.4381699999999995,8.216449999999995,96.546395
96,246,90,102.482544,85.04069,12.482544000000004,4.959310000000002,17.441854000000006,93.761617
96,247,89,93.272964,90.02249,4.272964000000002,1.0224900000000048,3.250473999999997,91.647727
96,248,88,100.093994,83.58694,12.093993999999997,4.4130600000000015,16.507053999999997,91.840467
96,249,87,76.44057,80.30422,10.559430000000006,6.695779999999999,3.863650000000007,78.372395
96,250,86,75.36525,98.81754,10.634749999999997,12.817539999999994,23.45228999999999,87.091395
96,251,85,74.12584,80.735374,10.874160000000003,4.264626000000007,6.6095339999999965,77.430607
96,252,84,113.12593,113.03697,29.125929999999997,29.036969999999997,0.0889600000000001,113.08145
96,253,83,63.30454,69.29378,19.695459999999997,13.706220000000002,5.989239999999995,66.29916
96,254,82,89.91206,99.170525,7.912059999999997,17.170524999999998,9.258465,94.5412925
96,255,81,56.088326,64.67695,24.911674,16.323049999999995,8.588624000000003,60.382638
96,256,80,65.95181,68.67815,14.048190000000004,11.321849999999998,2.7263400000000075,67.31497999999999
96,257,79,72.86553,81.258385,6.134469999999993,2.258385000000004,8.392854999999997,77.0619575
96,258,78,109.31738,119.46676,31.31738,41.466759999999994,10.149379999999994,114.39207
96,259,77,96.56995,109.202835,19.56995000000001,32.20283499999999,12.632884999999987,102.8863925
96,260,76,83.34267,108.71592,7.342669999999998,32.71592,25.37325,96.029295
96,261,75,95.27179,102.97902,20.271789999999996,27.97902000000001,7.70723000000001,99.125405
96,262,74,67.319,71.33033,6.680999999999997,2.6696699999999964,4.011330000000001,69.32466500000001
96,263,73,99.77264,98.05729,26.772639999999996,25.057289999999995,1.7153500000000008,98.914965
96,264,72,75.1029,97.030556,3.1029000000000053,25.030556000000004,21.927656,86.06672800000001
96,265,71,83.690094,83.98301,12.690094000000002,12.983009999999991,0.2929159999999911,83.836552
96,266,70,32.984367,52.775673,37.015633,17.224327000000002,19.791306,42.88002
96,267,69,71.58423,85.50117,2.584230000000005,16.501170000000002,13.916939999999997,78.5427
96,268,68,98.172485,86.79462,30.172484999999995,18.794619999999995,11.377865,92.4835525
96,269,67,63.83052,72.95577,3.16948,5.955770000000001,9.12525,68.393145
96,270,66,61.32291,61.726448,4.67709,4.273552000000002,0.4035379999999975,61.524679
96,271,65,70.60248,72.61494,5.60248,7.614940000000004,2.0124600000000044,71.60871
96,272,64,66.6535,80.197556,2.653499999999994,16.197556000000006,13.544056000000012,73.425528
96,273,63,64.79097,74.101875,1.7909700000000015,11.101875000000009,9.310905000000004,69.44642250000001
96,274,62,35.768,57.694725,26.232,4.305275000000002,21.926725,46.7313625
96,275,61,62.95103,68.18993,1.951030000000003,7.189930000000004,5.238900000000001,65.57048
96,276,60,50.534485,55.348312,9.465515000000003,4.651688,4.813827000000003,52.9413985
96,277,59,41.419674,40.619934,17.580326,18.380066,0.7997399999999999,41.019804
96,278,58,74.79984,81.98014,16.799840000000003,23.98014000000001,7.180300000000003,78.38999000000001
96,279,57,57.622807,67.33736,0.6228070000000017,10.337360000000004,9.714553000000002,62.480083500000006
96,280,56,34.976227,37.999386,21.023773,18.000614,3.0231589999999997,36.487806500000005
96,281,55,68.27755,72.37114,13.277550000000003,17.371139999999997,4.093589999999992,70.324345
96,282,54,55.974728,75.06435,1.974727999999999,21.064350000000005,19.08962200000001,65.51953900000001
96,283,53,33.931076,43.878616,19.068924000000003,9.121384,9.947540000000004,38.904846
96,284,52,47.399612,58.426483,4.600388000000002,6.4264829999999975,11.026871,52.9130475
96,285,51,38.294464,47.134716,12.705536000000002,3.8652840000000026,8.840252,42.71459
96,286,50,24.137062,37.884476,25.862938,12.115524,13.747414,31.010769
96,287,49,37.092525,46.14354,11.907474999999998,2.8564599999999984,9.051015,41.6180325
96,288,48,46.549976,52.526722,1.450023999999999,4.5267219999999995,5.976745999999999,49.538349
96,289,47,30.049551,34.038605,16.950449,12.961395000000005,3.989053999999996,32.044078
96,290,46,33.001728,38.43779,12.998272,7.56221,5.436062,35.719758999999996
96,291,45,34.146812,43.86753,10.853188000000005,1.132469999999998,9.720718000000003,39.007171
96,292,44,31.079754,47.389465,12.920246,3.3894650000000013,16.309711,39.234609500000005
96,293,43,27.853428,41.107956,15.146572,1.8920439999999985,13.254528,34.480692000000005
96,294,42,21.481285,35.682793,20.518715,6.317207000000003,14.201507999999995,28.582039
96,295,41,24.702007,30.165571,16.297993,10.834429,5.463564000000002,27.433788999999997
96,296,40,37.418137,42.151817,2.5818629999999985,2.151817000000001,4.73368,39.784977
96,297,39,17.374184,27.419811,21.625816,11.580189,10.045627,22.3969975
96,298,38,23.484543,36.2071,14.515457,1.792900000000003,12.722556999999998,29.8458215
96,299,37,29.478786,38.646526,7.521214,1.6465260000000017,9.167740000000002,34.062656000000004
96,300,36,22.042713,30.171421,13.957287,5.828579000000001,8.128708,26.107067
96,301,35,24.621265,29.525053,10.378735,5.474947,4.903787999999999,27.073159
96,302,34,24.81055,37.434246,9.18945,3.4342460000000017,12.623696000000002,31.122398
96,303,33,12.587704,21.68155,20.412296,11.31845,9.093846,17.134627000000002
96,304,32,11.881706,22.761848,20.118294,9.238152,10.880142,17.321777
96,305,31,17.625523,26.632181,13.374477,4.367819000000001,9.006657999999998,22.128852
96,306,30,23.64811,35.00759,6.351890000000001,5.00759,11.35948,29.32785
96,307,29,23.86181,41.171654,5.138190000000002,12.171653999999997,17.309844,32.516732
96,308,28,12.857844,25.265255,15.142156,2.734745,12.407411,19.0615495
96,309,27,14.355734,21.691845,12.644266,5.308154999999999,7.336111000000001,18.0237895
96,310,26,19.333654,24.606186,6.666346000000001,1.393813999999999,5.272532000000002,21.96992
96,311,25,14.804435,28.405073,10.195565,3.4050730000000016,13.600638000000002,21.604754
96,312,24,19.728872,26.515028,4.271128000000001,2.515028000000001,6.786156000000002,23.12195
96,313,23,10.459772,23.466635,12.540228,0.4666350000000001,13.006863,16.9632035
96,314,22,11.377211,17.588688,10.622789,4.411311999999999,6.211477,14.4829495
96,315,21,15.840723,23.119783,5.1592769999999994,2.1197830000000017,7.279060000000001,19.480253
96,316,20,12.514043,29.944881,7.485957000000001,9.944881,17.430838,21.229462
96,317,19,6.830085,16.170252,12.169915,2.8297479999999986,9.340167,11.5001685
96,318,18,14.656057,25.662556,3.343942999999999,7.662555999999999,11.006498999999998,20.1593065
96,319,17,14.341693,26.435505,2.6583070000000006,9.435505,12.093812,20.388599
96,320,16,7.5789347,15.3878765,8.4210653,0.6121234999999992,7.808941800000001,11.4834056
96,321,15,11.818184,24.641901,3.1818159999999995,9.641901,12.823717,18.2300425
96,322,14,9.432908,20.921797,4.567092000000001,6.9217970000000015,11.488889000000002,15.1773525
96,323,13,12.275998,17.463413,0.7240020000000005,4.463412999999999,5.187415,14.869705499999998
96,324,12,8.521862,14.578741,3.4781379999999995,2.578741000000001,6.056879,11.5503015
96,325,11,6.711976,9.057812,4.288024,1.942188,2.3458360000000003,7.884894
96,326,10,9.055326,17.573895,0.9446739999999992,7.573895,8.518569,13.3146105
96,327,9,8.639517,14.555485,0.3604830000000003,5.555484999999999,5.9159679999999994,11.597501
96,328,8,9.005995,9.374693,1.0059950000000004,1.3746930000000006,0.3686980000000002,9.190344
96,329,7,4.844654,13.872639,2.155346,6.8726389999999995,9.027985,9.3586465
96,330,6,7.2095976,11.817329,1.2095976000000004,5.817329000000001,4.6077314000000005,9.513463300000002
96,331,5,7.250952,11.816939,2.250952,6.816939,4.565987,9.5339455
96,332,4,6.100983,8.19546,2.1009830000000003,4.195460000000001,2.0944770000000004,7.1482215
96,333,3,9.953979,14.933122,6.953979,11.933122,4.979142999999999,12.4435505
96,334,2,2.4987407,4.115761,0.4987406999999999,2.115761,1.6170203,3.30725085
96,335,1,6.5110054,9.203799,5.5110054,8.203799,2.6927936,7.8574022
96,336,0,3.7831683,3.7623904,3.7831683,3.7623904,0.0207778999999996,3.77277935
97,1,201,202.46071,183.14229,1.460710000000006,17.857709999999997,19.318420000000003,192.8015
97,2,200,190.20654,169.57863,9.79346000000001,30.421369999999996,20.627909999999986,179.892585
97,3,199,184.80605,142.86974,14.19395,56.13025999999999,41.93630999999999,163.837895
97,4,198,182.38716,165.4187,15.612840000000006,32.5813,16.968459999999993,173.90293
97,5,197,174.61662,161.66824,22.38337999999999,35.33176,12.948380000000014,168.14243
97,6,196,185.22552,178.89827,10.774480000000011,17.101730000000003,6.327249999999992,182.061895
97,7,195,163.17664,136.51122,31.823360000000008,58.48877999999999,26.665419999999983,149.84393
97,8,194,171.51451,149.3382,22.48549,44.6618,22.17631,160.426355
97,9,193,192.22093,162.66089,0.7790699999999902,30.339110000000005,29.560040000000015,177.44091
97,10,192,186.80917,165.94179,5.190830000000005,26.058210000000003,20.867379999999997,176.37547999999998
97,11,191,182.82164,165.29172,8.178359999999998,25.70828,17.529920000000004,174.05668
97,12,190,205.88106,178.40059,15.88105999999999,11.599410000000006,27.480469999999997,192.140825
97,13,189,184.26506,148.95284,4.734939999999995,40.04715999999999,35.312219999999996,166.60895
97,14,188,180.05965,162.51128,7.940349999999995,25.48872,17.548370000000006,171.285465
97,15,187,179.34244,165.48505,7.657559999999989,21.51495,13.85739000000001,172.413745
97,16,186,168.17982,164.21223,17.820179999999993,21.787769999999995,3.9675900000000017,166.19602500000002
97,17,185,169.82149,163.9157,15.178509999999989,21.084300000000013,5.9057900000000245,166.868595
97,18,184,194.72658,180.82718,10.726580000000013,3.1728200000000015,13.899400000000014,187.77688
97,19,183,194.6533,184.30115,11.653300000000002,1.301150000000007,10.352149999999996,189.477225
97,20,182,180.46776,162.64693,1.5322400000000016,19.35307,17.82083,171.557345
97,21,181,188.05284,170.47234,7.052840000000003,10.527659999999996,17.5805,179.26259
97,22,180,175.56953,159.68243,4.430470000000014,20.31756999999999,15.887099999999975,167.62598
97,23,179,193.06071,156.10481,14.06071,22.895190000000017,36.955900000000014,174.58276
97,24,178,187.40385,156.70352,9.403850000000006,21.296480000000003,30.700330000000008,172.053685
97,25,177,196.27122,159.83257,19.27122,17.167429999999996,36.43865,178.051895
97,26,176,180.66864,170.90904,4.668640000000011,5.0909599999999955,9.759600000000006,175.78884
97,27,175,203.32726,190.6967,28.327259999999995,15.696699999999993,12.630560000000004,197.01198
97,28,174,198.04253,178.91394,24.04253,4.913939999999997,19.128590000000003,188.478235
97,29,173,200.70541,133.71399,27.70541,39.286010000000005,66.99142,167.2097
97,30,172,197.21817,176.72972,25.218169999999983,4.729719999999986,20.48845,186.973945
97,31,171,184.79286,155.85712,13.79285999999999,15.142879999999993,28.93573999999998,170.32499
97,32,170,171.8213,159.85292,1.821300000000008,10.147079999999988,11.968379999999996,165.83711
97,33,169,174.96152,153.15207,5.961520000000007,15.847929999999993,21.80945,164.05679500000002
97,34,168,193.85085,170.62141,25.85085000000001,2.621409999999998,23.22944000000001,182.23613
97,35,167,178.3289,174.105,11.328900000000004,7.10499999999999,4.223900000000015,176.21695
97,36,166,167.15437,155.67177,1.15437,10.32822999999999,11.48259999999999,161.41307
97,37,165,161.94626,160.85936,3.053740000000005,4.1406399999999906,1.0868999999999858,161.40281
97,38,164,165.66876,154.69063,1.6687599999999918,9.30937,10.978129999999991,160.17969499999998
97,39,163,197.57852,157.02104,34.57852,5.978960000000001,40.55748,177.29978
97,40,162,170.45558,135.19757,8.455579999999998,26.802429999999987,35.258009999999985,152.826575
97,41,161,170.05696,167.14082,9.056960000000004,6.140819999999991,2.916140000000013,168.59888999999998
97,42,160,170.69682,156.66295,10.696820000000002,3.337050000000005,14.033870000000007,163.679885
97,43,159,164.68991,133.28264,5.689909999999998,25.717360000000017,31.40727000000001,148.98627499999998
97,44,158,165.00912,150.80534,7.009119999999996,7.194659999999999,14.203779999999997,157.90723
97,45,157,195.91548,155.49467,38.91548,1.5053299999999863,40.42080999999999,175.70507500000002
97,46,156,176.64049,147.37265,20.64049,8.627350000000007,29.267840000000007,162.00657
97,47,155,185.79794,177.48015,30.79794000000001,22.48015000000001,8.317790000000002,181.639045
97,48,154,176.15614,167.3989,22.156139999999994,13.398899999999998,8.757239999999996,171.77751999999998
97,49,153,193.7949,163.18614,40.79490000000001,10.186139999999996,30.608760000000014,178.49052
97,50,152,173.39677,158.86124,21.396770000000004,6.861240000000009,14.535529999999994,166.129005
97,51,151,179.65974,152.22069,28.65974,1.2206899999999905,27.43905000000001,165.940215
97,52,150,180.76648,177.43124,30.76648,27.431240000000003,3.335239999999999,179.09886
97,53,149,168.17278,171.1737,19.17277999999999,22.173699999999997,3.000920000000008,169.67324
97,54,148,188.37352,164.8384,40.37352000000001,16.838400000000007,23.535120000000006,176.60596
97,55,147,173.12428,172.28368,26.12428,25.283680000000004,0.8405999999999949,172.70398
97,56,146,158.44379,140.85318,12.443790000000009,5.146819999999991,17.590609999999998,149.648485
97,57,145,175.40916,168.469,30.409160000000018,23.46899999999999,6.94016000000002,171.93908
97,58,144,211.25034,171.85735,67.25034,27.857349999999997,39.39299,191.553845
97,59,143,174.31541,142.04584,31.315410000000018,0.9541600000000016,32.269570000000016,158.18062500000002
97,60,142,188.18669,168.93642,46.18669,26.93642,19.25027,178.561555
97,61,141,170.98979,163.75789,29.98979,22.757890000000003,7.231899999999996,167.37384
97,62,140,167.82898,156.57567,27.82898,16.575670000000002,11.25331,162.202325
97,63,139,173.15424,168.63,34.15423999999999,29.629999999999995,4.524239999999992,170.89211999999998
97,64,138,161.88101,152.36569,23.881010000000003,14.36569,9.515320000000004,157.12335000000002
97,65,137,179.30574,166.94098,42.305739999999986,29.940979999999996,12.36475999999999,173.12336
97,66,136,175.74289,176.65181,39.74288999999999,40.65181000000001,0.9089200000000232,176.19735
97,67,135,179.28023,163.97081,44.28022999999999,28.97081,15.309419999999989,171.62552
97,68,134,156.85443,152.12459,22.854430000000008,18.124590000000012,4.729839999999996,154.48951
97,69,133,163.25578,148.95232,30.255779999999987,15.952319999999986,14.30346,156.10404999999997
97,70,132,159.38591,155.30113,27.385909999999996,23.30113,4.084779999999995,157.34352
97,71,131,163.4853,163.4612,32.485299999999995,32.46119999999999,0.0241000000000042,163.47325
97,72,130,170.89964,157.5458,40.899640000000005,27.545800000000018,13.353839999999993,164.22272
97,73,129,159.64885,147.76889,30.64885000000001,18.76889,11.879960000000011,153.70887
97,74,128,173.46361,159.80168,45.46360999999999,31.801680000000005,13.661929999999984,166.632645
97,75,127,179.38634,171.8496,52.38633999999999,44.84960000000001,7.5367399999999805,175.61797
97,76,126,164.19458,147.52359,38.19458,21.523590000000013,16.67098999999999,155.859085
97,77,125,172.85214,162.2219,47.85213999999999,37.221900000000005,10.630239999999986,167.53701999999998
97,78,124,153.43036,147.18077,29.430360000000007,23.180769999999995,6.249590000000012,150.305565
97,79,123,162.24768,152.16087,39.24768,29.16086999999999,10.086810000000014,157.204275
97,80,122,161.93393,136.80894,39.93393,14.808940000000009,25.124989999999997,149.37143500000002
97,81,121,154.16942,141.0337,33.16942,20.03370000000001,13.135719999999992,147.60156
97,82,120,159.74261,160.38048,39.74261000000001,40.380480000000006,0.6378699999999924,160.06154500000002
97,83,119,170.45885,165.02885,51.45885000000001,46.028850000000006,5.430000000000007,167.74385
97,84,118,166.79483,162.61357,48.79482999999999,44.61357000000001,4.18125999999998,164.7042
97,85,117,161.97282,153.17513,44.97282000000001,36.17513,8.797690000000017,157.57397500000002
97,86,116,138.08882,134.13734,22.08882,18.137339999999995,3.951480000000004,136.11308
97,87,115,187.37619,175.53978,72.37619000000001,60.53978000000001,11.83641,181.457985
97,88,114,181.04704,148.60338,67.04704000000001,34.60337999999999,32.44366000000002,164.82521
97,89,113,178.87965,182.04123,65.87965,69.04123000000001,3.161580000000015,180.46044
97,90,112,152.709,149.39684,40.709,37.39684,3.3121600000000058,151.05292
97,91,111,164.57613,151.38493,53.576130000000006,40.38493,13.19120000000001,157.98053
97,92,110,163.49428,166.22005,53.49428,56.220049999999986,2.725769999999983,164.857165
97,93,109,163.01144,164.89836,54.01143999999999,55.89836,1.8869200000000037,163.9549
97,94,108,150.45122,140.84618,42.451220000000006,32.846180000000004,9.605040000000002,145.64870000000002
97,95,107,165.25006,151.29472,58.25005999999999,44.29472000000001,13.955339999999978,158.27239
97,96,106,156.70285,160.73795,50.70285000000001,54.73795000000001,4.0351,158.7204
97,97,105,159.33908,155.71732,54.33908,50.71732,3.621759999999995,157.5282
97,98,104,145.49248,149.36934,41.49248,45.369339999999994,3.8768599999999935,147.43090999999998
97,99,103,174.61388,156.05946,71.61388,53.05946,18.554419999999993,165.33667
97,100,102,152.36609,156.53954,50.366090000000014,54.53953999999999,4.173449999999974,154.452815
97,101,101,154.05853,151.61488,53.05852999999999,50.61488,2.443649999999991,152.836705
97,102,100,151.97383,152.97108,51.97382999999999,52.97108,0.9972500000000082,152.472455
97,103,99,152.07115,155.99995,53.07114999999999,56.99995000000001,3.928800000000024,154.03555
97,104,98,140.49672,136.35712,42.49672000000001,38.35712000000001,4.1396000000000015,138.42692
97,105,97,143.95818,137.04195,46.95818,40.041950000000014,6.916229999999985,140.500065
97,106,96,142.71909,146.13379,46.719089999999994,50.133790000000005,3.4147000000000105,144.42644
97,107,95,152.26756,156.19539,57.26756,61.19539,3.92783,154.231475
97,108,94,135.64919,135.28578,41.64919,41.28577999999999,0.363410000000016,135.467485
97,109,93,149.9986,154.93533,56.99860000000001,61.93532999999999,4.936729999999983,152.46696500000002
97,110,92,137.96602,141.39815,45.966019999999986,49.39814999999999,3.432130000000001,139.68208499999997
97,111,91,149.87419,138.79521,58.87419,47.79521,11.07898,144.3347
97,112,90,149.40315,154.39983,59.40315000000001,64.39983000000001,4.996679999999998,151.90149000000002
97,113,89,131.50621,138.44225,42.50621000000001,49.44225,6.936039999999991,134.97423
97,114,88,135.41763,134.78415,47.41763,46.78415000000001,0.6334799999999916,135.10089
97,115,87,143.67699,134.50648,56.67698999999999,47.50648000000001,9.17050999999998,139.091735
97,116,86,143.59024,143.98854,57.590239999999994,57.98854,0.3983000000000061,143.78939
97,117,85,129.07661,139.52806,44.07660999999999,54.52806000000001,10.451450000000024,134.302335
97,118,84,116.06421,116.94433,32.06421,32.944329999999994,0.8801199999999909,116.50427
97,119,83,132.11823,128.73074,49.11823000000001,45.73074,3.387490000000014,130.424485
97,120,82,123.265686,117.77062,41.265686,35.770619999999994,5.495066000000008,120.518153
97,121,81,133.79688,144.83943,52.79687999999999,63.83942999999999,11.042550000000006,139.318155
97,122,80,128.49313,129.19234,48.49313000000001,49.19234,0.6992099999999937,128.842735
97,123,79,112.92018,118.77996,33.92018,39.77996,5.859780000000001,115.85007
97,124,78,141.55699,144.15688,63.55699000000001,66.15688,2.599889999999988,142.85693500000002
97,125,77,135.11382,140.45332,58.11382,63.45331999999999,5.339499999999987,137.78357
97,126,76,127.47823,117.528496,51.47823,41.528496,9.949733999999992,122.503363
97,127,75,121.501434,116.22042,46.501434,41.22042,5.281013999999999,118.860927
97,128,74,104.82033,114.72239,30.82033,40.72239,9.902060000000006,109.77136
97,129,73,128.55118,133.892,55.55117999999999,60.892,5.340820000000008,131.22159
97,130,72,102.11784,103.240326,30.11784,31.240325999999996,1.122485999999995,102.679083
97,131,71,126.34062,130.58824,55.34062,59.58824000000001,4.247620000000012,128.46443
97,132,70,120.70099,114.33479,50.70099,44.33479,6.366200000000006,117.51789
97,133,69,109.97318,110.76467,40.97318,41.764669999999995,0.791489999999996,110.368925
97,134,68,135.5945,142.83385,67.59450000000001,74.83385000000001,7.239350000000002,139.214175
97,135,67,103.319916,98.87983,36.319916000000006,31.87983,4.440086000000008,101.099873
97,136,66,109.92452,103.67154,43.92452,37.67153999999999,6.252980000000008,106.79803
97,137,65,105.05464,113.48586,40.054640000000006,48.48586,8.431219999999996,109.27025
97,138,64,107.0071,88.01554,43.007099999999994,24.01554,18.991559999999993,97.51132
97,139,63,111.72297,110.69645,48.72297,47.69645,1.026520000000005,111.20971
97,140,62,93.206635,80.34084,31.20663500000001,18.34084,12.865795000000006,86.77373750000001
97,141,61,112.18733,87.46152,51.18733,26.461519999999993,24.72581000000001,99.824425
97,142,60,105.07533,94.89094,45.075329999999994,34.89094,10.184389999999992,99.983135
97,143,59,91.53007,81.53953,32.530069999999995,22.53953,9.990539999999996,86.53479999999999
97,144,58,83.73614,80.44893,25.73614000000001,22.448930000000004,3.2872100000000017,82.092535
97,145,57,85.627846,100.02636,28.627846000000005,43.02636,14.398513999999992,92.827103
97,146,56,87.60828,68.81176,31.608279999999993,12.811760000000008,18.796519999999987,78.21002
97,147,55,100.6575,82.81112,45.6575,27.811120000000003,17.846379999999996,91.73431
97,148,54,65.24548,94.34373,11.24548,40.343729999999994,29.098249999999993,79.79460499999999
97,149,53,84.79584,85.72071,31.79584,32.72071,0.9248699999999984,85.258275
97,150,52,74.52579,99.93381,22.52579,47.933809999999994,25.408019999999993,87.2298
97,151,51,66.77121,81.43901,15.771209999999996,30.439009999999996,14.6678,74.10511
97,152,50,80.42004,81.203804,30.42004,31.203804000000005,0.783764000000005,80.81192200000001
97,153,49,83.63024,57.886578,34.63024,8.886578,25.743662,70.758409
97,154,48,70.29649,65.28409,22.29649000000001,17.284090000000006,5.0123999999999995,67.79029
97,155,47,69.790855,78.47692,22.790854999999993,31.476920000000007,8.686065000000013,74.1338875
97,156,46,73.04572,75.10652,27.045720000000003,29.106520000000003,2.0608000000000004,74.07612
97,157,45,66.33455,67.61165,21.334549999999993,22.611649999999997,1.2771000000000043,66.97309999999999
97,158,44,52.570263,97.12104,8.570262999999997,53.121039999999994,44.550777,74.8456515
97,159,43,57.08044,56.831367,14.080440000000005,13.831367,0.2490730000000027,56.955903500000005
97,160,42,46.907234,44.27104,4.9072340000000025,2.2710399999999993,2.6361940000000033,45.589137
97,161,41,61.80231,43.632915,20.80231,2.632914999999997,18.169395,52.7176125
97,162,40,42.384754,71.4475,2.384754000000001,31.447500000000005,29.062746000000004,56.916127
97,163,39,53.98514,75.213,14.98514,36.212999999999994,21.227859999999993,64.59907
97,164,38,31.614563,45.412193,6.385437,7.412193000000002,13.797630000000002,38.513378
97,165,37,41.526093,36.572266,4.526093000000003,0.4277340000000009,4.953827000000004,39.0491795
97,166,36,48.269264,49.76835,12.269264,13.768349999999998,1.4990859999999984,49.018806999999995
97,167,35,42.892967,60.777977,7.892966999999999,25.777977,17.88501,51.835472
97,168,34,31.402231,40.696327,2.5977689999999996,6.696326999999997,9.294095999999996,36.049279
97,169,33,46.83532,41.19149,13.835320000000005,8.191490000000002,5.643830000000001,44.013405000000006
97,170,32,34.961647,49.30168,2.9616469999999993,17.301679999999998,14.340032999999998,42.1316635
97,171,31,39.320843,42.394783,8.320843000000004,11.394782999999997,3.0739399999999932,40.857813
97,172,30,33.51385,29.225597,3.513849999999998,0.7744029999999995,4.288252999999997,31.3697235
97,173,29,36.672054,35.655235,7.672054000000003,6.655234999999998,1.0168190000000052,36.1636445
97,174,28,29.130356,32.345192,1.130355999999999,4.345191999999997,3.2148359999999983,30.737774
97,175,27,33.698345,42.749207,6.698345000000003,15.749206999999998,9.050861999999997,38.223776
97,176,26,33.960155,26.151968,7.960155,0.1519680000000001,7.808187,30.0560615
97,177,25,24.064117,30.152084,0.9358830000000004,5.1520839999999986,6.087966999999999,27.1081005
97,178,24,14.885708,20.737776,9.114292,3.262224,5.852068000000001,17.811742
97,179,23,23.705917,26.766842,0.7059169999999995,3.766842000000001,3.060925000000001,25.2363795
97,180,22,17.20195,17.00862,4.79805,4.9913799999999995,0.1933299999999995,17.105285000000002
97,181,21,19.26746,26.79983,1.7325400000000002,5.79983,7.53237,23.033645
97,182,20,17.190681,25.90713,2.8093189999999986,5.907129999999999,8.716448999999997,21.5489055
97,183,19,23.281002,17.84142,4.281002000000001,1.1585800000000006,5.4395820000000015,20.561211
97,184,18,26.143608,20.496902,8.143608,2.496901999999998,5.646706000000002,23.320255
97,185,17,15.640947,28.51559,1.3590529999999994,11.51559,12.874643,22.0782685
97,186,16,17.773903,12.858488,1.773903000000001,3.1415120000000005,4.915415000000001,15.3161955
97,187,15,15.325125,12.596342,0.3251249999999999,2.403658,2.728783,13.9607335
97,188,14,12.900175,14.788073,1.0998249999999992,0.7880730000000007,1.887898,13.844124
97,189,13,11.722398,9.188249,1.277602,3.8117509999999992,2.5341489999999993,10.4553235
97,190,12,12.812599,13.245447,0.8125990000000005,1.2454470000000004,0.4328479999999999,13.029023
97,191,11,8.670403,5.672731,2.3295969999999997,5.327269,2.997672000000001,7.171567
97,192,10,11.16229,11.069162,1.1622900000000005,1.0691620000000004,0.0931280000000001,11.115726
97,193,9,12.95872,12.002723,3.95872,3.0027229999999996,0.955997,12.4807215
97,194,8,10.158047,9.613279,2.158047,1.6132790000000004,0.5447679999999995,9.885663
97,195,7,10.196341,6.3356767,3.1963410000000003,0.6643233000000004,3.8606643000000007,8.26600885
97,196,6,8.993802,7.4339275,2.9938020000000005,1.4339275000000002,1.5598745000000005,8.21386475
97,197,5,10.1684265,2.5598881,5.168426500000001,2.4401119,7.6085384,6.3641573000000005
97,198,4,10.716465,4.2782903,6.7164649999999995,0.2782903000000001,6.438174699999999,7.49737765
97,199,3,8.915694,1.523238,5.915694,1.476762,7.392456,5.219466000000001
97,200,2,8.251966,2.1006238,6.2519659999999995,0.1006238000000001,6.151342199999999,5.1762949
97,201,1,7.653057,0.09941214,6.653057,0.90058786,7.55364486,3.87623457
97,202,0,7.731119,0.76728904,7.731119,0.76728904,6.96382996,4.24920402
98,1,155,149.77406,143.1252,5.2259400000000085,11.874799999999992,6.648859999999985,146.44963
98,2,154,140.61192,127.27888,13.388080000000002,26.72112,13.333039999999995,133.9454
98,3,153,171.0865,175.648,18.0865,22.647999999999996,4.561499999999995,173.36725
98,4,152,159.41945,157.76604,7.419450000000012,5.766040000000004,1.653410000000008,158.592745
98,5,151,163.16136,154.4796,12.161360000000002,3.479600000000005,8.681759999999997,158.82048
98,6,150,171.98875,163.86769,21.98875000000001,13.86769000000001,8.12106,167.92822
98,7,149,150.80989,138.3491,1.809889999999996,10.650900000000007,12.460790000000005,144.579495
98,8,148,157.10281,146.67238,9.102810000000003,1.327619999999996,10.43043,151.887595
98,9,147,168.26796,173.5973,21.267959999999988,26.59729999999999,5.329340000000002,170.93263
98,10,146,147.73354,130.79803,1.733540000000005,15.201969999999989,16.935509999999994,139.265785
98,11,145,149.29836,151.23148,4.298360000000002,6.231480000000005,1.9331200000000024,150.26492000000002
98,12,144,161.29225,147.76668,17.292249999999996,3.766680000000008,13.525569999999988,154.52946500000002
98,13,143,167.57652,152.73001,24.576519999999988,9.730009999999991,14.846509999999997,160.15326499999998
98,14,142,148.38437,129.9816,6.38436999999999,12.018400000000014,18.402770000000004,139.18298499999997
98,15,141,165.23593,169.99547,24.235929999999996,28.99547000000001,4.759540000000015,167.6157
98,16,140,160.38254,158.76361,20.38254000000001,18.76361,1.618930000000006,159.57307500000002
98,17,139,158.40451,151.69008,19.404509999999988,12.690079999999996,6.714429999999993,155.047295
98,18,138,161.77043,144.0992,23.770430000000005,6.099199999999996,17.67123000000001,152.934815
98,19,137,160.7824,149.57338,23.782399999999996,12.573379999999986,11.20902000000001,155.17789
98,20,136,154.1607,153.07143,18.16069999999999,17.071429999999992,1.089269999999999,153.616065
98,21,135,189.29768,187.72673,54.297680000000014,52.72673,1.5709500000000105,188.512205
98,22,134,161.31941,160.631,27.319410000000005,26.631,0.6884100000000046,160.97520500000002
98,23,133,147.78018,151.16895,14.78018,18.168949999999995,3.388769999999994,149.47456499999998
98,24,132,134.25401,141.37398,2.254009999999994,9.373979999999989,7.119969999999995,137.81399499999998
98,25,131,136.6415,139.54753,5.641500000000008,8.547529999999995,2.906029999999987,138.094515
98,26,130,142.11348,141.8842,12.11348000000001,11.884199999999993,0.229280000000017,141.99884
98,27,129,179.88826,175.26122,50.88826,46.26122000000001,4.627039999999994,177.57474000000002
98,28,128,160.80623,147.11855,32.80623,19.11855,13.68768,153.96239
98,29,127,150.18925,159.59315,23.189249999999987,32.59315000000001,9.40390000000002,154.8912
98,30,126,154.5855,143.95195,28.585499999999996,17.95195000000001,10.633549999999984,149.26872500000002
98,31,125,163.13408,162.82603,38.13408000000001,37.82603,0.3080500000000086,162.980055
98,32,124,163.4795,161.25859,39.4795,37.25859,2.2209100000000035,162.369045
98,33,123,158.83125,160.01823,35.83125000000001,37.01822999999999,1.186979999999977,159.42474
98,34,122,154.01537,146.58685,32.01536999999999,24.58685,7.428519999999992,150.30111
98,35,121,159.62646,155.65504,38.62646000000001,34.655040000000014,3.971419999999995,157.64075000000005
98,36,120,154.61858,150.37077,34.61858000000001,30.370769999999993,4.247810000000015,152.494675
98,37,119,147.39119,155.88965,28.391189999999995,36.88964999999999,8.498459999999994,151.64042
98,38,118,155.29913,135.91362,37.29912999999999,17.91362000000001,19.385509999999982,145.606375
98,39,117,159.38138,148.55568,42.38138000000001,31.555679999999995,10.825700000000012,153.96853
98,40,116,125.482056,128.1141,9.482056,12.114100000000008,2.6320440000000076,126.798078
98,41,115,174.737,176.54657,59.736999999999995,61.54657,1.809570000000008,175.641785
98,42,114,147.3051,142.59032,33.30510000000001,28.59031999999999,4.714780000000019,144.94771
98,43,113,131.4255,137.52394,18.4255,24.52394000000001,6.098440000000011,134.47472
98,44,112,154.7109,153.22673,42.71090000000001,41.22673,1.484170000000006,153.968815
98,45,111,146.1922,144.9606,35.192200000000014,33.9606,1.2316000000000145,145.5764
98,46,110,132.57672,137.89578,22.576719999999995,27.89578,5.3190600000000074,135.23624999999998
98,47,109,153.7397,142.62619,44.7397,33.62619000000001,11.113509999999993,148.18294500000002
98,48,108,146.05278,138.42029,38.05278000000001,30.42028999999999,7.632490000000018,142.236535
98,49,107,158.19322,158.4132,51.19322,51.41319999999999,0.2199799999999925,158.30320999999998
98,50,106,150.7705,123.016205,44.7705,17.016205,27.754295,136.8933525
98,51,105,128.75816,143.3962,23.758160000000004,38.39619999999999,14.63803999999999,136.07718
98,52,104,142.74815,141.75804,38.74815000000001,37.758039999999994,0.9901100000000156,142.253095
98,53,103,133.92293,114.04338,30.922930000000008,11.04338,19.87955000000001,123.983155
98,54,102,136.94933,134.66048,34.94933,32.66048000000001,2.2888499999999965,135.80490500000002
98,55,101,151.45862,144.49437,50.45862,43.49437,6.964249999999993,147.976495
98,56,100,123.912964,124.61904,23.912964,24.61904,0.7060759999999959,124.266002
98,57,99,168.40952,162.25926,69.40951999999999,63.25926000000001,6.1502599999999745,165.33438999999998
98,58,98,162.53249,165.17549,64.53249,67.17549,2.6430000000000007,163.85399
98,59,97,166.72148,168.01782,69.72148000000001,71.01782,1.2963399999999865,167.36965
98,60,96,151.36407,147.30269,55.36407,51.30269000000001,4.061379999999986,149.33338
98,61,95,132.45036,137.32733,37.45035999999999,42.32732999999999,4.87697,134.888845
98,62,94,119.01084,130.1949,25.01084,36.19489999999999,11.184059999999988,124.60287
98,63,93,114.25706,120.05219,21.257059999999996,27.052189999999996,5.79513,117.154625
98,64,92,131.29712,137.30086,39.29712000000001,45.30086,6.003739999999993,134.29899
98,65,91,135.6206,147.16786,44.6206,56.16785999999999,11.547259999999994,141.39423
98,66,90,155.50499,148.0861,65.50498999999999,58.08609999999999,7.418890000000005,151.795545
98,67,89,134.38173,135.13771,45.381730000000005,46.13771,0.7559799999999939,134.75972000000002
98,68,88,144.5067,136.58186,56.506699999999995,48.581860000000006,7.924839999999989,140.54428
98,69,87,135.92325,131.02644,48.92325,44.02644000000001,4.896809999999988,133.47484500000002
98,70,86,129.73169,126.049,43.731689999999986,40.04900000000001,3.682689999999979,127.890345
98,71,85,139.24962,148.50786,54.24961999999999,63.507859999999994,9.25824,143.87874
98,72,84,137.13452,116.18598,53.13452000000001,32.18598,20.94854000000001,126.66025
98,73,83,119.85752,123.89429,36.857519999999994,40.89429,4.036770000000004,121.875905
98,74,82,134.20883,137.16359,52.208830000000006,55.16359,2.954759999999993,135.68621000000002
98,75,81,130.3835,126.30106,49.3835,45.30106000000001,4.082439999999991,128.34228000000002
98,76,80,162.04738,163.2376,82.04738,83.23759999999999,1.1902199999999823,162.64249
98,77,79,122.35203,117.79146,43.35203,38.79146,4.5605699999999985,120.071745
98,78,78,122.211266,128.52614,44.211265999999995,50.52614,6.314874000000003,125.368703
98,79,77,118.91427,126.417366,41.91427,49.417366,7.503095999999999,122.665818
98,80,76,132.81465,141.91624,56.81465,65.91623999999999,9.101589999999987,137.365445
98,81,75,113.58043,106.62965,38.58043000000001,31.62965,6.950780000000009,110.10504
98,82,74,126.17549,115.44022,52.17549,41.44022,10.73527,120.807855
98,83,73,124.236664,133.70058,51.236664000000005,60.70058,9.463915999999998,128.968622
98,84,72,142.20233,143.17818,70.20232999999999,71.17818,0.9758500000000084,142.69025499999998
98,85,71,124.939926,128.92467,53.939926,57.92466999999999,3.984743999999992,126.932298
98,86,70,106.72356,105.84004,36.723560000000006,35.84004,0.8835200000000043,106.2818
98,87,69,120.759125,127.282364,51.759125,58.282364,6.523239000000004,124.0207445
98,88,68,121.97726,131.00795,53.97726,63.007949999999994,9.030689999999993,126.492605
98,89,67,122.13516,134.45557,55.13516,67.45557,12.320409999999995,128.295365
98,90,66,134.41821,137.00891,68.41820999999999,71.00890999999999,2.5906999999999982,135.71355999999997
98,91,65,108.73782,94.53739,43.73782,29.53739,14.200429999999995,101.637605
98,92,64,103.34545,120.076675,39.34545,56.076674999999994,16.731224999999995,111.7110625
98,93,63,104.36831,96.13073,41.368309999999994,33.13073,8.237579999999994,100.24952
98,94,62,131.58247,105.90192,69.58247,43.90192,25.680549999999997,118.742195
98,95,61,97.76274,96.95563,36.762739999999994,35.95563,0.8071099999999944,97.359185
98,96,60,134.74211,136.88245,74.74211,76.88245,2.140340000000009,135.81228
98,97,59,121.35376,119.13982,62.353759999999994,60.13982,2.213939999999994,120.24679
98,98,58,119.418625,110.03277,61.418625000000006,52.03277,9.385855000000006,114.7256975
98,99,57,97.57091,93.04704,40.57091,36.04704,4.523870000000002,95.308975
98,100,56,126.112465,121.65815,70.112465,65.65815,4.454314999999994,123.8853075
98,101,55,100.46391,109.85078,45.46391,54.85078,9.386870000000002,105.157345
98,102,54,92.06825,94.42111,38.068250000000006,40.42111,2.3528599999999926,93.24468
98,103,53,112.72078,113.87498,59.720780000000005,60.874979999999994,1.1541999999999888,113.29788
98,104,52,126.10132,133.46628,74.10132,81.46628000000001,7.364960000000011,129.7838
98,105,51,96.976944,100.00373,45.976944,49.00373,3.0267860000000013,98.490337
98,106,50,95.94368,103.18413,45.94368,53.18413,7.240449999999996,99.563905
98,107,49,97.66325,108.726776,48.663250000000005,59.726776,11.063525999999996,103.195013
98,108,48,106.33344,114.44577,58.33344,66.44577,8.11233,110.389605
98,109,47,87.410965,88.06596,40.410965,41.06596,0.6549949999999995,87.7384625
98,110,46,106.35249,114.24484,60.35249,68.24484,7.892349999999993,110.298665
98,111,45,92.63322,118.5839,47.633219999999994,73.5839,25.95068000000001,105.60856
98,112,44,103.351944,95.332695,59.351944,51.332695,8.019249000000002,99.3423195
98,113,43,98.26326,137.14403,55.26326,94.14403,38.880769999999984,117.703645
98,114,42,97.752174,112.835396,55.752174,70.835396,15.083222000000006,105.293785
98,115,41,88.40929,113.02164,47.40929,72.02164,24.612350000000006,100.715465
98,116,40,110.99417,104.367226,70.99417,64.367226,6.626943999999995,107.680698
98,117,39,79.49036,88.065056,40.490359999999995,49.065056,8.574696000000003,83.77770799999999
98,118,38,86.06244,92.31472,48.062439999999995,54.314719999999994,6.252279999999999,89.18858
98,119,37,83.33231,77.34347,46.33231000000001,40.34347,5.98884000000001,80.33789
98,120,36,81.62366,106.88676,45.62366,70.88676,25.26309999999999,94.25521
98,121,35,66.563385,67.59409,31.563384999999997,32.594089999999994,1.0307049999999975,67.07873749999999
98,122,34,76.19624,80.42843,42.19624,46.428430000000006,4.232190000000003,78.312335
98,123,33,84.33958,98.31797,51.33958,65.31797,13.978390000000005,91.328775
98,124,32,80.519165,88.45207,48.519165,56.452070000000006,7.932905000000005,84.4856175
98,125,31,72.40152,83.59188,41.401520000000005,52.59188,11.190359999999998,77.9967
98,126,30,40.26323,51.088905,10.26323,21.088904999999997,10.825674999999997,45.6760675
98,127,29,49.18086,48.601776,20.180860000000003,19.601776,0.5790840000000017,48.891318
98,128,28,88.04029,81.83109,60.04029,53.83109,6.209199999999996,84.93569
98,129,27,74.5307,73.835556,47.5307,46.835556,0.6951439999999991,74.183128
98,130,26,25.014618,41.374,0.9853820000000012,15.374000000000002,16.359382000000004,33.194309000000004
98,131,25,54.246418,55.358166,29.246418,30.358165999999997,1.1117479999999986,54.802291999999994
98,132,24,92.113266,98.03646,68.113266,74.03646,5.923194000000009,95.074863
98,133,23,34.900833,46.708885,11.900833,23.708885,11.808052000000004,40.804859
98,134,22,44.025772,51.348118,22.025772000000003,29.348118,7.322345999999996,47.686945
98,135,21,42.65766,53.9983,21.65766,32.9983,11.34064,48.32798
98,136,20,23.74317,40.889366,3.743169999999999,20.889366000000003,17.146196000000003,32.316268
98,137,19,45.250362,50.269043,26.250362000000003,31.269043000000003,5.018681000000001,47.7597025
98,138,18,27.1963,45.017025,9.1963,27.017024999999997,17.820724999999996,36.1066625
98,139,17,32.69926,45.168915,15.699260000000002,28.168915,12.469654999999996,38.9340875
98,140,16,22.368103,27.904198,6.368103000000001,11.904198,5.5360949999999995,25.1361505
98,141,15,19.15147,34.548584,4.15147,19.548584,15.397113999999998,26.850026999999997
98,142,14,31.081665,33.726288,17.081665,19.726287999999997,2.6446229999999957,32.4039765
98,143,13,15.5152,24.27496,2.5152,11.27496,8.75976,19.89508
98,144,12,13.287347,26.045605,1.2873470000000005,14.045604999999998,12.758257999999998,19.666476
98,145,11,15.098,25.114746,4.098000000000001,14.114746,10.016746,20.106373
98,146,10,12.314795,23.840563,2.314795,13.840563,11.525768,18.077679
98,147,9,18.426785,18.168419,9.426785,9.168419,0.2583659999999987,18.297602
98,148,8,11.5856695,16.229204,3.5856695,8.229204,4.6435344999999995,13.90743675
98,149,7,18.621746,24.498905,11.621746000000002,17.498905,5.877158999999999,21.5603255
98,150,6,10.795126,17.215805,4.795126,11.215805,6.420679,14.0054655
98,151,5,8.006331,14.889076,3.0063309999999994,9.889076,6.882745,11.4477035
98,152,4,8.972354,14.92021,4.972353999999999,10.92021,5.947856000000002,11.946282
98,153,3,4.7480454,10.681756,1.7480453999999996,7.681756,5.9337106,7.714900699999999
98,154,2,5.4241457,12.707047,3.4241457000000004,10.707047,7.282901299999999,9.06559635
98,155,1,3.9461784,5.8847356,2.9461784,4.8847356,1.9385572,4.915457
98,156,0,15.4601345,13.515409,15.4601345,13.515409,1.9447255000000008,14.48777175
99,1,184,185.66629,168.35747,1.6662900000000036,15.642529999999994,17.308819999999997,177.01188000000002
99,2,183,172.99324,157.75679,10.006760000000014,25.243210000000005,15.23644999999999,165.375015
99,3,182,177.472,163.21257,4.527999999999992,18.78743,14.259430000000007,170.342285
99,4,181,171.68767,155.2234,9.312330000000005,25.7766,16.46427,163.455535
99,5,180,178.41481,169.18184,1.5851900000000114,10.818160000000006,9.232969999999996,173.79832499999998
99,6,179,189.11848,174.98058,10.118480000000003,4.019419999999997,14.137900000000002,182.04953
99,7,178,170.2959,144.67976,7.704100000000011,33.32024000000001,25.61614,157.48782999999997
99,8,177,161.83446,153.4091,15.165539999999991,23.590900000000005,8.425360000000012,157.62178
99,9,176,161.6241,155.00475,14.3759,20.99525,6.619349999999997,158.314425
99,10,175,170.23293,169.93774,4.76706999999999,5.062260000000009,0.2951900000000194,170.085335
99,11,174,155.59424,151.00511,18.405759999999987,22.99489,4.5891300000000115,153.299675
99,12,173,174.83263,178.55933,1.8326299999999949,5.559329999999989,3.726699999999994,176.69598
99,13,172,162.94896,167.67642,9.05104,4.323579999999993,4.727460000000008,165.31269
99,14,171,168.84319,154.99919,2.156810000000007,16.00081,13.843999999999994,161.92119
99,15,170,172.92569,142.92513,2.925690000000003,27.074870000000004,30.000560000000007,157.92541
99,16,169,140.20503,149.78519,28.794970000000006,19.21481,9.580160000000006,144.99511
99,17,168,189.66689,177.84021,21.666889999999995,9.840210000000011,11.826679999999982,183.75355
99,18,167,169.44977,167.55324,2.449770000000001,0.5532399999999882,1.8965300000000127,168.501505
99,19,166,168.10504,159.07564,2.1050400000000025,6.924360000000007,9.02940000000001,163.59034
99,20,165,173.24504,171.50096,8.245039999999989,6.500959999999992,1.7440799999999967,172.373
99,21,164,169.21492,168.93413,5.214920000000006,4.93413000000001,0.2807899999999961,169.074525
99,22,163,170.3748,169.94267,7.374799999999993,6.942669999999993,0.4321300000000008,170.15873499999998
99,23,162,161.78658,144.45482,0.2134200000000135,17.545179999999988,17.331759999999974,153.1207
99,24,161,186.33667,176.79926,25.33667,15.799260000000004,9.537409999999994,181.567965
99,25,160,158.98752,154.89534,1.0124800000000107,5.1046599999999955,4.092179999999985,156.94143
99,26,159,166.0759,165.79253,7.07589999999999,6.792529999999999,0.2833699999999908,165.934215
99,27,158,161.85039,162.57777,3.850390000000005,4.577769999999987,0.7273799999999824,162.21408
99,28,157,175.24704,168.39742,18.24704,11.397420000000013,6.849619999999987,171.82223
99,29,156,171.81416,158.8295,15.814159999999989,2.829499999999996,12.984659999999993,165.32182999999998
99,30,155,164.50513,158.15598,9.505130000000008,3.1559799999999996,6.349150000000009,161.330555
99,31,154,145.19936,152.68877,8.800639999999987,1.3112299999999948,7.489409999999992,148.94406500000002
99,32,153,154.35915,141.07082,1.3591499999999996,11.929180000000002,13.288330000000002,147.714985
99,33,152,157.40721,150.57289,5.407209999999992,1.427109999999999,6.834319999999991,153.99005
99,34,151,152.76472,141.32713,1.7647200000000112,9.672869999999987,11.43759,147.045925
99,35,150,151.13008,150.0706,1.1300799999999924,0.0706000000000131,1.059479999999979,150.60034000000002
99,36,149,171.86234,150.41924,22.86233999999999,1.419240000000002,21.443099999999987,161.14078999999998
99,37,148,166.6974,165.18138,18.697399999999988,17.18137999999999,1.5160199999999977,165.93939
99,38,147,166.80333,164.1238,19.80332999999999,17.12379999999999,2.6795299999999997,165.463565
99,39,146,164.74716,172.53041,18.747160000000008,26.53040999999999,7.783249999999981,168.63878499999998
99,40,145,168.44635,169.42552,23.446349999999995,24.42552000000001,0.9791700000000104,168.935935
99,41,144,161.67906,136.63689,17.679059999999993,7.363110000000006,25.04217,149.157975
99,42,143,162.01624,146.84802,19.01624000000001,3.848019999999991,15.16822000000002,154.43213
99,43,142,162.34319,150.42139,20.343189999999993,8.421390000000002,11.92179999999999,156.38229
99,44,141,163.48584,159.80635,22.485839999999996,18.80635000000001,3.679489999999987,161.646095
99,45,140,149.62206,149.53995,9.622060000000005,9.539950000000005,0.0821100000000001,149.581005
99,46,139,142.727,153.58269,3.727000000000004,14.582690000000014,10.85569000000001,148.15484500000002
99,47,138,162.6213,144.28026,24.62129999999999,6.280259999999998,18.341039999999992,153.45078
99,48,137,157.39784,160.33931,20.39784,23.33931000000001,2.9414700000000096,158.86857500000002
99,49,136,155.70442,153.65315,19.70442,17.65315000000001,2.051269999999988,154.678785
99,50,135,165.17665,139.92903,30.176649999999995,4.929030000000012,25.247619999999984,152.55284
99,51,134,170.5659,154.36821,36.5659,20.368210000000005,16.197689999999994,162.46705500000002
99,52,133,148.11131,150.24048,15.111310000000003,17.24047999999999,2.129169999999988,149.175895
99,53,132,153.03358,149.87425,21.03358,17.87424999999999,3.1593300000000113,151.453915
99,54,131,151.15565,143.06104,20.15565000000001,12.061039999999991,8.094610000000017,147.108345
99,55,130,174.01578,164.08954,44.01578000000001,34.08954,9.926240000000009,169.05266
99,56,129,147.2243,146.9016,18.2243,17.901600000000002,0.3226999999999975,147.06295
99,57,128,170.35326,159.46973,42.353260000000006,31.46973,10.883530000000007,164.911495
99,58,127,163.38399,151.96683,36.38399000000001,24.966829999999987,11.417160000000024,157.67541
99,59,126,147.89407,156.23436,21.89407,30.23436000000001,8.34029000000001,152.064215
99,60,125,160.47665,162.9665,35.47665000000001,37.9665,2.48984999999999,161.721575
99,61,124,169.53056,172.35231,45.53056000000001,48.35230999999999,2.82174999999998,170.941435
99,62,123,151.90813,142.59296,28.90813,19.592960000000005,9.315169999999997,147.250545
99,63,122,146.5844,145.45311,24.584399999999988,23.45311000000001,1.1312899999999786,146.018755
99,64,121,165.51326,157.22517,44.51326,36.22516999999999,8.288090000000011,161.369215
99,65,120,179.5359,165.81972,59.5359,45.81971999999999,13.716180000000008,172.67781
99,66,119,153.55658,139.81,34.55658,20.81,13.746579999999994,146.68329
99,67,118,158.41537,151.31044,40.41537,33.31044,7.104929999999996,154.862905
99,68,117,175.26213,154.70181,58.26213000000001,37.701809999999995,20.56032000000002,164.98197
99,69,116,153.89328,149.24037,37.89328,33.24037000000001,4.652909999999991,151.566825
99,70,115,158.27763,153.85565,43.27762999999999,38.85565,4.421979999999991,156.06664
99,71,114,166.15578,160.24652,52.15577999999999,46.24652,5.909259999999989,163.20114999999998
99,72,113,164.50357,161.6194,51.50357,48.61940000000001,2.8841699999999832,163.061485
99,73,112,146.5406,157.39706,34.54060000000001,45.39706000000001,10.856459999999998,151.96883000000005
99,74,111,166.14308,155.55223,55.14308,44.55223000000001,10.590849999999987,160.847655
99,75,110,164.73344,154.8084,54.73344,44.808400000000006,9.925039999999996,159.77092
99,76,109,152.39351,158.57768,43.39350999999999,49.57767999999999,6.184169999999995,155.485595
99,77,108,153.06053,152.01668,45.06053,44.01668000000001,1.043849999999992,152.53860500000002
99,78,107,148.79192,142.83022,41.791920000000005,35.83022,5.9617000000000075,145.81107
99,79,106,131.4634,137.91298,25.463400000000007,31.912980000000005,6.449579999999997,134.68819000000002
99,80,105,144.15344,145.06226,39.15343999999999,40.06226000000001,0.90882000000002,144.60784999999998
99,81,104,149.06392,155.26042,45.06392,51.26042000000001,6.1965000000000146,152.16217
99,82,103,157.09698,151.28014,54.09698,48.28013999999999,5.816840000000013,154.18856
99,83,102,154.23569,152.84648,52.235690000000005,50.846480000000014,1.3892099999999914,153.541085
99,84,101,138.04887,145.95503,37.048869999999994,44.955029999999994,7.90616,142.00195
99,85,100,99.59599,102.04591,0.4040099999999995,2.0459100000000063,2.449920000000006,100.82095
99,86,99,146.61406,153.79532,47.614059999999995,54.79532,7.181260000000009,150.20469
99,87,98,153.5269,156.75368,55.52690000000001,58.75368,3.226779999999991,155.14029
99,88,97,141.63564,146.43507,44.635639999999995,49.43507,4.799430000000001,144.03535499999998
99,89,96,148.98375,151.3607,52.983749999999986,55.36070000000001,2.376950000000022,150.172225
99,90,95,169.69125,159.26505,74.69125,64.26505,10.426199999999994,164.47815
99,91,94,154.536,161.27162,60.536,67.27162000000001,6.7356200000000115,157.90381000000002
99,92,93,139.97322,148.96028,46.97322,55.96028000000001,8.987060000000014,144.46675
99,93,92,144.07016,148.75807,52.07015999999999,56.75807,4.6879100000000165,146.41411499999998
99,94,91,149.05066,143.32971,58.05065999999999,52.329710000000006,5.720949999999988,146.190185
99,95,90,150.59822,155.60066,60.59822,65.60066,5.002440000000007,153.09944000000002
99,96,89,144.89531,145.2559,55.895309999999995,56.2559,0.3605900000000019,145.075605
99,97,88,140.99388,140.13171,52.99387999999999,52.13171,0.8621699999999919,140.562795
99,98,87,132.44798,140.91002,45.44798,53.91002,8.462040000000002,136.679
99,99,86,154.12785,142.2458,68.12785,56.2458,11.882049999999992,148.186825
99,100,85,128.88216,137.19266,43.88216,52.19265999999999,8.31049999999999,133.03741
99,101,84,106.31564,121.49889,22.31564,37.49889,15.18325,113.907265
99,102,83,132.60889,123.096756,49.60889,40.096756,9.512134000000003,127.852823
99,103,82,134.78467,131.69768,52.784670000000006,49.69767999999999,3.0869900000000143,133.241175
99,104,81,149.83311,129.9196,68.83311,48.9196,19.91351,139.876355
99,105,80,141.6811,130.43748,61.68109999999999,50.437479999999994,11.243619999999993,136.05928999999998
99,106,79,132.08765,124.86436,53.08765,45.864360000000005,7.223289999999992,128.476005
99,107,78,122.16648,113.55346,44.16648000000001,35.55346,8.613020000000006,117.85997
99,108,77,153.6465,143.51985,76.6465,66.51984999999999,10.126650000000012,148.58317499999998
99,109,76,127.76863,129.5382,51.76863,53.53819999999999,1.7695699999999874,128.653415
99,110,75,134.07506,133.6504,59.07506000000001,58.65039999999999,0.4246600000000171,133.86273
99,111,74,128.0492,117.482346,54.04920000000001,43.48234600000001,10.566854000000006,122.765773
99,112,73,125.9229,140.30115,52.9229,67.30115,14.378250000000008,133.11202500000002
99,113,72,116.92442,122.32192,44.92442,50.321920000000006,5.397500000000008,119.62317
99,114,71,106.03084,84.38523,35.03084,13.385230000000009,21.64560999999999,95.208035
99,115,70,116.73678,125.025795,46.73678,55.025795,8.289015000000006,120.8812875
99,116,69,117.34447,123.13906,48.34447,54.13906,5.7945899999999995,120.241765
99,117,68,146.61786,144.04128,78.61786000000001,76.04128,2.576580000000007,145.32957
99,118,67,153.94638,142.37883,86.94638,75.37883,11.567550000000011,148.162605
99,119,66,105.40149,114.67881,39.401489999999995,48.67881,9.277320000000003,110.04015
99,120,65,142.84415,135.516,77.84415000000001,70.51599999999999,7.328150000000022,139.180075
99,121,64,119.438286,123.68835,55.438286000000005,59.68835,4.250063999999995,121.563318
99,122,63,133.32019,149.01588,70.32019,86.01588000000001,15.695690000000011,141.168035
99,123,62,106.54044,109.84737,44.54044,47.84737,3.306929999999994,108.193905
99,124,61,127.404816,120.826294,66.404816,59.826294,6.578521999999992,124.115555
99,125,60,122.84337,112.395195,62.84336999999999,52.395195,10.448174999999992,117.6192825
99,126,59,120.09838,133.52182,61.098380000000006,74.52181999999999,13.423439999999983,126.8101
99,127,58,109.19244,120.27183,51.192440000000005,62.271829999999994,11.07938999999999,114.732135
99,128,57,127.43155,130.79544,70.43155,73.79544000000001,3.363890000000012,129.113495
99,129,56,104.156006,122.1478,48.156006000000005,66.1478,17.991794,113.151903
99,130,55,105.79319,104.96453,50.79319,49.96453,0.8286599999999993,105.37886
99,131,54,103.10298,109.24995,49.10298,55.24995,6.146969999999996,106.176465
99,132,53,108.214264,117.76031,55.214264,64.76031,9.546046000000004,112.987287
99,133,52,109.56002,99.954216,57.560019999999994,47.954216,9.605803999999992,104.757118
99,134,51,123.64212,114.764885,72.64212,63.76488500000001,8.877234999999999,119.2035025
99,135,50,94.16256,99.309685,44.16256,49.309685,5.147125000000003,96.7361225
99,136,49,112.834915,120.30194,63.834914999999995,71.30194,7.467025000000007,116.5684275
99,137,48,98.70203,105.75588,50.70202999999999,57.755880000000005,7.053850000000011,102.228955
99,138,47,107.77227,81.13724,60.772270000000006,34.137240000000006,26.63503,94.454755
99,139,46,101.947205,99.234245,55.947205,53.234245,2.7129599999999954,100.590725
99,140,45,89.33467,84.74291,44.33467,39.742909999999995,4.591760000000008,87.03879
99,141,44,79.616486,85.844505,35.616485999999995,41.844505,6.228019000000003,82.73049549999999
99,142,43,97.788635,94.43399,54.788635,51.433989999999994,3.354645000000005,96.1113125
99,143,42,99.14465,100.716385,57.14465,58.716385,1.571735000000004,99.9305175
99,144,41,90.52372,72.89382,49.52372,31.893820000000005,17.629899999999992,81.70877
99,145,40,47.387665,69.870476,7.387664999999998,29.870475999999996,22.482811,58.6290705
99,146,39,97.782974,95.44085,58.782974,56.44085,2.3421239999999983,96.611912
99,147,38,71.14173,63.155724,33.141729999999995,25.155724,7.986005999999996,67.148727
99,148,37,92.13209,92.085075,55.132090000000005,55.085075,0.0470150000000018,92.1085825
99,149,36,82.56972,85.44829,46.56972,49.44829,2.8785699999999963,84.009005
99,150,35,52.21817,74.19708,17.21817,39.19708,21.97891,63.207625
99,151,34,83.38608,80.60901,49.38608000000001,46.60901,2.777070000000009,81.997545
99,152,33,46.213432,53.356888,13.213431999999996,20.356888,7.1434560000000005,49.78516
99,153,32,61.621166,70.75918,29.621166,38.75918,9.138013999999998,66.190173
99,154,31,58.01157,68.938545,27.01157,37.938545000000005,10.926975000000006,63.475057500000005
99,155,30,54.0422,57.47632,24.0422,27.47632,3.43412,55.75926
99,156,29,37.883186,48.640694,8.883186000000002,19.640694000000003,10.757508,43.26194
99,157,28,55.09984,64.59042,27.09984,36.590419999999995,9.490579999999994,59.84513
99,158,27,42.54211,66.25917,15.54211,39.25917,23.717059999999996,54.40064
99,159,26,44.6788,50.40681,18.678800000000003,24.40681,5.728009999999998,47.542805
99,160,25,36.70733,54.946106,11.70733,29.946106,18.238776,45.826718
99,161,24,28.736626,34.530823,4.736626000000001,10.530822999999998,5.794196999999997,31.6337245
99,162,23,21.904316,32.360542,1.0956839999999983,9.360542000000002,10.456226,27.132429
99,163,22,19.285248,21.296837,2.7147520000000007,0.703163,2.0115890000000007,20.2910425
99,164,21,29.865992,35.239944,8.865991999999999,14.239944,5.373952000000003,32.552968
99,165,20,28.125744,42.268116,8.125744000000001,22.268116,14.142371999999998,35.19693
99,166,19,23.383106,30.778416,4.3831060000000015,11.778416,7.3953099999999985,27.080761000000003
99,167,18,23.186136,31.754751,5.186136000000001,13.754751,8.568614999999998,27.4704435
99,168,17,16.258423,21.818148,0.7415769999999995,4.818148000000001,5.559725,19.0382855
99,169,16,18.737843,31.45778,2.7378430000000016,15.45778,12.719936999999998,25.0978115
99,170,15,16.706465,21.480917,1.7064650000000017,6.480917000000002,4.774452,19.093691
99,171,14,18.504267,22.90104,4.504266999999999,8.901039999999998,4.396773,20.702653499999997
99,172,13,13.785847,25.883324,0.7858470000000004,12.883324000000002,12.097477,19.834585500000003
99,173,12,18.637693,19.872778,6.637692999999999,7.872778,1.2350850000000015,19.2552355
99,174,11,12.8526,17.35169,1.8526000000000007,6.351690000000001,4.499090000000001,15.102145
99,175,10,14.682096,14.633439,4.682096,4.633438999999999,0.0486570000000003,14.6577675
99,176,9,14.054327,12.596795,5.054327000000001,3.596795,1.4575320000000005,13.325561
99,177,8,13.340744,17.134739,5.340744000000001,9.134739,3.793994999999999,15.2377415
99,178,7,6.030255,10.433459,0.9697449999999996,3.433458999999999,4.403203999999999,8.231857
99,179,6,4.1269083,6.7767735,1.8730917,0.7767735,2.6498652,5.4518409000000005
99,180,5,14.039109,17.306137,9.039109,12.306137,3.267028,15.672623
99,181,4,2.3376915,6.7374535,1.6623085,2.7374535,4.399762,4.5375725
99,182,3,9.43521,4.874982,6.43521,1.874982,4.5602279999999995,7.155096
99,183,2,2.7979467,6.814103,0.7979466999999998,4.814103,4.0161563000000005,4.80602485
99,184,1,2.989222,5.280698,1.989222,4.280698,2.2914760000000003,4.1349599999999995
99,185,0,9.610018,10.555242,9.610018,10.555242,0.9452239999999996,10.08263
100,1,199,132.87746,118.87255,66.12253999999999,80.12745,14.00491000000001,125.87500500000002
100,2,198,145.77074,140.24786,52.22926000000001,57.75214,5.5228799999999865,143.0093
100,3,197,126.01534,122.542366,70.98466,74.457634,3.4729739999999936,124.278853
100,4,196,128.06174,133.58644,67.93826000000001,62.41355999999999,5.524700000000024,130.82409
100,5,195,141.85924,146.53415,53.14076,48.46584999999999,4.674910000000011,144.196695
100,6,194,157.11244,151.99681,36.88756000000001,42.00318999999999,5.115629999999982,154.554625
100,7,193,129.99403,132.00746,63.00596999999999,60.99253999999999,2.0134299999999996,131.000745
100,8,192,134.92256,140.60692,57.07744,51.39308,5.684359999999998,137.76474000000002
100,9,191,146.67293,146.41788,44.32706999999999,44.58212,0.2550500000000113,146.54540500000002
100,10,190,142.90836,145.32591,47.09164000000001,44.67409000000001,2.4175500000000056,144.117135
100,11,189,139.52725,139.71046,49.47274999999999,49.28953999999999,0.1832100000000025,139.618855
100,12,188,123.421745,136.00636,64.578255,51.99364,12.584615,129.7140525
100,13,187,128.33281,125.20525,58.667190000000005,61.79474999999999,3.1275599999999883,126.76903
100,14,186,135.4027,128.03542,50.59729999999999,57.96458000000001,7.367280000000022,131.71906
100,15,185,113.14741,120.4263,71.85259,64.5737,7.278890000000004,116.786855
100,16,184,150.88869,145.95943,33.11131,38.04057,4.929259999999999,148.42406
100,17,183,142.36214,151.527,40.63785999999999,31.473000000000013,9.164859999999976,146.94457
100,18,182,134.82492,142.01744,47.17508000000001,39.98256000000001,7.192520000000002,138.42118
100,19,181,139.17448,136.59315,41.82552000000001,44.40684999999999,2.58132999999998,137.883815
100,20,180,123.11098,130.68745,56.88902,49.31254999999999,7.576470000000015,126.899215
100,21,179,141.65335,130.97261,37.34665000000001,48.02739,10.680739999999986,136.31297999999998
100,22,178,119.52966,123.66421,58.47033999999999,54.33579,4.13454999999999,121.596935
100,23,177,135.95633,135.14635,41.04366999999999,41.85364999999999,0.8099799999999959,135.55134
100,24,176,156.98897,153.20616,19.011030000000005,22.79383999999999,3.782809999999984,155.097565
100,25,175,150.67833,142.26955,24.32167000000001,32.73044999999999,8.408779999999979,146.47394
100,26,174,140.58621,128.16963,33.413790000000006,45.83036999999999,12.416579999999982,134.37792000000002
100,27,173,138.13036,140.42033,34.869640000000004,32.57966999999999,2.289970000000011,139.27534500000002
100,28,172,133.45734,135.53917,38.54266000000001,36.46082999999999,2.081830000000025,134.498255
100,29,171,132.85583,138.87125,38.14417,32.12875,6.015420000000006,135.86354
100,30,170,139.99603,143.11145,30.00397000000001,26.88855000000001,3.1154200000000003,141.55374
100,31,169,126.10337,121.212234,42.89663,47.787766000000005,4.891136000000003,123.657802
100,32,168,130.2318,127.963524,37.76820000000001,40.03647599999999,2.268275999999986,129.097662
100,33,167,141.30995,141.98775,25.690050000000017,25.012249999999995,0.677800000000019,141.64884999999998
100,34,166,134.71304,129.07477,31.286959999999993,36.92523,5.638270000000006,131.89390500000002
100,35,165,137.53961,138.989,27.46038999999999,26.010999999999996,1.449389999999994,138.264305
100,36,164,132.61427,128.15399,31.385729999999995,35.84601000000001,4.460280000000012,130.38413
100,37,163,122.585785,124.64486,40.414215,38.355140000000006,2.059074999999993,123.6153225
100,38,162,138.29936,138.71175,23.700639999999993,23.288250000000005,0.4123899999999878,138.50555500000002
100,39,161,117.46944,132.4749,43.530559999999994,28.52510000000001,15.005459999999983,124.97217
100,40,160,123.20528,123.76111,36.79472,36.23889,0.5558300000000003,123.483195
100,41,159,140.18211,123.82195,18.81789000000001,35.17805,16.360159999999993,132.00203
100,42,158,156.02664,146.55202,1.9733600000000135,11.44798,9.474619999999987,151.28933
100,43,157,136.7804,113.76894,20.219600000000018,43.23106,23.011459999999985,125.27467
100,44,156,142.48425,135.6386,13.515749999999995,20.361400000000003,6.845650000000006,139.061425
100,45,155,118.792885,117.06049,36.207115,37.93951,1.7323949999999968,117.9266875
100,46,154,135.16699,143.01799,18.83301,10.982010000000002,7.850999999999999,139.09249
100,47,153,153.7082,155.96815,0.708200000000005,2.9681500000000085,2.2599500000000035,154.838175
100,48,152,138.96352,138.38518,13.036480000000012,13.614820000000009,0.5783399999999972,138.67435
100,49,151,147.0437,144.11848,3.956299999999999,6.881519999999995,2.925219999999996,145.58109000000002
100,50,150,132.4518,142.30414,17.54820000000001,7.69586000000001,9.852339999999998,137.37797
100,51,149,123.2393,139.38756,25.7607,9.612439999999992,16.148260000000008,131.31343
100,52,148,139.71251,147.67186,8.287489999999991,0.3281399999999905,7.959350000000001,143.692185
100,53,147,123.536514,124.53412,23.463486000000003,22.46588,0.9976060000000048,124.035317
100,54,146,136.00572,135.68304,9.994280000000003,10.316959999999996,0.3226799999999912,135.84438
100,55,145,139.448,137.69807,5.5519999999999925,7.301929999999999,1.7499300000000062,138.573035
100,56,144,128.97304,142.4078,15.026960000000004,1.5921999999999912,13.434760000000011,135.69042000000002
100,57,143,125.07552,129.4845,17.924480000000003,13.515500000000005,4.40898,127.28001
100,58,142,108.15053,111.78155,33.84947,30.218450000000004,3.631019999999992,109.96604
100,59,141,132.39925,136.88503,8.600750000000005,4.11497,4.485780000000005,134.64213999999998
100,60,140,120.363434,98.530426,19.636566,41.469573999999994,21.833007999999992,109.44693
100,61,139,117.61138,129.65352,21.388620000000003,9.346480000000014,12.04213999999999,123.63245
100,62,138,108.95277,112.944145,29.04723,25.05585499999999,3.991375000000005,110.9484575
100,63,137,99.27124,106.644135,37.728759999999994,30.35586499999999,7.372895,102.9576875
100,64,136,147.84007,154.28758,11.840069999999995,18.28757999999999,6.447509999999994,151.063825
100,65,135,132.29439,121.665985,2.705610000000007,13.334014999999994,10.628404999999988,126.9801875
100,66,134,119.530075,109.89853,14.469925000000003,24.10147000000001,9.631545000000004,114.7143025
100,67,133,116.92885,126.159035,16.071150000000003,6.840964999999997,9.230185000000006,121.5439425
100,68,132,112.10415,125.87262,19.895849999999996,6.127380000000002,13.768469999999994,118.988385
100,69,131,121.81741,132.87202,9.182590000000005,1.872019999999992,11.054609999999997,127.344715
100,70,130,119.80355,126.01728,10.19645,3.982720000000001,6.213729999999998,122.910415
100,71,129,131.82455,130.71771,2.824549999999988,1.717710000000011,1.106839999999977,131.27113
100,72,128,123.2769,129.40816,4.723100000000002,1.4081600000000094,6.131260000000012,126.34253
100,73,127,117.73183,127.507744,9.268169999999998,0.5077440000000024,9.775914,122.619787
100,74,126,138.81314,147.109,12.813140000000004,21.10900000000001,8.295860000000005,142.96107
100,75,125,130.29427,138.53032,5.294270000000012,13.530319999999987,8.236049999999977,134.412295
100,76,124,122.72641,126.62194,1.273589999999999,2.621939999999995,3.8955299999999937,124.674175
100,77,123,113.55192,127.8467,9.448080000000004,4.8466999999999985,14.294780000000005,120.69931
100,78,122,131.87596,143.72499,9.875959999999992,21.72498999999999,11.84903,137.800475
100,79,121,131.4662,119.2678,10.466199999999986,1.732200000000006,12.198399999999992,125.367
100,80,120,117.19845,135.15605,2.801550000000006,15.156049999999992,17.9576,126.17725
100,81,119,120.27573,120.092575,1.2757299999999958,1.0925749999999963,0.1831549999999993,120.1841525
100,82,118,115.88002,128.0497,2.119979999999998,10.0497,12.16968,121.96486
100,83,117,105.45256,107.227425,11.547439999999996,9.772575000000003,1.7748649999999913,106.3399925
100,84,116,112.842926,105.93511,3.1570739999999944,10.064890000000004,6.907816000000011,109.389018
100,85,115,122.98258,134.70694,7.982579999999999,19.706940000000003,11.724360000000004,128.84476
100,86,114,93.50522,84.96756,20.49478000000001,29.03243999999999,8.537659999999988,89.23639
100,87,113,112.81297,115.12986,0.1870299999999929,2.1298599999999936,2.3168899999999866,113.971415
100,88,112,102.66816,93.16889,9.33184,18.831109999999995,9.499269999999996,97.918525
100,89,111,112.962135,117.63708,1.9621350000000035,6.637079999999997,4.674944999999994,115.2996075
100,90,110,124.2481,125.95595,14.248099999999994,15.95595,1.7078500000000076,125.102025
100,91,109,110.875626,107.29478,1.875625999999997,1.705219999999997,3.580845999999994,109.085203
100,92,108,118.98459,122.568436,10.984589999999995,14.568436000000004,3.5838460000000083,120.776513
100,93,107,104.85666,102.06194,2.143339999999995,4.938059999999993,2.794719999999998,103.4593
100,94,106,120.419914,111.60992,14.419914000000006,5.6099200000000025,8.809994000000003,116.014917
100,95,105,109.09002,118.6642,4.0900199999999955,13.664199999999994,9.574179999999998,113.87711
100,96,104,93.46452,121.425835,10.535480000000009,17.425835000000006,27.961315000000013,107.4451775
100,97,103,106.42311,110.472664,3.423109999999994,7.472663999999995,4.0495540000000005,108.447887
100,98,102,93.136826,91.62534,8.863174,10.374660000000006,1.511486000000005,92.381083
100,99,101,118.41951,115.34301,17.419510000000002,14.343010000000008,3.076499999999996,116.88126
100,100,100,89.53403,113.573494,10.46597,13.573493999999997,24.039463999999995,101.553762
100,101,99,105.571625,114.49702,6.571624999999997,15.497020000000006,8.925395000000009,110.0343225
100,102,98,109.12271,111.580864,11.122709999999998,13.580864000000004,2.4581540000000075,110.351787
100,103,97,84.30826,107.9701,12.691739999999996,10.970100000000002,23.66184,96.13918
100,104,96,119.24928,129.24452,23.24928,33.244519999999994,9.995239999999995,124.2469
100,105,95,108.38994,110.02109,13.389939999999996,15.02109,1.6311500000000052,109.205515
100,106,94,119.51819,129.98155,25.518190000000004,35.98155,10.463359999999994,124.74987
100,107,93,113.8099,118.72553,20.8099,25.725530000000006,4.915630000000007,116.267715
100,108,92,112.5059,112.76031,20.505899999999997,20.760310000000004,0.2544100000000071,112.633105
100,109,91,116.948135,121.400475,25.948134999999994,30.400475,4.452340000000007,119.174305
100,110,90,98.51375,106.053856,8.513750000000002,16.053855999999996,7.540105999999994,102.283803
100,111,89,101.25853,97.78326,12.258529999999991,8.783259999999999,3.4752699999999948,99.520895
100,112,88,123.88852,125.3718,35.88852,37.37179999999999,1.4832799999999935,124.63016
100,113,87,86.26326,110.53194,0.7367399999999975,23.53194000000001,24.268680000000003,98.3976
100,114,86,105.1119,126.826195,19.11190000000001,40.826195,21.714294999999993,115.9690475
100,115,85,109.20993,108.35206,24.20993,23.35205999999999,0.8578700000000055,108.780995
100,116,84,100.25229,113.21128,16.252290000000002,29.21128,12.95899,106.731785
100,117,83,98.00285,105.80837,15.002849999999995,22.808369999999996,7.805520000000001,101.90561
100,118,82,105.115005,121.73972,23.115004999999996,39.739720000000005,16.62471500000001,113.4273625
100,119,81,81.34935,90.07274,0.3493500000000011,9.072739999999996,8.723389999999995,85.711045
100,120,80,101.876625,108.34321,21.876625000000004,28.34321,6.466584999999995,105.1099175
100,121,79,71.83157,81.63058,7.168430000000001,2.630579999999995,9.799009999999996,76.731075
100,122,78,96.60254,112.17242,18.602540000000005,34.17242,15.569879999999998,104.38748
100,123,77,116.336075,98.947975,39.336074999999994,21.947975,17.388099999999994,107.642025
100,124,76,92.190475,81.62707,16.190475000000006,5.627070000000003,10.563405000000005,86.9087725
100,125,75,75.573326,80.23018,0.5733259999999945,5.230180000000004,4.65685400000001,77.901753
100,126,74,82.65258,83.838005,8.65258,9.838004999999995,1.185424999999995,83.2452925
100,127,73,68.464935,76.964165,4.535065000000003,3.964164999999994,8.499229999999997,72.71455
100,128,72,81.44326,79.114975,9.443259999999997,7.114975000000001,2.328284999999994,80.2791175
100,129,71,102.79625,109.15644,31.79625,38.15644,6.360190000000003,105.976345
100,130,70,117.2141,124.49226,47.2141,54.49226,7.27816,120.85318
100,131,69,87.74907,76.18109,18.749070000000003,7.1810899999999975,11.567980000000006,81.96508
100,132,68,78.39439,72.989555,10.39439,4.989554999999996,5.404835000000006,75.69197249999999
100,133,67,80.96895,89.15484,13.968950000000008,22.154839999999993,8.185889999999986,85.06189499999999
100,134,66,87.62053,100.19452,21.62053,34.19452,12.573989999999997,93.907525
100,135,65,81.01616,82.2008,16.01616,17.2008,1.1846400000000017,81.60848
100,136,64,89.97514,78.939354,25.975139999999996,14.939353999999994,11.035786000000002,84.457247
100,137,63,95.61802,104.77677,32.61802,41.77677,9.158749999999998,100.197395
100,138,62,87.303314,93.61686,25.303314,31.616860000000003,6.313546000000002,90.460087
100,139,61,94.35195,88.226974,33.35195,27.226974,6.124976000000004,91.289462
100,140,60,85.06326,89.819595,25.06326,29.819595000000007,4.756335000000007,87.4414275
100,141,59,96.52446,101.5518,37.524460000000005,42.5518,5.027339999999995,99.03813
100,142,58,74.79667,89.92511,16.796670000000006,31.925110000000004,15.128439999999998,82.36089000000001
100,143,57,73.93601,79.54244,16.936009999999996,22.54244,5.606430000000003,76.739225
100,144,56,69.14723,78.38763,13.147229999999992,22.38763,9.240400000000008,73.76742999999999
100,145,55,64.12525,70.36645,9.125249999999994,15.36645,6.241200000000006,67.24584999999999
100,146,54,71.7009,67.03579,17.700900000000004,13.035790000000006,4.6651099999999985,69.368345
100,147,53,67.90864,68.48684,14.908640000000004,15.48684,0.5781999999999954,68.19774000000001
100,148,52,88.54577,86.97239,36.545770000000005,34.972390000000004,1.5733800000000002,87.75908000000001
100,149,51,35.8939,39.19481,15.106099999999998,11.805190000000003,3.3009099999999947,37.544355
100,150,50,77.57534,87.900505,27.575339999999997,37.900504999999995,10.325164999999998,82.7379225
100,151,49,74.05322,78.72145,25.053219999999996,29.721450000000004,4.668230000000008,76.38733500000001
100,152,48,57.01768,53.411583,9.01768,5.411583,3.6060969999999983,55.2146315
100,153,47,62.942436,72.40861,15.942436,25.408609999999996,9.466173999999995,67.675523
100,154,46,40.153545,54.39248,5.846454999999999,8.392479999999999,14.238934999999998,47.2730125
100,155,45,33.76017,44.198944,11.239829999999998,0.8010560000000027,10.438773999999995,38.979557
100,156,44,57.292187,61.307655,13.292186999999998,17.307654999999997,4.0154679999999985,59.299921
100,157,43,59.893044,54.918762,16.893044000000003,11.918762,4.974282000000002,57.405903
100,158,42,53.774498,47.16691,11.774498,5.1669100000000014,6.607588,50.470704
100,159,41,47.539776,51.118465,6.539776000000003,10.118465,3.578688999999997,49.3291205
100,160,40,37.739307,46.781208,2.2606930000000034,6.7812079999999995,9.041901000000005,42.260257499999994
100,161,39,52.957508,51.380737,13.957507999999995,12.380737000000003,1.5767709999999937,52.1691225
100,162,38,52.152225,60.509686,14.152225,22.509686,8.357461,56.3309555
100,163,37,38.208942,43.904396,1.2089420000000004,6.904395999999998,5.695453999999998,41.056669
100,164,36,38.909798,38.997604,2.909798000000002,2.9976040000000026,0.0878060000000005,38.953701
100,165,35,22.914995,37.296616,12.085005,2.296616,14.381621,30.1058055
100,166,34,29.027382,48.140976,4.972618000000001,14.140976000000002,19.113594000000003,38.584179
100,167,33,36.79715,39.707897,3.797150000000002,6.707897000000003,2.9107470000000006,38.2525235
100,168,32,16.536453,22.767292,15.463546999999998,9.232708,6.230839,19.651872500000003
100,169,31,26.697878,36.98539,4.302122000000001,5.985390000000002,10.287512000000005,31.841634
100,170,30,17.8933,26.863935,12.1067,3.1360649999999985,8.970635000000001,22.3786175
100,171,29,21.838598,28.177958,7.161401999999999,0.8220419999999997,6.339359999999999,25.008278
100,172,28,19.151176,27.90211,8.848824,0.0978899999999995,8.750934,23.526643
100,173,27,22.89935,28.59238,4.100650000000002,1.5923799999999986,5.69303,25.745865
100,174,26,21.003136,33.000183,4.996863999999999,7.000183,11.997046999999998,27.0016595
100,175,25,34.598324,37.58796,9.598323999999998,12.587960000000002,2.9896360000000044,36.093142
100,176,24,26.032036,36.561634,2.0320360000000015,12.561633999999998,10.529597999999996,31.296835
100,177,23,22.598831,28.898262,0.4011689999999994,5.898261999999999,6.2994309999999984,25.7485465
100,178,22,16.686577,32.320053,5.313423,10.320053,15.633476000000002,24.503315
100,179,21,15.369849,24.943066,5.630151,3.9430660000000017,9.573217,20.1564575
100,180,20,18.317478,26.751019,1.6825219999999987,6.751018999999999,8.433540999999998,22.5342485
100,181,19,22.08067,30.53926,3.080670000000002,11.53926,8.458589999999997,26.309965
100,182,18,15.518563,32.331745,2.4814369999999997,14.331744999999998,16.813181999999998,23.925154
100,183,17,8.547432,21.424232,8.452568,4.424232,12.8768,14.985832
100,184,16,14.557589,23.221882,1.442411,7.221882000000001,8.664293,18.8897355
100,185,15,20.234608,32.32004,5.2346080000000015,17.32004,12.085431999999996,26.277324
100,186,14,14.867227,23.364525,0.8672269999999997,9.364525,8.497298,19.115876
100,187,13,11.889078,21.010176,1.1109220000000004,8.010176000000001,9.121098000000002,16.449627
100,188,12,8.289466,16.035542,3.710534000000001,4.0355419999999995,7.746076,12.162503999999998
100,189,11,10.280959,18.37098,0.7190410000000007,7.370979999999999,8.090021,14.3259695
100,190,10,9.036049,18.077766,0.9639509999999998,8.077766,9.041717,13.5569075
100,191,9,7.2445297,9.318256,1.7554702999999998,0.3182559999999999,2.0737262999999997,8.28139285
100,192,8,11.854485,20.792213,3.854485,12.792213,8.937728,16.323349
100,193,7,8.407957,14.936987,1.4079569999999997,7.936987,6.5290300000000006,11.672472
100,194,6,9.19844,11.965416,3.1984399999999997,5.965415999999999,2.7669759999999997,10.581928
100,195,5,11.086291,7.095398,6.086290999999999,2.0953980000000003,3.990892999999999,9.0908445
100,196,4,5.763067,10.38784,1.7630670000000004,6.387840000000001,4.624773,8.0754535
100,197,3,10.305897,9.924178,7.305897,6.9241779999999995,0.3817190000000003,10.1150375
100,198,2,8.172182,10.744375,6.172181999999999,8.744375,2.5721930000000004,9.4582785
100,199,1,7.138646,10.470486,6.138646,9.470486,3.3318399999999997,8.804566
100,200,0,3.8829408,1.9359534,3.8829408,1.9359534,1.9469874,2.9094471
